ticker,date,close,rendement,volatilite
NVDA,1999-01-25,0.41509,0.0986216868138814,0.0986216868138814
NVDA,1999-01-26,0.382958,-0.08057004159515428,0.08057004159515428
NVDA,1999-01-27,0.382958,0.0,0.0
NVDA,1999-01-28,0.380673,-0.005984583705519996,0.005984583705519996
NVDA,1999-01-29,0.362383,-0.04923907531128714,0.04923907531128714
NVDA,1999-02-01,0.369277,0.018845376353603806,0.018845376353603806
NVDA,1999-02-02,0.341652,-0.07775436477612191,0.07775436477612191
NVDA,1999-02-03,0.348642,0.020252932602519046,0.020252932602519046
NVDA,1999-02-04,0.36692,0.05109823288518809,0.05109823288518809
NVDA,1999-02-05,0.378475,0.031006179856487695,0.031006179856487695
NVDA,1999-02-08,0.364653,-0.03720380403449198,0.03720380403449198
NVDA,1999-02-09,0.35092,-0.03838793920326739,0.03838793920326739
NVDA,1999-02-10,0.348642,-0.0065126695039162755,0.0065126695039162755
NVDA,1999-02-11,0.378475,0.0821044127416756,0.0821044127416756
NVDA,1999-02-12,0.399039,0.05290913597615446,0.05290913597615446
NVDA,1999-02-16,0.401366,0.005814572762975269,0.005814572762975269
NVDA,1999-02-17,0.380673,-0.05293299034951918,0.05293299034951918
NVDA,1999-02-18,0.385215,0.011860881088212587,0.011860881088212587
NVDA,1999-02-19,0.399039,0.03525753649833127,0.03525753649833127
NVDA,1999-02-22,0.401366,0.005814572762975269,0.005814572762975269
NVDA,1999-02-23,0.419733,0.04474506560262252,0.04474506560262252
NVDA,1999-02-24,0.454131,0.07876690783569533,0.07876690783569533
NVDA,1999-02-25,0.440286,-0.03096118692158615,0.03096118692158615
NVDA,1999-02-26,0.419733,-0.04780572091410916,0.04780572091410916
NVDA,1999-03-01,0.4219,0.005149524290598296,0.005149524290598296
NVDA,1999-03-02,0.417406,-0.010708949889980583,0.010708949889980583
NVDA,1999-03-03,0.389812,-0.068394797622743,0.068394797622743
NVDA,1999-03-04,0.380673,-0.023723832730016277,0.023723832730016277
NVDA,1999-03-05,0.401366,0.05293299034951923,0.05293299034951923
NVDA,1999-03-08,0.408209,0.016905568911296912,0.016905568911296912
NVDA,1999-03-09,0.4219,0.03298902098192399,0.03298902098192399
NVDA,1999-03-10,0.41509,-0.01627295494206551,0.01627295494206551
NVDA,1999-03-11,0.396771,-0.045136076125744266,0.045136076125744266
NVDA,1999-03-12,0.389812,-0.017694716444913775,0.017694716444913775
NVDA,1999-03-15,0.40596,0.04059006096304796,0.04059006096304796
NVDA,1999-03-16,0.392108,-0.03471732053203997,0.03471732053203997
NVDA,1999-03-17,0.394424,0.0058891607554772745,0.0058891607554772745
NVDA,1999-03-18,0.401366,0.017447256433017644,0.017447256433017644
NVDA,1999-03-19,0.401366,0.0,0.0
NVDA,1999-03-22,0.389812,-0.029209157619502848,0.029209157619502848
NVDA,1999-03-23,0.364653,-0.06671835515411882,0.06671835515411882
NVDA,1999-03-24,0.362383,-0.006244552887184617,0.006244552887184617
NVDA,1999-03-25,0.36692,0.012442177065188981,0.012442177065188981
NVDA,1999-03-26,0.401366,0.08972988859561724,0.08972988859561724
NVDA,1999-03-29,0.412802,0.028094329879784365,0.028094329879784365
NVDA,1999-03-30,0.378475,-0.086818038618914,0.086818038618914
NVDA,1999-03-31,0.403614,0.0643089551896157,0.0643089551896157
NVDA,1999-04-01,0.392108,-0.02892166363898082,0.02892166363898082
NVDA,1999-04-05,0.380673,-0.02959657316102436,0.02959657316102436
NVDA,1999-04-06,0.369277,-0.03039369895768329,0.03039369895768329
NVDA,1999-04-07,0.401366,0.08332668930720237,0.08332668930720237
NVDA,1999-04-08,0.408209,0.016905568911296912,0.016905568911296912
NVDA,1999-04-09,0.401366,-0.016905568911296895,0.016905568911296895
NVDA,1999-04-12,0.385215,-0.041072109261306555,0.041072109261306555
NVDA,1999-04-13,0.369277,-0.042254580045895815,0.042254580045895815
NVDA,1999-04-14,0.357761,-0.03168187423715037,0.03168187423715037
NVDA,1999-04-15,0.36692,0.025278674948735442,0.025278674948735442
NVDA,1999-04-16,0.380673,0.03679689824609827,0.03679689824609827
NVDA,1999-04-19,0.362383,-0.04923907531128714,0.04923907531128714
NVDA,1999-04-20,0.355414,-0.019418356397466148,0.019418356397466148
NVDA,1999-04-21,0.362383,0.01941835639746614,0.01941835639746614
NVDA,1999-04-22,0.346275,-0.0454684065151036,0.0454684065151036
NVDA,1999-04-23,0.330246,-0.047395425768415114,0.047395425768415114
NVDA,1999-04-26,0.311908,-0.05712955876137255,0.05712955876137255
NVDA,1999-04-27,0.346275,0.10452498452978756,0.10452498452978756
NVDA,1999-04-28,0.343949,-0.006739866492696916,0.006739866492696916
NVDA,1999-04-29,0.343949,0.0,0.0
NVDA,1999-04-30,0.348642,0.01355221718780142,0.01355221718780142
NVDA,1999-05-03,0.35092,0.006512669503916262,0.006512669503916262
NVDA,1999-05-04,0.332593,-0.053638757024696365,0.053638757024696365
NVDA,1999-05-05,0.339413,0.020298134718550787,0.020298134718550787
NVDA,1999-05-06,0.332593,-0.020298134718550825,0.020298134718550825
NVDA,1999-05-07,0.334858,0.006787041129789452,0.006787041129789452
NVDA,1999-05-10,0.334858,0.0,0.0
NVDA,1999-05-11,0.353266,0.053514752874976486,0.053514752874976486
NVDA,1999-05-12,0.362383,0.025480349336013154,0.025480349336013154
NVDA,1999-05-13,0.362383,0.0,0.0
NVDA,1999-05-14,0.343949,-0.052208273007800565,0.052208273007800565
NVDA,1999-05-17,0.360028,0.045688415634933664,0.045688415634933664
NVDA,1999-05-18,0.378475,0.04996821429454343,0.04996821429454343
NVDA,1999-05-19,0.360028,-0.04996821429454354,0.04996821429454354
NVDA,1999-05-20,0.332593,-0.07926228596791227,0.07926228596791227
NVDA,1999-05-21,0.325631,-0.02115468179396706,0.02115468179396706
NVDA,1999-05-24,0.323345,-0.007044973788930896,0.007044973788930896
NVDA,1999-05-25,0.325631,0.007044973788930804,0.007044973788930804
NVDA,1999-05-26,0.325631,0.0,0.0
NVDA,1999-05-27,0.323345,-0.007044973788930896,0.007044973788930896
NVDA,1999-05-28,0.325631,0.007044973788930804,0.007044973788930804
NVDA,1999-06-01,0.327928,0.0070292336511738555,0.0070292336511738555
NVDA,1999-06-02,0.314216,-0.04271342458870938,0.04271342458870938
NVDA,1999-06-03,0.323345,0.028639217148604616,0.028639217148604616
NVDA,1999-06-04,0.325631,0.007044973788930804,0.007044973788930804
NVDA,1999-06-07,0.330246,0.01407299285122762,0.01407299285122762
NVDA,1999-06-08,0.337257,0.021007419695353982,0.021007419695353982
NVDA,1999-06-09,0.343949,0.019648139580364096,0.019648139580364096
NVDA,1999-06-10,0.343949,0.0,0.0
NVDA,1999-06-11,0.337257,-0.01964813958036419,0.01964813958036419
NVDA,1999-06-14,0.325631,-0.03508041254658153,0.03508041254658153
NVDA,1999-06-15,0.325631,0.0,0.0
NVDA,1999-06-16,0.334858,0.02794172292375659,0.02794172292375659
NVDA,1999-06-17,0.325631,-0.027941722923756643,0.027941722923756643
NVDA,1999-06-18,0.311908,-0.04305656591014493,0.04305656591014493
NVDA,1999-06-21,0.330246,0.05712955876137251,0.05712955876137251
NVDA,1999-06-22,0.323345,-0.021117966640158504,0.021117966640158504
NVDA,1999-06-23,0.330246,0.02111796664015844,0.02111796664015844
NVDA,1999-06-24,0.323345,-0.021117966640158504,0.021117966640158504
NVDA,1999-06-25,0.327928,0.014074207440104835,0.014074207440104835
NVDA,1999-06-28,0.332593,0.014125448142793227,0.014125448142793227
NVDA,1999-06-29,0.334858,0.006787041129789452,0.006787041129789452
NVDA,1999-06-30,0.364653,0.08523965509817436,0.08523965509817436
NVDA,1999-07-01,0.346275,-0.051712959402288185,0.051712959402288185
NVDA,1999-07-02,0.371564,0.07048786682167736,0.07048786682167736
NVDA,1999-07-06,0.373859,0.0061575970997161025,0.0061575970997161025
NVDA,1999-07-07,0.364653,-0.024932504519105052,0.024932504519105052
NVDA,1999-07-08,0.373859,0.024932504519105118,0.024932504519105118
NVDA,1999-07-09,0.40596,0.08237591159806189,0.08237591159806189
NVDA,1999-07-12,0.424227,0.04401405674650394,0.04401405674650394
NVDA,1999-07-13,0.424227,0.0,0.0
NVDA,1999-07-14,0.408209,-0.03848939117875232,0.03848939117875232
NVDA,1999-07-15,0.410485,0.005560089272584759,0.005560089272584759
NVDA,1999-07-16,0.419733,0.022279407418740876,0.022279407418740876
NVDA,1999-07-19,0.408209,-0.027839496691325644,0.027839496691325644
NVDA,1999-07-20,0.401366,-0.016905568911296895,0.016905568911296895
NVDA,1999-07-21,0.389812,-0.029209157619502848,0.029209157619502848
NVDA,1999-07-22,0.371564,-0.04794344773472982,0.04794344773472982
NVDA,1999-07-23,0.371564,0.0,0.0
NVDA,1999-07-26,0.373859,0.0061575970997161025,0.0061575970997161025
NVDA,1999-07-27,0.373859,0.0,0.0
NVDA,1999-07-28,0.380673,0.018062017904997566,0.018062017904997566
NVDA,1999-07-29,0.382958,0.005984583705519945,0.005984583705519945
NVDA,1999-07-30,0.385215,0.00587629738269243,0.00587629738269243
NVDA,1999-08-02,0.387534,0.006001966904021416,0.006001966904021416
NVDA,1999-08-03,0.378475,-0.023653566381844567,0.023653566381844567
NVDA,1999-08-04,0.378475,0.0,0.0
NVDA,1999-08-05,0.385215,0.017651599477823136,0.017651599477823136
NVDA,1999-08-06,0.385215,0.0,0.0
NVDA,1999-08-09,0.385215,0.0,0.0
NVDA,1999-08-10,0.392108,0.017735692072811882,0.017735692072811882
NVDA,1999-08-11,0.417406,0.06252205719173501,0.06252205719173501
NVDA,1999-08-12,0.43807,0.04831934571829957,0.04831934571829957
NVDA,1999-08-13,0.433555,-0.010360052506752523,0.010360052506752523
NVDA,1999-08-16,0.417406,-0.037959293211546966,0.037959293211546966
NVDA,1999-08-17,0.417406,0.0,0.0
NVDA,1999-08-18,0.426566,0.021707733667609995,0.021707733667609995
NVDA,1999-08-19,0.518248,0.1946867892591791,0.1946867892591791
NVDA,1999-08-20,0.513755,-0.008707394043918956,0.008707394043918956
NVDA,1999-08-23,0.481535,-0.06476758001481497,0.06476758001481497
NVDA,1999-08-24,0.479269,-0.004716891689385024,0.004716891689385024
NVDA,1999-08-25,0.477052,-0.004636526797256774,0.004636526797256774
NVDA,1999-08-26,0.47008,-0.014722606636213234,0.014722606636213234
NVDA,1999-08-27,0.497685,0.0570644537870846,0.0570644537870846
NVDA,1999-08-30,0.495358,-0.00468661328714029,0.00468661328714029
NVDA,1999-08-31,0.536626,0.08002065655625056,0.08002065655625056
NVDA,1999-09-01,0.511458,-0.048035919458304925,0.048035919458304925
NVDA,1999-09-02,0.506763,-0.009222031904960555,0.009222031904960555
NVDA,1999-09-03,0.50916,0.004718870323791959,0.004718870323791959
NVDA,1999-09-07,0.506763,-0.004718870323791942,0.004718870323791942
NVDA,1999-09-08,0.506763,0.0,0.0
NVDA,1999-09-09,0.499872,-0.0136913730298436,0.0136913730298436
NVDA,1999-09-10,0.506763,0.013691373029843655,0.013691373029843655
NVDA,1999-09-13,0.490744,-0.032120831781023304,0.032120831781023304
NVDA,1999-09-14,0.474694,-0.03325222098185451,0.03325222098185451
NVDA,1999-09-15,0.479269,0.009591640503418585,0.009591640503418585
NVDA,1999-09-16,0.467783,-0.024257513245603598,0.024257513245603598
NVDA,1999-09-17,0.465536,-0.004815083248909669,0.004815083248909669
NVDA,1999-09-20,0.449515,-0.03502020615800556,0.03502020615800556
NVDA,1999-09-21,0.40596,-0.10191459118584614,0.10191459118584614
NVDA,1999-09-22,0.41509,0.02224073160761008,0.02224073160761008
NVDA,1999-09-23,0.380673,-0.0865546253006743,0.0865546253006743
NVDA,1999-09-24,0.346275,-0.09470748182639083,0.09470748182639083
NVDA,1999-09-27,0.36692,0.05791058358029249,0.05791058358029249
NVDA,1999-09-28,0.401366,0.08972988859561724,0.08972988859561724
NVDA,1999-09-29,0.369277,-0.08332668930720243,0.08332668930720243
NVDA,1999-09-30,0.36692,-0.006403199288414926,0.006403199288414926
NVDA,1999-10-01,0.364653,-0.006197624178004323,0.006197624178004323
NVDA,1999-10-04,0.373859,0.024932504519105118,0.024932504519105118
NVDA,1999-10-05,0.408209,0.08790057716581347,0.08790057716581347
NVDA,1999-10-06,0.458695,0.1166062030247352,0.1166062030247352
NVDA,1999-10-07,0.426566,-0.0726183982651818,0.0726183982651818
NVDA,1999-10-08,0.449515,0.05240212085854118,0.05240212085854118
NVDA,1999-10-11,0.43807,-0.02579050880785165,0.02579050880785165
NVDA,1999-10-12,0.431159,-0.015901783372486513,0.015901783372486513
NVDA,1999-10-13,0.419733,-0.026858136746430648,0.026858136746430648
NVDA,1999-10-14,0.410485,-0.022279407418740963,0.022279407418740963
NVDA,1999-10-15,0.408209,-0.005560089272584686,0.005560089272584686
NVDA,1999-10-18,0.387534,-0.051975711268581984,0.051975711268581984
NVDA,1999-10-19,0.371564,-0.042082462996947435,0.042082462996947435
NVDA,1999-10-20,0.385215,0.03608049609292605,0.03608049609292605
NVDA,1999-10-21,0.401366,0.04107210926130654,0.04107210926130654
NVDA,1999-10-22,0.412802,0.028094329879784365,0.028094329879784365
NVDA,1999-10-25,0.392108,-0.05143074706827913,0.05143074706827913
NVDA,1999-10-26,0.428861,0.08959554505306795,0.08959554505306795
NVDA,1999-10-27,0.410485,-0.04379346968069168,0.04379346968069168
NVDA,1999-10-28,0.392108,-0.04580207537237633,0.04580207537237633
NVDA,1999-10-29,0.4219,0.07323100708171548,0.07323100708171548
NVDA,1999-11-01,0.449515,0.0634009046361705,0.0634009046361705
NVDA,1999-11-02,0.477052,0.0594562758552622,0.0594562758552622
NVDA,1999-11-03,0.525142,0.09604320258828382,0.09604320258828382
NVDA,1999-11-04,0.557199,0.05925374500630622,0.05925374500630622
NVDA,1999-11-05,0.538924,-0.03334788810430248,0.03334788810430248
NVDA,1999-11-08,0.554904,0.029220566699898115,0.029220566699898115
NVDA,1999-11-09,0.548112,-0.0123154801845095,0.0123154801845095
NVDA,1999-11-10,0.541219,-0.01265564277775769,0.01265564277775769
NVDA,1999-11-11,0.58027,0.069669509612664,0.069669509612664
NVDA,1999-11-12,0.612431,0.05394277054951653,0.05394277054951653
NVDA,1999-11-15,0.598648,-0.022762503704799295,0.022762503704799295
NVDA,1999-11-16,0.72,0.1845774327030754,0.1845774327030754
NVDA,1999-11-17,0.681244,-0.055330673410881576,0.055330673410881576
NVDA,1999-11-18,0.683442,0.00322125661233078,0.00322125661233078
NVDA,1999-11-19,0.818773,0.18066508294640338,0.18066508294640338
NVDA,1999-11-22,0.818773,0.0,0.0
NVDA,1999-11-23,0.759145,-0.07561407816508686,0.07561407816508686
NVDA,1999-11-24,0.736175,-0.03072493778807977,0.03072493778807977
NVDA,1999-11-26,0.731582,-0.006258549599279159,0.006258549599279159
NVDA,1999-11-29,0.704016,-0.03840822943299852,0.03840822943299852
NVDA,1999-11-30,0.662667,-0.060528481606117256,0.060528481606117256
NVDA,1999-12-01,0.694827,0.0473902921491506,0.0473902921491506
NVDA,1999-12-02,0.747662,0.07328811047641728,0.07328811047641728
NVDA,1999-12-03,0.729285,-0.02488640208091627,0.02488640208091627
NVDA,1999-12-06,0.749958,0.027952602851254234,0.027952602851254234
NVDA,1999-12-07,0.72469,-0.03427322775556849,0.03427322775556849
NVDA,1999-12-08,0.756849,0.04341978473519952,0.04341978473519952
NVDA,1999-12-09,0.733879,-0.03081959705293021,0.03081959705293021
NVDA,1999-12-10,0.72469,-0.012600187682269412,0.012600187682269412
NVDA,1999-12-13,0.722491,-0.0030390140451326034,0.0030390140451326034
NVDA,1999-12-14,0.710908,-0.016161936948641854,0.016161936948641854
NVDA,1999-12-15,0.688036,-0.032701864067151046,0.032701864067151046
NVDA,1999-12-16,0.683442,-0.006699366934253488,0.006699366934253488
NVDA,1999-12-17,0.720097,0.05224412994654959,0.05224412994654959
NVDA,1999-12-20,0.779919,0.07980414297930646,0.07980414297930646
NVDA,1999-12-21,0.811881,0.04016370956038059,0.04016370956038059
NVDA,1999-12-22,0.832455,0.02502538864178509,0.02502538864178509
NVDA,1999-12-23,0.887485,0.06401245345871798,0.06401245345871798
NVDA,1999-12-27,0.853229,-0.03936364409284201,0.03936364409284201
NVDA,1999-12-28,0.850831,-0.0028144567478997104,0.0028144567478997104
NVDA,1999-12-29,0.878398,0.031886274928095204,0.031886274928095204
NVDA,1999-12-30,0.887485,0.010291825912646492,0.010291825912646492
NVDA,1999-12-31,0.896574,0.01018921306404095,0.01018921306404095
NVDA,2000-01-03,0.894376,-0.0024545644530090636,0.0024545644530090636
NVDA,2000-01-04,0.871506,-0.025903518791361803,0.025903518791361803
NVDA,2000-01-05,0.841744,-0.03474681960930818,0.03474681960930818
NVDA,2000-01-06,0.786713,-0.0676124240864578,0.0676124240864578
NVDA,2000-01-07,0.800395,0.017241849891310963,0.017241849891310963
NVDA,2000-01-10,0.825663,0.031081344142010536,0.031081344142010536
NVDA,2000-01-11,0.793504,-0.0397281190439751,0.0397281190439751
NVDA,2000-01-12,0.772929,-0.026271386477898753,0.026271386477898753
NVDA,2000-01-13,0.80499,0.04064266054751543,0.04064266054751543
NVDA,2000-01-14,0.839345,0.04179197077899492,0.04179197077899492
NVDA,2000-01-18,0.8761,0.042858413912166535,0.042858413912166535
NVDA,2000-01-19,0.866912,-0.010542767466490063,0.010542767466490063
NVDA,2000-01-20,0.864614,-0.0026543076444525532,0.0026543076444525532
NVDA,2000-01-21,0.855427,-0.010682405086205087,0.010682405086205087
NVDA,2000-01-24,0.816574,-0.04648322043040044,0.04648322043040044
NVDA,2000-01-25,0.809583,-0.008598238755745717,0.008598238755745717
NVDA,2000-01-26,0.777525,-0.0404035024117387,0.0404035024117387
NVDA,2000-01-27,0.736175,-0.05464793567249878,0.05464793567249878
NVDA,2000-01-28,0.715601,-0.028345113142467935,0.028345113142467935
NVDA,2000-01-31,0.708612,-0.009814621973323239,0.009814621973323239
NVDA,2000-02-01,0.72469,0.02243585011773341,0.02243585011773341
NVDA,2000-02-02,0.745363,0.02812737082805953,0.02812737082805953
NVDA,2000-02-03,0.756849,0.015292413907140055,0.015292413907140055
NVDA,2000-02-04,0.775227,0.023992127749449442,0.023992127749449442
NVDA,2000-02-07,0.727087,-0.06410974944152349,0.06410974944152349
NVDA,2000-02-08,0.761444,0.046170490313602375,0.046170490313602375
NVDA,2000-02-09,0.782018,0.026661127619759487,0.026661127619759487
NVDA,2000-02-10,0.940319,0.18434142121280267,0.18434142121280267
NVDA,2000-02-11,0.9563,0.016852491959477838,0.016852491959477838
NVDA,2000-02-14,1.10772,0.14698745643456337,0.14698745643456337
NVDA,2000-02-15,1.06636,-0.03805286900640024,0.03805286900640024
NVDA,2000-02-16,1.11459,0.0442356444830699,0.0442356444830699
NVDA,2000-02-17,1.15355,0.03435751974488728,0.03435751974488728
NVDA,2000-02-18,1.28659,0.10915116351163529,0.10915116351163529
NVDA,2000-02-22,1.25214,-0.027141220028458604,0.027141220028458604
NVDA,2000-02-23,1.25903,0.005487495700926466,0.005487495700926466
NVDA,2000-02-24,1.24754,-0.009167970955833528,0.009167970955833528
NVDA,2000-02-25,1.16963,-0.06448615277852189,0.06448615277852189
NVDA,2000-02-28,1.16033,-0.007983012059881377,0.007983012059881377
NVDA,2000-02-29,1.22246,0.052160774575836816,0.052160774575836816
NVDA,2000-03-01,1.18792,-0.028661343389514735,0.028661343389514735
NVDA,2000-03-02,1.10772,-0.06990002979774566,0.06990002979774566
NVDA,2000-03-03,1.12609,0.016447606667469448,0.016447606667469448
NVDA,2000-03-06,1.11689,-0.008203418303861239,0.008203418303861239
NVDA,2000-03-08,1.60528,0.008614945094436771,0.008614945094436771
NVDA,2000-03-09,1.91738,0.17766147461949539,0.17766147461949539
NVDA,2000-03-10,2.25436,0.16190644811000882,0.16190644811000882
NVDA,2000-03-13,2.85392,0.2358273689031864,0.2358273689031864
NVDA,2000-03-15,2.01816,-0.04219576802568894,0.04219576802568894
NVDA,2000-03-16,1.80033,-0.11421622377866462,0.11421622377866462
NVDA,2000-03-17,1.9082,0.058190407903657974,0.058190407903657974
NVDA,2000-03-20,1.9082,0.0,0.0
NVDA,2000-03-21,1.81412,-0.050559887680675736,0.050559887680675736
NVDA,2000-03-22,1.8256,0.0063081984707414164,0.0063081984707414164
NVDA,2000-03-23,1.85777,0.017468143583027382,0.017468143583027382
NVDA,2000-03-24,1.78196,-0.04166296160112797,0.04166296160112797
NVDA,2000-03-27,1.66261,-0.06932522533500199,0.06932522533500199
NVDA,2000-03-28,1.53866,-0.07747674899990185,0.07747674899990185
NVDA,2000-03-29,1.43799,-0.06766560260091525,0.06766560260091525
NVDA,2000-03-30,1.4288,-0.006411374031656795,0.006411374031656795
NVDA,2000-03-31,1.61448,0.12217799226322541,0.12217799226322541
NVDA,2000-04-03,1.48845,-0.08127761335709975,0.08127761335709975
NVDA,2000-04-04,1.43339,-0.03769304191257813,0.03769304191257813
NVDA,2000-04-05,1.75211,0.20077850779776252,0.20077850779776252
NVDA,2000-04-06,1.83489,0.046163758274235266,0.046163758274235266
NVDA,2000-04-07,1.96096,0.06644961504428257,0.06644961504428257
NVDA,2000-04-10,1.78656,-0.09314216611006688,0.09314216611006688
NVDA,2000-04-11,1.68098,-0.060915026464110344,0.060915026464110344
NVDA,2000-04-12,1.5066,-0.10952150026629091,0.10952150026629091
NVDA,2000-04-13,1.44257,-0.043429211323644946,0.043429211323644946
NVDA,2000-04-14,1.31414,-0.09324378579783282,0.09324378579783282
NVDA,2000-04-17,1.38299,0.05106536271051039,0.05106536271051039
NVDA,2000-04-18,1.62586,0.16178908455922847,0.16178908455922847
NVDA,2000-04-19,1.54795,-0.049105431653433035,0.049105431653433035
NVDA,2000-04-20,1.54106,-0.0044609835682808486,0.0044609835682808486
NVDA,2000-04-24,1.46545,-0.05030812879767591,0.05030812879767591
NVDA,2000-04-25,1.62356,0.10245890653078825,0.10245890653078825
NVDA,2000-04-26,1.60758,-0.009891326459294483,0.009891326459294483
NVDA,2000-04-27,1.73842,0.07824671211610987,0.07824671211610987
NVDA,2000-04-28,1.70395,-0.02002756947231909,0.02002756947231909
NVDA,2000-05-01,1.75901,0.031802065533971004,0.031802065533971004
NVDA,2000-05-02,1.69028,-0.03985695510272313,0.03985695510272313
NVDA,2000-05-03,1.66261,-0.016505538912289546,0.016505538912289546
NVDA,2000-05-04,1.68328,0.012355614176348203,0.012355614176348203
NVDA,2000-05-05,1.7614,0.045364676440302225,0.045364676440302225
NVDA,2000-05-08,1.69717,-0.03714678937193411,0.03714678937193411
NVDA,2000-05-09,1.6717,-0.015121085290839928,0.015121085290839928
NVDA,2000-05-10,1.5066,-0.10398561631699083,0.10398561631699083
NVDA,2000-05-11,1.57083,0.041748685678395556,0.041748685678395556
NVDA,2000-05-12,1.52489,-0.0296818657775952,0.0296818657775952
NVDA,2000-05-15,1.62826,0.06558968367828458,0.06558968367828458
NVDA,2000-05-16,1.79574,0.09790523326484213,0.09790523326484213
NVDA,2000-05-17,2.11204,0.16223711180522188,0.16223711180522188
NVDA,2000-05-18,1.96784,-0.07071781054664301,0.07071781054664301
NVDA,2000-05-19,1.95176,-0.008204964899806398,0.008204964899806398
NVDA,2000-05-22,2.07759,0.06247703849660781,0.06247703849660781
NVDA,2000-05-23,2.06161,-0.007721337163035991,0.007721337163035991
NVDA,2000-05-24,2.03424,-0.013364946179821749,0.013364946179821749
NVDA,2000-05-25,2.00678,-0.013590837302816348,0.013590837302816348
NVDA,2000-05-26,2.01586,0.004514455890210249,0.004514455890210249
NVDA,2000-05-30,2.10057,0.04116283311743475,0.04116283311743475
NVDA,2000-05-31,2.18086,0.037510557950249476,0.037510557950249476
NVDA,2000-06-01,2.24289,0.028045918452187336,0.028045918452187336
NVDA,2000-06-02,2.51364,0.11396668895036598,0.11396668895036598
NVDA,2000-06-05,2.56847,0.02157848906458272,0.02157848906458272
NVDA,2000-06-06,2.44075,-0.051005021764476875,0.051005021764476875
NVDA,2000-06-07,2.33257,-0.04533470511648087,0.04533470511648087
NVDA,2000-06-08,2.35085,0.007806300878119048,0.007806300878119048
NVDA,2000-06-09,2.41647,0.0275308326913712,0.0275308326913712
NVDA,2000-06-12,2.35085,-0.02753083269137126,0.02753083269137126
NVDA,2000-06-13,2.42627,0.0315781337554482,0.0315781337554482
NVDA,2000-06-14,2.42377,-0.0010309194239287104,0.0010309194239287104
NVDA,2000-06-15,2.48617,0.025419194478200215,0.025419194478200215
NVDA,2000-06-16,2.8628,0.14105679318730377,0.14105679318730377
NVDA,2000-06-19,3.04029,0.06015273872287847,0.06015273872287847
NVDA,2000-06-20,2.99944,-0.01352730102813157,0.01352730102813157
NVDA,2000-06-21,3.30495,0.09699574001911805,0.09699574001911805
NVDA,2000-06-22,3.12588,-0.055705501049643696,0.055705501049643696
NVDA,2000-06-23,2.83076,-0.09917061670805999,0.09917061670805999
NVDA,2000-06-26,3.17132,0.11360267816421483,0.11360267816421483
NVDA,2000-06-27,2.72218,-0.15271487511258572,0.15271487511258572
NVDA,2000-06-28,2.61862,-0.03878556843876338,0.03878556843876338
NVDA,2000-06-29,2.24049,-0.1559528695066766,0.1559528695066766
NVDA,2000-06-30,2.42877,0.08069036441957805,0.08069036441957805
NVDA,2000-07-03,2.33726,-0.038405653251635315,0.038405653251635315
NVDA,2000-07-05,2.08449,-0.11445508209889554,0.11445508209889554
NVDA,2000-07-06,2.21302,0.05983387752002007,0.05983387752002007
NVDA,2000-07-07,2.22451,0.005178568112355083,0.005178568112355083
NVDA,2000-07-10,2.33955,0.05042193653772893,0.05042193653772893
NVDA,2000-07-11,2.52733,0.0772048063281411,0.0772048063281411
NVDA,2000-07-12,2.59864,0.02782482173995259,0.02782482173995259
NVDA,2000-07-13,2.84464,0.09044829053422374,0.09044829053422374
NVDA,2000-07-14,2.82106,-0.008323820938921223,0.008323820938921223
NVDA,2000-07-17,2.7908,-0.010784407764258885,0.010784407764258885
NVDA,2000-07-18,2.73537,-0.020061582995166347,0.020061582995166347
NVDA,2000-07-19,2.56147,-0.06568539764680874,0.06568539764680874
NVDA,2000-07-20,2.6306,0.02663064461157185,0.02663064461157185
NVDA,2000-07-21,2.66476,0.012902040224777651,0.012902040224777651
NVDA,2000-07-24,2.43845,-0.0887514057280147,0.0887514057280147
NVDA,2000-07-25,2.34625,-0.038544282630722716,0.038544282630722716
NVDA,2000-07-26,2.17167,-0.07732185209164395,0.07732185209164395
NVDA,2000-07-27,2.01586,-0.07445055347363695,0.07445055347363695
NVDA,2000-07-28,2.06381,0.02350788576519608,0.02350788576519608
NVDA,2000-07-31,2.29361,0.10557320641716628,0.10557320641716628
NVDA,2000-08-01,2.24746,-0.02032630588323948,0.02032630588323948
NVDA,2000-08-02,2.29361,0.02032630588323944,0.02032630588323944
NVDA,2000-08-03,2.39439,0.04300150560034084,0.04300150560034084
NVDA,2000-08-04,2.43845,0.018234090413300354,0.018234090413300354
NVDA,2000-08-07,2.6281,0.0748985600994909,0.0748985600994909
NVDA,2000-08-08,2.57097,-0.021977892044556708,0.021977892044556708
NVDA,2000-08-09,2.49316,-0.03073227741907769,0.03073227741907769
NVDA,2000-08-10,2.52313,0.011949212107500605,0.011949212107500605
NVDA,2000-08-11,2.46321,-0.024034816913086298,0.024034816913086298
NVDA,2000-08-14,2.48617,0.009277996315426468,0.009277996315426468
NVDA,2000-08-15,2.72218,0.09068965619509413,0.09068965619509413
NVDA,2000-08-16,2.7908,0.024895263192848602,0.024895263192848602
NVDA,2000-08-17,2.84464,0.01910822870318013,0.01910822870318013
NVDA,2000-08-18,2.94241,0.033792451662208026,0.033792451662208026
NVDA,2000-08-21,2.98835,0.015492422169942132,0.015492422169942132
NVDA,2000-08-22,2.70621,-0.09917226355930793,0.09917226355930793
NVDA,2000-08-23,2.8653,0.05712392466769773,0.05712392466769773
NVDA,2000-08-24,2.94022,0.02581135175627886,0.02581135175627886
NVDA,2000-08-25,2.8673,-0.0251135880605227,0.0251135880605227
NVDA,2000-08-28,2.98135,0.03900539764647981,0.03900539764647981
NVDA,2000-08-29,2.97466,-0.002246471316702892,0.002246471316702892
NVDA,2000-08-30,2.99944,0.00829585782485486,0.00829585782485486
NVDA,2000-08-31,3.03359,0.011321132082577855,0.011321132082577855
NVDA,2000-09-01,3.03809,0.0014822918282735374,0.0014822918282735374
NVDA,2000-09-05,3.04289,0.0015786932359287405,0.0015786932359287405
NVDA,2000-09-06,2.83325,-0.07138325909291174,0.07138325909291174
NVDA,2000-09-07,2.98615,0.05256046965169873,0.05256046965169873
NVDA,2000-09-08,2.80977,-0.060882302820710804,0.060882302820710804
NVDA,2000-09-11,2.69491,-0.041737820834831914,0.041737820834831914
NVDA,2000-09-12,2.67821,-0.00621614770362489,0.00621614770362489
NVDA,2000-09-13,2.67573,-0.0009264206088871203,0.0009264206088871203
NVDA,2000-09-14,2.65128,-0.009179698064572623,0.009179698064572623
NVDA,2000-09-15,2.7082,0.02124166531659444,0.02124166531659444
NVDA,2000-09-18,2.55221,-0.0593245570682941,0.0593245570682941
NVDA,2000-09-19,2.6306,0.030252306554248477,0.030252306554248477
NVDA,2000-09-20,2.54311,-0.0338242155512181,0.0338242155512181
NVDA,2000-09-21,2.65358,0.04252193019001789,0.04252193019001789
NVDA,2000-09-22,2.69921,0.017049465912785534,0.017049465912785534
NVDA,2000-09-25,2.89427,0.06977378272878643,0.06977378272878643
NVDA,2000-09-26,2.96318,0.023530095653989117,0.023530095653989117
NVDA,2000-09-27,3.12588,0.05345282755962439,0.05345282755962439
NVDA,2000-09-28,3.21996,0.029653093572383552,0.029653093572383552
NVDA,2000-09-29,3.13007,-0.028313568599671515,0.028313568599671515
NVDA,2000-10-02,3.05386,-0.024649004292871715,0.024649004292871715
NVDA,2000-10-03,2.88977,-0.05522945004414909,0.05522945004414909
NVDA,2000-10-04,2.85831,-0.010946373096949878,0.010946373096949878
NVDA,2000-10-05,2.7908,-0.023902248002323753,0.023902248002323753
NVDA,2000-10-06,2.61642,-0.0645213219161221,0.0645213219161221
NVDA,2000-10-09,2.67373,0.02166753008877742,0.02166753008877742
NVDA,2000-10-10,2.4699,-0.0792968372652467,0.0792968372652467
NVDA,2000-10-11,2.49316,0.009373318194807629,0.009373318194807629
NVDA,2000-10-12,2.39439,-0.04042248104915689,0.04042248104915689
NVDA,2000-10-13,2.48846,0.03853554411115617,0.03853554411115617
NVDA,2000-10-16,2.43347,-0.022345822954522702,0.022345822954522702
NVDA,2000-10-17,2.25436,-0.0764521033679676,0.0764521033679676
NVDA,2000-10-18,2.21991,-0.015399464402812158,0.015399464402812158
NVDA,2000-10-19,2.43347,0.09185156777077977,0.09185156777077977
NVDA,2000-10-20,2.65997,0.08899662224188229,0.08899662224188229
NVDA,2000-10-23,2.60094,-0.022441926384826474,0.022441926384826474
NVDA,2000-10-24,2.51834,-0.03227296384312955,0.03227296384312955
NVDA,2000-10-25,2.29771,-0.09168697953624867,0.09168697953624867
NVDA,2000-10-26,2.39649,0.042092192086598215,0.042092192086598215
NVDA,2000-10-27,2.34185,-0.023063951554910825,0.023063951554910825
NVDA,2000-10-30,2.17626,-0.07333340815198747,0.07333340815198747
NVDA,2000-10-31,2.37621,0.08789897428314634,0.08789897428314634
NVDA,2000-11-01,2.37621,0.0,0.0
NVDA,2000-11-02,2.55701,0.07333182570124872,0.07333182570124872
NVDA,2000-11-03,2.72218,0.0625944227556861,0.0625944227556861
NVDA,2000-11-06,2.93322,0.07466776581591544,0.07466776581591544
NVDA,2000-11-07,2.73537,-0.06983408561823312,0.06983408561823312
NVDA,2000-11-08,2.65358,-0.0303570383964371,0.0303570383964371
NVDA,2000-11-09,2.37621,-0.11040289025818008,0.11040289025818008
NVDA,2000-11-10,2.24746,-0.055706091780737585,0.055706091780737585
NVDA,2000-11-13,2.25666,0.004085154389538126,0.004085154389538126
NVDA,2000-11-14,2.67125,0.16866068360925895,0.16866068360925895
NVDA,2000-11-15,2.6354,-0.013511554522205564,0.013511554522205564
NVDA,2000-11-16,2.4699,-0.06485730913866189,0.06485730913866189
NVDA,2000-11-17,2.42147,-0.019802870221024046,0.019802870221024046
NVDA,2000-11-20,2.23601,-0.07968176621456266,0.07968176621456266
NVDA,2000-11-21,2.19246,-0.019668826470672203,0.019668826470672203
NVDA,2000-11-22,2.07759,-0.05381563297532937,0.05381563297532937
NVDA,2000-11-24,2.19706,0.05591153488893644,0.05591153488893644
NVDA,2000-11-27,2.12353,-0.03404030470680999,0.03404030470680999
NVDA,2000-11-28,1.96555,-0.07730769391503577,0.07730769391503577
NVDA,2000-11-29,1.84389,-0.06389463394917645,0.06389463394917645
NVDA,2000-11-30,1.54795,-0.1749459955223936,0.1749459955223936
NVDA,2000-12-01,1.70165,0.0946668936769744,0.0946668936769744
NVDA,2000-12-04,1.72684,0.014694780084060914,0.014694780084060914
NVDA,2000-12-05,1.83939,0.06314084625096303,0.06314084625096303
NVDA,2000-12-06,1.57533,-0.15496922077621134,0.15496922077621134
NVDA,2000-12-07,1.54795,-0.017533299235786934,0.017533299235786934
NVDA,2000-12-08,1.9013,0.205606387829118,0.205606387829118
NVDA,2000-12-11,1.9013,0.0,0.0
NVDA,2000-12-12,1.84849,-0.028168773145209776,0.028168773145209776
NVDA,2000-12-13,1.70615,-0.08012971941318812,0.08012971941318812
NVDA,2000-12-14,1.58921,-0.07100233276229528,0.07100233276229528
NVDA,2000-12-15,1.43109,-0.10480064573432228,0.10480064573432228
NVDA,2000-12-18,1.47685,0.0314750495030102,0.0314750495030102
NVDA,2000-12-19,1.36699,-0.07730019875529638,0.07730019875529638
NVDA,2000-12-20,1.21786,-0.11551602227353075,0.11551602227353075
NVDA,2000-12-21,1.06636,-0.13284424035104772,0.13284424035104772
NVDA,2000-12-22,1.33932,0.22791104267196358,0.22791104267196358
NVDA,2000-12-26,1.28659,-0.04016671493237105,0.04016671493237105
NVDA,2000-12-27,1.37159,0.06397534328361261,0.06397534328361261
NVDA,2000-12-28,1.37839,0.004945500592378206,0.004945500592378206
NVDA,2000-12-29,1.25214,-0.09606206390444934,0.09606206390444934
NVDA,2001-01-02,1.14438,-0.08999108187840402,0.08999108187840402
NVDA,2001-01-03,1.49524,0.2674237234410704,0.2674237234410704
NVDA,2001-01-04,1.6673,0.10891882250895266,0.10891882250895266
NVDA,2001-01-05,1.41732,-0.16243778715465715,0.16243778715465715
NVDA,2001-01-08,1.55255,0.09113097599643454,0.09113097599643454
NVDA,2001-01-09,1.58461,0.0204395798439193,0.0204395798439193
NVDA,2001-01-10,1.69477,0.06720871813994432,0.06720871813994432
NVDA,2001-01-11,1.83489,0.0794374957957256,0.0794374957957256
NVDA,2001-01-12,1.79574,-0.021567340952258384,0.021567340952258384
NVDA,2001-01-16,1.65572,-0.0811812337119144,0.0811812337119144
NVDA,2001-01-17,1.71555,0.03549776937172836,0.03549776937172836
NVDA,2001-01-18,2.04333,0.17484710104411125,0.17484710104411125
NVDA,2001-01-19,1.99061,-0.026139705529130062,0.026139705529130062
NVDA,2001-01-22,1.9105,-0.04107613652336173,0.04107613652336173
NVDA,2001-01-23,2.10057,0.09484374856591785,0.09484374856591785
NVDA,2001-01-24,2.09377,-0.003242467686312201,0.003242467686312201
NVDA,2001-01-25,1.88303,-0.10608408721295425,0.10608408721295425
NVDA,2001-01-26,1.94266,0.03117598637850036,0.03117598637850036
NVDA,2001-01-29,1.95176,0.004673361662187509,0.004673361662187509
NVDA,2001-01-30,1.9952,0.022012766331477966,0.022012766331477966
NVDA,2001-01-31,1.97462,-0.01036832116606972,0.01036832116606972
NVDA,2001-02-01,1.98371,0.004592854046495843,0.004592854046495843
NVDA,2001-02-02,1.79115,-0.10211095715869482,0.10211095715869482
NVDA,2001-02-05,1.78895,-0.0012290161039755943,0.0012290161039755943
NVDA,2001-02-06,1.79794,0.005012709519664881,0.005012709519664881
NVDA,2001-02-07,1.71555,-0.04690783616785726,0.04690783616785726
NVDA,2001-02-08,1.70615,-0.0054943587381929065,0.0054943587381929065
NVDA,2001-02-09,1.69477,-0.006692331765088292,0.006692331765088292
NVDA,2001-02-12,1.64883,-0.02748109293038667,0.02748109293038667
NVDA,2001-02-13,1.69926,0.030126916697006186,0.030126916697006186
NVDA,2001-02-14,1.8232,0.0704003367728008,0.0704003367728008
NVDA,2001-02-15,2.15789,0.16853769346416947,0.16853769346416947
NVDA,2001-02-16,2.27503,0.05286234671564842,0.05286234671564842
NVDA,2001-02-20,2.04793,-0.10516371222353278,0.10516371222353278
NVDA,2001-02-21,2.13971,0.04384077892659177,0.04384077892659177
NVDA,2001-02-22,2.23141,0.04196336682612641,0.04196336682612641
NVDA,2001-02-23,2.07759,-0.0714251045495761,0.0714251045495761
NVDA,2001-02-26,2.03204,-0.0221683535469071,0.0221683535469071
NVDA,2001-02-27,1.9082,-0.06287982522624923,0.06287982522624923
NVDA,2001-02-28,1.70855,-0.1105153317531053,0.1105153317531053
NVDA,2001-03-01,1.84389,0.07623241284417566,0.07623241284417566
NVDA,2001-03-02,1.6649,-0.10211240885800943,0.10211240885800943
NVDA,2001-03-05,1.68098,0.009611895107078624,0.009611895107078624
NVDA,2001-03-06,1.84389,0.09250051375093078,0.09250051375093078
NVDA,2001-03-07,1.9929,0.07771339393048908,0.07771339393048908
NVDA,2001-03-08,2.05931,0.0327801108792424,0.0327801108792424
NVDA,2001-03-09,1.9128,-0.07380283807443251,0.07380283807443251
NVDA,2001-03-12,1.84389,-0.03669066673529907,0.03669066673529907
NVDA,2001-03-13,2.06381,0.11267631869181784,0.11267631869181784
NVDA,2001-03-14,2.18086,0.05516550530248815,0.05516550530248815
NVDA,2001-03-15,2.28892,0.04836079617896719,0.04836079617896719
NVDA,2001-03-16,2.27963,-0.004066941504294968,0.004066941504294968
NVDA,2001-03-19,2.41027,0.055725625326677436,0.055725625326677436
NVDA,2001-03-20,2.18556,-0.09786668580601902,0.09786668580601902
NVDA,2001-03-21,2.34855,0.07192602782718892,0.07192602782718892
NVDA,2001-03-22,2.58515,0.09598541691268582,0.09598541691268582
NVDA,2001-03-23,2.56147,-0.009202220915220948,0.009202220915220948
NVDA,2001-03-26,2.69921,0.05237782516315729,0.05237782516315729
NVDA,2001-03-27,2.60094,-0.03708621945443337,0.03708621945443337
NVDA,2001-03-28,2.60294,0.0007686572705259564,0.0007686572705259564
NVDA,2001-03-29,2.64178,0.014811356962943938,0.014811356962943938
NVDA,2001-03-30,2.48117,-0.06272270926317992,0.06272270926317992
NVDA,2001-04-02,2.37621,-0.043223441686822114,0.043223441686822114
NVDA,2001-04-03,2.45671,0.03331627502174845,0.03331627502174845
NVDA,2001-04-04,2.20394,-0.10857638876529044,0.10857638876529044
NVDA,2001-04-05,2.40577,0.08762335094597261,0.08762335094597261
NVDA,2001-04-06,2.39649,-0.0038648517786785703,0.0038648517786785703
NVDA,2001-04-09,2.27963,-0.04999201776125587,0.04999201776125587
NVDA,2001-04-10,2.49566,0.0905400741842986,0.0905400741842986
NVDA,2001-04-11,2.64398,0.05773213438435401,0.05773213438435401
NVDA,2001-04-12,2.68551,0.015585296393493089,0.015585296393493089
NVDA,2001-04-16,2.61862,-0.025223192606470674,0.025223192606470674
NVDA,2001-04-17,2.74715,0.047916549194666605,0.047916549194666605
NVDA,2001-04-18,2.95368,0.07248783990405495,0.07248783990405495
NVDA,2001-04-19,3.20599,0.08196908448085213,0.08196908448085213
NVDA,2001-04-20,3.32364,0.03603963284797805,0.03603963284797805
NVDA,2001-04-23,3.14863,-0.054093130281673896,0.054093130281673896
NVDA,2001-04-24,2.92622,-0.07325594985582658,0.07325594985582658
NVDA,2001-04-25,3.05856,0.04423272922621809,0.04423272922621809
NVDA,2001-04-26,2.81856,-0.08171810073558756,0.08171810073558756
NVDA,2001-04-27,3.02011,0.06906713833249169,0.06906713833249169
NVDA,2001-04-30,3.18261,0.052408360309592006,0.052408360309592006
NVDA,2001-05-01,3.48172,0.08982480968312839,0.08982480968312839
NVDA,2001-05-02,3.40033,-0.02365393882148393,0.02365393882148393
NVDA,2001-05-03,3.38733,-0.00383048529105217,0.00383048529105217
NVDA,2001-05-04,3.43279,0.013331341172369324,0.013331341172369324
NVDA,2001-05-07,3.58728,0.04402091354647231,0.04402091354647231
NVDA,2001-05-08,3.32823,-0.07495362401567228,0.07495362401567228
NVDA,2001-05-09,3.17132,-0.04829272614517783,0.04829272614517783
NVDA,2001-05-10,3.06586,-0.033819787696061254,0.033819787696061254
NVDA,2001-05-11,2.98615,-0.02634318502400072,0.02634318502400072
NVDA,2001-05-14,3.01092,0.008260747617910923,0.008260747617910923
NVDA,2001-05-15,3.12138,0.036029531823954936,0.036029531823954936
NVDA,2001-05-16,3.26769,0.04580810153272252,0.04580810153272252
NVDA,2001-05-17,3.32593,0.01766602099018721,0.01766602099018721
NVDA,2001-05-18,3.29747,-0.008593826480812543,0.008593826480812543
NVDA,2001-05-21,3.44648,0.04419791257161024,0.04419791257161024
NVDA,2001-05-22,3.54934,0.029408250371746103,0.029408250371746103
NVDA,2001-05-23,3.52067,-0.00811035830337491,0.00811035830337491
NVDA,2001-05-24,3.57292,0.014731876235710671,0.014731876235710671
NVDA,2001-05-25,3.5044,-0.019363866832203126,0.019363866832203126
NVDA,2001-05-29,3.36257,-0.041313759254936425,0.041313759254936425
NVDA,2001-05-30,3.29747,-0.01955005478855254,0.01955005478855254
NVDA,2001-05-31,3.27199,-0.0077571452654711685,0.0077571452654711685
NVDA,2001-06-01,3.45347,0.0539811601686099,0.0539811601686099
NVDA,2001-06-04,3.39813,-0.016154242353086906,0.016154242353086906
NVDA,2001-06-05,3.57761,0.05146969938799357,0.05146969938799357
NVDA,2001-06-06,3.59408,0.004593067730094944,0.004593067730094944
NVDA,2001-06-07,3.79874,0.05538138536579468,0.05538138536579468
NVDA,2001-06-08,3.69956,-0.02645553914067315,0.02645553914067315
NVDA,2001-06-11,3.58988,-0.03009511790216845,0.03009511790216845
NVDA,2001-06-12,3.71084,0.03313949032797807,0.03313949032797807
NVDA,2001-06-13,3.58488,-0.034533265397644675,0.034533265397644675
NVDA,2001-06-14,3.57761,-0.0020300209833815645,0.0020300209833815645
NVDA,2001-06-15,3.63303,0.015372031138658062,0.015372031138658062
NVDA,2001-06-18,3.49072,-0.03995899218170915,0.03995899218170915
NVDA,2001-06-19,3.29747,-0.056952510894994424,0.056952510894994424
NVDA,2001-06-20,3.43949,0.042167696813791386,0.042167696813791386
NVDA,2001-06-21,3.5044,0.01869611722969768,0.01869611722969768
NVDA,2001-06-22,3.49072,-0.003911303148494572,0.003911303148494572
NVDA,2001-06-25,3.48422,-0.0018638158555188992,0.0018638158555188992
NVDA,2001-06-26,3.58488,0.028480797881951413,0.028480797881951413
NVDA,2001-06-27,3.47224,-0.03192508185492559,0.03192508185492559
NVDA,2001-06-28,3.5137,0.011869694492820848,0.011869694492820848
NVDA,2001-06-29,3.54535,0.008967272391128302,0.008967272391128302
NVDA,2001-07-02,3.38733,-0.04559488527234323,0.04559488527234323
NVDA,2001-07-03,3.43079,0.012748554913126693,0.012748554913126693
NVDA,2001-07-05,3.18261,-0.07508894048371882,0.07508894048371882
NVDA,2001-07-06,3.08424,-0.03139634118923938,0.03139634118923938
NVDA,2001-07-09,2.98365,-0.03315789044781596,0.03315789044781596
NVDA,2001-07-10,3.00833,0.008237724279937774,0.008237724279937774
NVDA,2001-07-11,3.00193,-0.002129692365714852,0.002129692365714852
NVDA,2001-07-12,3.16062,0.051512795734001714,0.051512795734001714
NVDA,2001-07-13,3.09372,-0.02139396056711654,0.02139396056711654
NVDA,2001-07-16,2.84724,-0.0830241463128515,0.0830241463128515
NVDA,2001-07-17,3.00393,0.05357132736143907,0.05357132736143907
NVDA,2001-07-18,2.90146,-0.03470737278601206,0.03470737278601206
NVDA,2001-07-19,2.9467,0.015471841553928332,0.015471841553928332
NVDA,2001-07-20,2.8628,-0.028885733252348833,0.028885733252348833
NVDA,2001-07-23,2.59175,-0.09946684366122094,0.09946684366122094
NVDA,2001-07-24,2.76562,0.06493151808183416,0.06493151808183416
NVDA,2001-07-25,2.73986,-0.009358017098838923,0.009358017098838923
NVDA,2001-07-26,3.02011,0.09738643036042616,0.09738643036042616
NVDA,2001-07-27,3.0962,0.024882298559722328,0.024882298559722328
NVDA,2001-07-30,3.02261,-0.024054856565839482,0.024054856565839482
NVDA,2001-07-31,3.09152,0.022542182788619136,0.022542182788619136
NVDA,2001-08-01,3.28128,0.059570710826136304,0.059570710826136304
NVDA,2001-08-02,3.36037,0.023817496786930598,0.023817496786930598
NVDA,2001-08-03,3.33291,-0.008205290699321553,0.008205290699321553
NVDA,2001-08-06,3.43279,0.029527545356306084,0.029527545356306084
NVDA,2001-08-07,3.38314,-0.014569069287230715,0.014569069287230715
NVDA,2001-08-08,3.29527,-0.02631616539557382,0.02631616539557382
NVDA,2001-08-09,3.23783,-0.017584754601228644,0.017584754601228644
NVDA,2001-08-10,3.23545,-0.0007353304992958668,0.0007353304992958668
NVDA,2001-08-13,3.37237,0.04144773945118122,0.04144773945118122
NVDA,2001-08-14,3.28128,-0.027382171111767214,0.027382171111767214
NVDA,2001-08-15,3.28348,0.0006702453958280667,0.0006702453958280667
NVDA,2001-08-16,3.42351,0.04176250499303591,0.04176250499303591
NVDA,2001-08-17,3.20179,-0.06695631214820424,0.06695631214820424
NVDA,2001-08-20,3.18081,-0.0065741470754489195,0.0065741470754489195
NVDA,2001-08-21,3.11198,-0.021876701778079957,0.021876701778079957
NVDA,2001-08-22,3.24013,0.04035427289582871,0.04035427289582871
NVDA,2001-08-23,3.16882,-0.022254173612961062,0.022254173612961062
NVDA,2001-08-24,3.25881,0.02800281922071253,0.02800281922071253
NVDA,2001-08-27,3.37457,0.034905810736217145,0.034905810736217145
NVDA,2001-08-28,3.32823,-0.013827277652213112,0.013827277652213112
NVDA,2001-08-29,3.22246,-0.032295588116733526,0.032295588116733526
NVDA,2001-08-30,3.21078,-0.0036311447524430235,0.0036311447524430235
NVDA,2001-08-31,3.23783,0.008389454054343414,0.008389454054343414
NVDA,2001-09-04,3.01292,-0.07199364414705352,0.07199364414705352
NVDA,2001-09-05,3.07704,0.02105838774444542,0.02105838774444542
NVDA,2001-09-06,2.95139,-0.04169185011148433,0.04169185011148433
NVDA,2001-09-07,2.98135,0.01009997224996684,0.01009997224996684
NVDA,2001-09-10,2.89677,-0.028779894908410535,0.028779894908410535
NVDA,2001-09-17,2.59864,-0.10860809190858911,0.10860809190858911
NVDA,2001-09-18,2.44323,-0.06166729686666692,0.06166729686666692
NVDA,2001-09-19,2.41177,-0.012960016617600089,0.012960016617600089
NVDA,2001-09-20,2.20852,-0.08803830983388637,0.08803830983388637
NVDA,2001-09-21,2.06161,-0.06883537698801871,0.06883537698801871
NVDA,2001-09-24,2.29361,0.10663976458993431,0.10663976458993431
NVDA,2001-09-25,2.20394,-0.03988032784604378,0.03988032784604378
NVDA,2001-09-26,2.12353,-0.03716686939872795,0.03716686939872795
NVDA,2001-09-27,2.00678,-0.05654835082780064,0.05654835082780064
NVDA,2001-09-28,2.10057,0.04567728900764496,0.04567728900764496
NVDA,2001-10-01,1.92198,-0.08885283180403894,0.08885283180403894
NVDA,2001-10-02,1.8256,-0.0514472045410224,0.0514472045410224
NVDA,2001-10-03,2.18556,0.17996338849064172,0.17996338849064172
NVDA,2001-10-04,2.468,0.12153601742682574,0.12153601742682574
NVDA,2001-10-05,2.51614,0.01931787512616274,0.01931787512616274
NVDA,2001-10-08,2.57097,0.02155727843493426,0.02155727843493426
NVDA,2001-10-09,2.46101,-0.04371142481470883,0.04371142481470883
NVDA,2001-10-10,2.61862,0.06207562666180282,0.06207562666180282
NVDA,2001-10-11,2.90146,0.1025665971293934,0.1025665971293934
NVDA,2001-10-12,3.09152,0.06344882076628194,0.06344882076628194
NVDA,2001-10-15,3.07704,-0.004694783416589818,0.004694783416589818
NVDA,2001-10-16,3.38733,0.09607390451427199,0.09607390451427199
NVDA,2001-10-17,3.1876,-0.06077371790323391,0.06077371790323391
NVDA,2001-10-18,3.32364,0.04179228533742784,0.04179228533742784
NVDA,2001-10-19,3.39183,0.020309030870299352,0.020309030870299352
NVDA,2001-10-22,3.47224,0.023430320083900877,0.023430320083900877
NVDA,2001-10-23,3.40953,-0.018225466949097213,0.018225466949097213
NVDA,2001-10-24,3.56133,0.043559618716145734,0.043559618716145734
NVDA,2001-10-25,3.77056,0.05708946094270622,0.05708946094270622
NVDA,2001-10-26,3.49971,-0.07454342362317072,0.07454342362317072
NVDA,2001-10-29,3.21557,-0.08467547201011644,0.08467547201011644
NVDA,2001-10-30,3.21078,-0.0014907376308689365,0.0014907376308689365
NVDA,2001-10-31,3.27669,0.020319868244913886,0.020319868244913886
NVDA,2001-11-01,3.55634,0.08189815960579427,0.08189815960579427
NVDA,2001-11-02,3.60488,0.013556556952245306,0.013556556952245306
NVDA,2001-11-05,3.61905,0.003923077375792344,0.003923077375792344
NVDA,2001-11-06,3.86584,0.06596743302632913,0.06596743302632913
NVDA,2001-11-07,3.87014,0.0011116886142020306,0.0011116886142020306
NVDA,2001-11-08,3.80274,-0.017568822567594358,0.017568822567594358
NVDA,2001-11-09,4.06659,0.06708295090400962,0.06708295090400962
NVDA,2001-11-12,4.17666,0.026707073635024607,0.026707073635024607
NVDA,2001-11-13,4.14191,-0.008354849965587491,0.008354849965587491
NVDA,2001-11-14,4.02715,-0.028098104356067622,0.028098104356067622
NVDA,2001-11-15,4.04791,0.005141768788677845,0.005141768788677845
NVDA,2001-11-16,4.01366,-0.008497155287441285,0.008497155287441285
NVDA,2001-11-19,3.92348,-0.02272452816606858,0.02272452816606858
NVDA,2001-11-20,3.81291,-0.028586337947892674,0.028586337947892674
NVDA,2001-11-21,3.76577,-0.012440321521315632,0.012440321521315632
NVDA,2001-11-23,3.81789,0.013745558379053283,0.013745558379053283
NVDA,2001-11-26,4.09155,0.06922595737491823,0.06922595737491823
NVDA,2001-11-27,4.13482,0.010519925326144307,0.010519925326144307
NVDA,2001-11-28,3.92577,-0.05188128635595362,0.05188128635595362
NVDA,2001-11-29,4.09805,0.04294874047810412,0.04294874047810412
NVDA,2001-11-30,4.17666,0.019000633253429603,0.019000633253429603
NVDA,2001-12-03,4.11354,-0.015227912410578673,0.015227912410578673
NVDA,2001-12-04,4.44481,0.07745315173655043,0.07745315173655043
NVDA,2001-12-05,4.80185,0.07726413693121571,0.07726413693121571
NVDA,2001-12-06,4.72656,-0.01580359514112233,0.01580359514112233
NVDA,2001-12-07,4.58275,-0.030898410568127616,0.030898410568127616
NVDA,2001-12-10,4.62768,0.009756407984705822,0.009756407984705822
NVDA,2001-12-11,4.79467,0.035449221675777895,0.035449221675777895
NVDA,2001-12-12,4.94439,0.030748716261575246,0.030748716261575246
NVDA,2001-12-13,4.80185,-0.02925234021280911,0.02925234021280911
NVDA,2001-12-14,5.01791,0.04401225202435859,0.04401225202435859
NVDA,2001-12-17,5.19867,0.03538931129113882,0.03538931129113882
NVDA,2001-12-18,5.06383,-0.026279709663862373,0.026279709663862373
NVDA,2001-12-19,4.92562,-0.027672958952566794,0.027672958952566794
NVDA,2001-12-20,4.73076,-0.04036428889613547,0.04036428889613547
NVDA,2001-12-21,4.93771,0.04281579483884546,0.04281579483884546
NVDA,2001-12-24,5.05926,0.024318566576869073,0.024318566576869073
NVDA,2001-12-26,5.18308,0.024179246619426414,0.024179246619426414
NVDA,2001-12-27,5.30443,0.023142846322728207,0.023142846322728207
NVDA,2001-12-28,5.17668,-0.024378396338206855,0.024378396338206855
NVDA,2001-12-31,5.11478,-0.012029536423269302,0.012029536423269302
NVDA,2002-01-02,5.14445,0.005784075943080077,0.005784075943080077
NVDA,2002-01-03,5.48122,0.06340924025028047,0.06340924025028047
NVDA,2002-01-04,5.32362,-0.029174180839803575,0.029174180839803575
NVDA,2002-01-07,5.17908,-0.02752608875952917,0.02752608875952917
NVDA,2002-01-08,5.24002,0.011697880799619488,0.011697880799619488
NVDA,2002-01-09,5.16971,-0.013508721015811468,0.013508721015811468
NVDA,2002-01-10,5.04506,-0.024407047405566887,0.024407047405566887
NVDA,2002-01-11,4.82035,-0.04556300716406552,0.04556300716406552
NVDA,2002-01-14,4.56906,-0.05353904506284276,0.05353904506284276
NVDA,2002-01-15,4.99472,0.08907386000198803,0.08907386000198803
NVDA,2002-01-16,4.79965,-0.03983835588463217,0.03983835588463217
NVDA,2002-01-17,4.96737,0.034347526407075585,0.034347526407075585
NVDA,2002-01-18,4.87768,-0.018220828009799864,0.018220828009799864
NVDA,2002-01-22,4.75393,-0.025698052598882814,0.025698052598882814
NVDA,2002-01-23,4.84371,0.018709311633883906,0.018709311633883906
NVDA,2002-01-24,5.01791,0.03533255633003955,0.03533255633003955
NVDA,2002-01-25,5.00422,-0.0027319558845679773,0.0027319558845679773
NVDA,2002-01-28,5.19637,0.037678748428778865,0.037678748428778865
NVDA,2002-01-29,4.9419,-0.05021043225624709,0.05021043225624709
NVDA,2002-01-30,5.00202,0.012091958209164203,0.012091958209164203
NVDA,2002-01-31,5.0241,0.004404502578331596,0.004404502578331596
NVDA,2002-02-01,4.90295,-0.02440926864736568,0.02440926864736568
NVDA,2002-02-04,4.67183,-0.048286206901437416,0.048286206901437416
NVDA,2002-02-05,4.62508,-0.010057189765512847,0.010057189765512847
NVDA,2002-02-06,4.73955,0.024448526379260604,0.024448526379260604
NVDA,2002-02-07,4.58675,-0.032770482214657864,0.032770482214657864
NVDA,2002-02-08,4.41216,-0.038807346810437945,0.038807346810437945
NVDA,2002-02-11,4.65536,0.053654878470123596,0.053654878470123596
NVDA,2002-02-12,4.75393,0.020952400450644088,0.020952400450644088
NVDA,2002-02-13,4.6938,-0.012729155450068978,0.012729155450068978
NVDA,2002-02-14,4.75173,0.012266273327358638,0.012266273327358638
NVDA,2002-02-15,4.38549,-0.08020739809931773,0.08020739809931773
NVDA,2002-02-19,4.09385,-0.06881551658099898,0.06881551658099898
NVDA,2002-02-20,4.3071,0.05077897623562601,0.05077897623562601
NVDA,2002-02-21,4.01366,-0.07056128057064018,0.07056128057064018
NVDA,2002-02-22,3.81541,-0.05065541377596194,0.05065541377596194
NVDA,2002-02-25,4.11354,0.07523584218580193,0.07523584218580193
NVDA,2002-02-26,4.20401,0.021754860040019794,0.021754860040019794
NVDA,2002-02-27,4.0644,-0.033772701069251156,0.033772701069251156
NVDA,2002-02-28,3.89832,-0.041720439532476235,0.041720439532476235
NVDA,2002-03-01,4.27713,0.09273653282251379,0.09273653282251379
NVDA,2002-03-04,4.51592,0.054326707419028925,0.054326707419028925
NVDA,2002-03-05,4.50434,-0.0025675548956695534,0.0025675548956695534
NVDA,2002-03-06,4.36183,-0.03214968237120282,0.03214968237120282
NVDA,2002-03-07,4.32835,-0.007705287035752302,0.007705287035752302
NVDA,2002-03-08,4.4565,0.029177297552603884,0.029177297552603884
NVDA,2002-03-11,4.40286,-0.012109374822922356,0.012109374822922356
NVDA,2002-03-12,4.17406,-0.05336514651349157,0.05336514651349157
NVDA,2002-03-13,4.09805,-0.01837793243625114,0.01837793243625114
NVDA,2002-03-14,3.87014,-0.057220568718010414,0.057220568718010414
NVDA,2002-03-15,4.03394,0.041452883748831985,0.041452883748831985
NVDA,2002-03-18,4.03394,0.0,0.0
NVDA,2002-03-19,3.94923,-0.02122294264525165,0.02122294264525165
NVDA,2002-03-20,3.55634,-0.10478869707214904,0.10478869707214904
NVDA,2002-03-21,3.74559,0.05184722182232332,0.05184722182232332
NVDA,2002-03-22,3.71314,-0.008701268108052851,0.008701268108052851
NVDA,2002-03-25,3.52067,-0.053226567437097326,0.053226567437097326
NVDA,2002-03-26,3.59408,0.020636735028158916,0.020636735028158916
NVDA,2002-03-27,3.47923,-0.0324770424987279,0.0324770424987279
NVDA,2002-03-28,3.39183,-0.02544140618681185,0.02544140618681185
NVDA,2002-04-01,3.33491,-0.016923906252485202,0.016923906252485202
NVDA,2002-04-02,3.24711,-0.0266803225245004,0.0266803225245004
NVDA,2002-04-03,3.30965,0.01907707364461786,0.01907707364461786
NVDA,2002-04-04,3.29267,-0.005143657816326243,0.005143657816326243
NVDA,2002-04-05,3.21776,-0.02301332049633364,0.02301332049633364
NVDA,2002-04-08,3.32593,0.033063868943239635,0.033063868943239635
NVDA,2002-04-09,3.11688,-0.06491683275958787,0.06491683275958787
NVDA,2002-04-10,2.94471,-0.05682216121935943,0.05682216121935943
NVDA,2002-04-11,2.81436,-0.045275457989098905,0.045275457989098905
NVDA,2002-04-12,2.80508,-0.0033028232122826484,0.0033028232122826484
NVDA,2002-04-15,2.91802,0.03947324501963422,0.03947324501963422
NVDA,2002-04-16,3.04289,0.04190241763713162,0.04190241763713162
NVDA,2002-04-17,3.07954,0.011972513458381089,0.011972513458381089
NVDA,2002-04-18,3.0291,-0.016514689485965642,0.016514689485965642
NVDA,2002-04-19,2.82356,-0.07026704556992003,0.07026704556992003
NVDA,2002-04-22,2.83765,0.0049777447200940635,0.0049777447200940635
NVDA,2002-04-23,2.72218,-0.041543214956326444,0.041543214956326444
NVDA,2002-04-24,2.48367,-0.0916957248857843,0.0916957248857843
NVDA,2002-04-25,2.58075,0.03834274935925096,0.03834274935925096
NVDA,2002-04-26,2.321,-0.10608192707126242,0.10608192707126242
NVDA,2002-04-29,2.7082,0.15428608027428659,0.15428608027428659
NVDA,2002-04-30,2.65997,-0.01796936303206702,0.01796936303206702
NVDA,2002-05-01,2.7082,0.017969363032067063,0.017969363032067063
NVDA,2002-05-02,2.60094,-0.040411289416893516,0.040411289416893516
NVDA,2002-05-03,2.50465,-0.037723913933573966,0.037723913933573966
NVDA,2002-05-06,2.40827,-0.03924035680937518,0.03924035680937518
NVDA,2002-05-07,2.468,0.024499458636397277,0.024499458636397277
NVDA,2002-05-08,2.75185,0.10886530672850656,0.10886530672850656
NVDA,2002-05-09,2.6354,-0.04323843964263309,0.04323843964263309
NVDA,2002-05-10,2.43845,-0.07767238157971071,0.07767238157971071
NVDA,2002-05-13,2.58515,0.05842094180688604,0.05842094180688604
NVDA,2002-05-14,2.84224,0.0948089403253554,0.0948089403253554
NVDA,2002-05-15,2.89677,0.01900384947894424,0.01900384947894424
NVDA,2002-05-16,2.90406,0.002513434745645732,0.002513434745645732
NVDA,2002-05-17,2.99494,0.030814440071624333,0.030814440071624333
NVDA,2002-05-20,3.02661,0.01051898332510419,0.01051898332510419
NVDA,2002-05-21,2.79578,-0.0793320438610843,0.0793320438610843
NVDA,2002-05-22,2.90875,0.03961229819258434,0.03961229819258434
NVDA,2002-05-23,2.73087,-0.0631031958869206,0.0631031958869206
NVDA,2002-05-24,2.67821,-0.01947157882399185,0.01947157882399185
NVDA,2002-05-28,2.57097,-0.0408654013192136,0.0408654013192136
NVDA,2002-05-29,2.66896,0.03740562381937001,0.03740562381937001
NVDA,2002-05-30,2.6306,-0.014476926371067195,0.014476926371067195
NVDA,2002-05-31,2.55701,-0.028373349918131455,0.028373349918131455
NVDA,2002-06-03,2.40827,-0.05992995972766561,0.05992995972766561
NVDA,2002-06-04,2.52992,0.049279034279384876,0.049279034279384876
NVDA,2002-06-05,2.49316,-0.01463669950096829,0.01463669950096829
NVDA,2002-06-06,2.49316,0.0,0.0
NVDA,2002-06-07,2.4699,-0.009373318194807764,0.009373318194807764
NVDA,2002-06-10,2.45002,-0.008081476201730555,0.008081476201730555
NVDA,2002-06-11,2.33955,-0.04613758460481533,0.04613758460481533
NVDA,2002-06-12,2.13731,-0.09041057419476925,0.09041057419476925
NVDA,2002-06-13,2.11434,-0.010805321928220726,0.010805321928220726
NVDA,2002-06-14,2.15329,0.01825419802408734,0.01825419802408734
NVDA,2002-06-17,2.17406,0.009599482129314907,0.009599482129314907
NVDA,2002-06-18,2.16259,-0.0052898097592378205,0.0052898097592378205
NVDA,2002-06-19,1.8232,-0.170713378505644,0.170713378505644
NVDA,2002-06-20,1.80723,-0.00879791264985967,0.00879791264985967
NVDA,2002-06-21,1.73144,-0.042841854075340885,0.042841854075340885
NVDA,2002-06-24,1.76369,0.018454772955462186,0.018454772955462186
NVDA,2002-06-25,1.61907,-0.08555629485299304,0.08555629485299304
NVDA,2002-06-26,1.53418,-0.05385587397854267,0.05385587397854267
NVDA,2002-06-27,1.30486,-0.16190028102177115,0.16190028102177115
NVDA,2002-06-28,1.31414,0.007086703961687221,0.007086703961687221
NVDA,2002-07-01,1.30944,-0.0035828943869643144,0.0035828943869643144
NVDA,2002-07-02,1.22696,-0.06505999954062777,0.06505999954062777
NVDA,2002-07-03,1.33482,0.08425688594057262,0.08425688594057262
NVDA,2002-07-05,1.45167,0.08391816654401156,0.08391816654401156
NVDA,2002-07-08,1.49524,0.029572111230351878,0.029572111230351878
NVDA,2002-07-09,1.42192,-0.05027865806729543,0.05027865806729543
NVDA,2002-07-10,1.38299,-0.027760249009538173,0.027760249009538173
NVDA,2002-07-11,1.52279,0.096296356655615,0.096296356655615
NVDA,2002-07-12,1.52279,0.0,0.0
NVDA,2002-07-15,1.6741,0.09473152878549704,0.09473152878549704
NVDA,2002-07-16,1.62826,-0.0277637474510597,0.0277637474510597
NVDA,2002-07-17,1.49064,-0.08830640205152218,0.08830640205152218
NVDA,2002-07-18,1.45167,-0.026490940092048592,0.026490940092048592
NVDA,2002-07-19,1.38537,-0.04674736586890613,0.04674736586890613
NVDA,2002-07-22,1.32104,-0.04754794680346959,0.04754794680346959
NVDA,2002-07-23,1.22246,-0.07755408317741205,0.07755408317741205
NVDA,2002-07-24,1.30027,0.061706713214938244,0.061706713214938244
NVDA,2002-07-25,1.15127,-0.12170625435235986,0.12170625435235986
NVDA,2002-07-26,1.12369,-0.02424776813801719,0.02424776813801719
NVDA,2002-07-29,1.15585,0.02821809132570403,0.02821809132570403
NVDA,2002-07-30,1.24064,0.07079137145497844,0.07079137145497844
NVDA,2002-08-01,0.766039,-0.09968336159574888,0.09968336159574888
NVDA,2002-08-02,0.715601,-0.06811033322032709,0.06811033322032709
NVDA,2002-08-05,0.658174,-0.08365341500451538,0.08365341500451538
NVDA,2002-08-06,0.692529,0.05088078038317994,0.05088078038317994
NVDA,2002-08-07,0.676551,-0.023342281645067596,0.023342281645067596
NVDA,2002-08-08,0.720097,0.06237809236218371,0.06237809236218371
NVDA,2002-08-09,0.704016,-0.022584841985590562,0.022584841985590562
NVDA,2002-08-12,0.704016,0.0,0.0
NVDA,2002-08-13,0.688036,-0.022959921026705556,0.022959921026705556
NVDA,2002-08-14,0.736175,0.0676267000589833,0.0676267000589833
NVDA,2002-08-15,0.786713,0.06639564371740704,0.06639564371740704
NVDA,2002-08-16,0.816574,0.03725403312257622,0.03725403312257622
NVDA,2002-08-19,0.967785,0.16989241612428063,0.16989241612428063
NVDA,2002-08-20,0.924239,-0.04603925896492374,0.04603925896492374
NVDA,2002-08-21,0.972379,0.05077494995363555,0.05077494995363555
NVDA,2002-08-22,0.940319,-0.03352646676174326,0.03352646676174326
NVDA,2002-08-23,0.878398,-0.06811938551037602,0.06811938551037602
NVDA,2002-08-26,0.885188,0.0077002579408917814,0.0077002579408917814
NVDA,2002-08-27,0.834852,-0.058545588194503055,0.058545588194503055
NVDA,2002-08-28,0.782018,-0.0653767054488154,0.0653767054488154
NVDA,2002-08-29,0.793504,0.014580822728323659,0.014580822728323659
NVDA,2002-08-30,0.772929,-0.026271386477898753,0.026271386477898753
NVDA,2002-09-03,0.72469,-0.06444321722691226,0.06444321722691226
NVDA,2002-09-04,0.720097,-0.006358052048629487,0.006358052048629487
NVDA,2002-09-05,0.692529,-0.03903581071711625,0.03903581071711625
NVDA,2002-09-06,0.708612,0.02295801264801221,0.02295801264801221
NVDA,2002-09-09,0.706314,-0.0032482292650144657,0.0032482292650144657
NVDA,2002-09-10,0.807285,0.13361686795100677,0.13361686795100677
NVDA,2002-09-11,0.848634,0.049951232181660206,0.049951232181660206
NVDA,2002-09-12,0.821068,-0.03302206611192086,0.03302206611192086
NVDA,2002-09-13,0.807285,-0.0169291660697393,0.0169291660697393
NVDA,2002-09-16,0.756849,-0.06451300383305933,0.06451300383305933
NVDA,2002-09-17,0.745363,-0.015292413907140024,0.015292413907140024
NVDA,2002-09-18,0.72469,-0.028127370828059585,0.028127370828059585
NVDA,2002-09-19,0.699422,-0.03548969753885427,0.03548969753885427
NVDA,2002-09-20,0.704016,0.0065468035046342835,0.0065468035046342835
NVDA,2002-09-23,0.674251,-0.04319863802436646,0.04319863802436646
NVDA,2002-09-24,0.678847,0.006793325649964763,0.006793325649964763
NVDA,2002-09-25,0.715601,0.05272697826421139,0.05272697826421139
NVDA,2002-09-26,0.678847,-0.052726978264211403,0.052726978264211403
NVDA,2002-09-27,0.65368,-0.03777783572165534,0.03777783572165534
NVDA,2002-09-30,0.65368,0.0,0.0
NVDA,2002-10-01,0.690334,0.05455760336760106,0.05455760336760106
NVDA,2002-10-02,0.688036,-0.003334376298249549,0.003334376298249549
NVDA,2002-10-03,0.655876,-0.047869415459319956,0.047869415459319956
NVDA,2002-10-04,0.621519,-0.053805265004294396,0.053805265004294396
NVDA,2002-10-07,0.591657,-0.04923940660241872,0.04923940660241872
NVDA,2002-10-08,0.573381,-0.03137665786139718,0.03137665786139718
NVDA,2002-10-09,0.564193,-0.016154025675335044,0.016154025675335044
NVDA,2002-10-10,0.591657,0.04753068353673219,0.04753068353673219
NVDA,2002-10-11,0.674251,0.13067537006837215,0.13067537006837215
NVDA,2002-10-14,0.65368,-0.0309845100716906,0.0309845100716906
NVDA,2002-10-15,0.722491,0.10008702808514433,0.10008702808514433
NVDA,2002-10-16,0.660372,-0.08990165056080288,0.08990165056080288
NVDA,2002-10-17,0.710908,0.07373971361216096,0.07373971361216096
NVDA,2002-10-18,0.717699,0.009507234882265233,0.009507234882265233
NVDA,2002-10-21,0.784415,0.08888795594061247,0.08888795594061247
NVDA,2002-10-22,0.809583,0.03158108325319187,0.03158108325319187
NVDA,2002-10-23,0.841744,0.038956629719627475,0.038956629719627475
NVDA,2002-10-24,0.800395,-0.05037057419514679,0.05037057419514679
NVDA,2002-10-25,0.848634,0.058522642143143476,0.058522642143143476
NVDA,2002-10-28,0.853229,0.005399977748799473,0.005399977748799473
NVDA,2002-10-29,0.816574,-0.043910436660677746,0.043910436660677746
NVDA,2002-10-30,0.86002,0.05183810574632468,0.05183810574632468
NVDA,2002-10-31,0.910356,0.056880087008802226,0.056880087008802226
NVDA,2002-11-01,1.07795,0.16898063640411914,0.16898063640411914
NVDA,2002-11-04,1.19479,0.10290934850130631,0.10290934850130631
NVDA,2002-11-05,1.14887,-0.03919158712007916,0.03919158712007916
NVDA,2002-11-06,1.23604,0.07313387036828667,0.07313387036828667
NVDA,2002-11-07,1.1123,-0.10548277735554627,0.10548277735554627
NVDA,2002-11-08,0.869209,-0.24660161992048849,0.24660161992048849
NVDA,2002-11-11,0.800395,-0.08247824686399038,0.08247824686399038
NVDA,2002-11-12,0.871506,0.08511739380445496,0.08511739380445496
NVDA,2002-11-13,0.898972,0.031029138651158812,0.031029138651158812
NVDA,2002-11-14,0.958597,0.06421886888756789,0.06421886888756789
NVDA,2002-11-15,1.02961,0.0714646115877768,0.0714646115877768
NVDA,2002-11-18,1.06866,0.037225437434285386,0.037225437434285386
NVDA,2002-11-19,1.08254,0.01290460451636111,0.01290460451636111
NVDA,2002-11-20,1.13758,0.04959306732731009,0.04959306732731009
NVDA,2002-11-21,1.23374,0.08114700732261529,0.08114700732261529
NVDA,2002-11-22,1.20169,-0.02632130700688407,0.02632130700688407
NVDA,2002-11-25,1.24524,0.035599383067036146,0.035599383067036146
NVDA,2002-11-26,1.21096,-0.02791484895087748,0.02791484895087748
NVDA,2002-11-27,1.30486,0.07468232185411935,0.07468232185411935
NVDA,2002-11-29,1.30944,0.0035038095747230115,0.0035038095747230115
NVDA,2002-12-02,1.30027,-0.007027629690893284,0.007027629690893284
NVDA,2002-12-03,1.21326,-0.06926098361656569,0.06926098361656569
NVDA,2002-12-04,1.06866,-0.12690542439694458,0.12690542439694458
NVDA,2002-12-05,1.07795,0.00865556202526742,0.00865556202526742
NVDA,2002-12-06,1.08025,0.0021314066080264623,0.0021314066080264623
NVDA,2002-12-09,0.992953,-0.0842644432062668,0.0842644432062668
NVDA,2002-12-10,1.07795,0.08213303659824046,0.08213303659824046
NVDA,2002-12-11,1.07106,-0.006412276916500425,0.006412276916500425
NVDA,2002-12-12,1.05278,-0.017214527857393747,0.017214527857393747
NVDA,2002-12-13,1.01144,-0.04005922642647982,0.04005922642647982
NVDA,2002-12-16,1.07106,0.05727375428387359,0.05727375428387359
NVDA,2002-12-17,1.07106,0.0,0.0
NVDA,2002-12-18,0.98846,-0.08025591484713127,0.08025591484713127
NVDA,2002-12-19,0.967785,-0.02113822127133393,0.02113822127133393
NVDA,2002-12-20,0.979171,0.01169634013737638,0.01169634013737638
NVDA,2002-12-23,0.986062,0.007012937643867352,0.007012937643867352
NVDA,2002-12-24,0.967785,-0.018709277781243677,0.018709277781243677
NVDA,2002-12-26,0.949409,-0.019170269425393394,0.019170269425393394
NVDA,2002-12-27,0.912555,-0.039591328130810836,0.039591328130810836
NVDA,2002-12-30,0.880595,-0.03565054225416697,0.03565054225416697
NVDA,2002-12-31,0.880595,0.0,0.0
NVDA,2003-01-02,0.940319,0.0656213640373398,0.0656213640373398
NVDA,2003-01-03,0.940319,0.0,0.0
NVDA,2003-01-06,1.01832,0.07969031016615989,0.07969031016615989
NVDA,2003-01-07,1.01364,-0.004606398034773294,0.004606398034773294
NVDA,2003-01-08,0.912555,-0.10505473391455925,0.10505473391455925
NVDA,2003-01-09,0.928732,0.017571857343020057,0.017571857343020057
NVDA,2003-01-10,0.944713,0.017060962706863202,0.017060962706863202
NVDA,2003-01-13,0.937924,-0.007212255393240139,0.007212255393240139
NVDA,2003-01-14,0.944713,0.007212255393240186,0.007212255393240186
NVDA,2003-01-15,0.914952,-0.032009572779624094,0.032009572779624094
NVDA,2003-01-16,0.853229,-0.06984362917765785,0.06984362917765785
NVDA,2003-01-17,0.821068,-0.038422043860720345,0.038422043860720345
NVDA,2003-01-21,0.800395,-0.02550057603122257,0.02550057603122257
NVDA,2003-01-22,0.802692,0.002865722910838684,0.002865722910838684
NVDA,2003-01-23,0.823466,0.025551182852183964,0.025551182852183964
NVDA,2003-01-24,0.777525,-0.0574064636992419,0.0574064636992419
NVDA,2003-01-27,0.766039,-0.014882715594639578,0.014882715594639578
NVDA,2003-01-28,0.793504,0.0352254986288942,0.0352254986288942
NVDA,2003-01-29,0.809583,0.02006071937748395,0.02006071937748395
NVDA,2003-01-30,0.777525,-0.0404035024117387,0.0404035024117387
NVDA,2003-01-31,0.789009,0.014661929747637555,0.014661929747637555
NVDA,2003-02-03,0.80499,0.02005212735623354,0.02005212735623354
NVDA,2003-02-04,0.768334,-0.0466053205399353,0.0466053205399353
NVDA,2003-02-05,0.775227,0.008931355250156479,0.008931355250156479
NVDA,2003-02-06,0.782018,0.008721868491838534,0.008721868491838534
NVDA,2003-02-07,0.745363,-0.048006410148427756,0.048006410148427756
NVDA,2003-02-10,0.754554,0.012255498188603947,0.012255498188603947
NVDA,2003-02-11,0.740769,-0.018438010419286565,0.018438010419286565
NVDA,2003-02-12,0.745363,0.006182512230682389,0.006182512230682389
NVDA,2003-02-13,0.754554,0.012255498188603947,0.012255498188603947
NVDA,2003-02-14,0.919546,0.19775322375835447,0.19775322375835447
NVDA,2003-02-18,0.972379,0.05586557617601532,0.05586557617601532
NVDA,2003-02-19,0.981467,0.009302744986389,0.009302744986389
NVDA,2003-02-20,0.981467,0.0,0.0
NVDA,2003-02-21,0.983865,0.0024403013740390417,0.0024403013740390417
NVDA,2003-02-24,0.99535,0.011605741581751795,0.011605741581751795
NVDA,2003-02-25,0.98846,-0.006946257659557957,0.006946257659557957
NVDA,2003-02-26,0.940319,-0.04992899704436525,0.04992899704436525
NVDA,2003-02-27,0.960895,0.02164596241857089,0.02164596241857089
NVDA,2003-02-28,0.965488,0.004768531183369714,0.004768531183369714
NVDA,2003-03-03,0.949409,-0.016793987254302523,0.016793987254302523
NVDA,2003-03-04,0.940319,-0.009620506347637997,0.009620506347637997
NVDA,2003-03-05,0.9563,0.016852491959477838,0.016852491959477838
NVDA,2003-03-06,0.940319,-0.01685249195947789,0.01685249195947789
NVDA,2003-03-07,0.954001,0.014445540269747356,0.014445540269747356
NVDA,2003-03-10,0.928732,-0.02684450470990013,0.02684450470990013
NVDA,2003-03-11,0.935725,0.007501414934242185,0.007501414934242185
NVDA,2003-03-12,0.960895,0.026543511924481424,0.026543511924481424
NVDA,2003-03-13,1.05728,0.09558970963791395,0.09558970963791395
NVDA,2003-03-14,1.02512,-0.03088989356179237,0.03088989356179237
NVDA,2003-03-17,1.08484,0.05662283177196379,0.05662283177196379
NVDA,2003-03-18,1.07795,-0.006371421458659115,0.006371421458659115
NVDA,2003-03-19,1.08254,0.004249042491093783,0.004249042491093783
NVDA,2003-03-20,1.09163,0.008361860355790977,0.008361860355790977
NVDA,2003-03-21,1.08254,-0.008361860355791022,0.008361860355791022
NVDA,2003-03-24,1.04128,-0.038859406104491574,0.038859406104491574
NVDA,2003-03-25,1.07106,0.02819808669689744,0.02819808669689744
NVDA,2003-03-26,1.10082,0.027406544331167532,0.027406544331167532
NVDA,2003-03-27,1.07106,-0.027406544331167536,0.027406544331167536
NVDA,2003-03-28,1.02741,-0.041607739994338824,0.041607739994338824
NVDA,2003-03-31,0.983865,-0.04330765877498631,0.04330765877498631
NVDA,2003-04-01,1.01364,0.029814399009215207,0.029814399009215207
NVDA,2003-04-02,1.05038,0.03560419091433565,0.03560419091433565
NVDA,2003-04-03,1.06416,0.013033752094369515,0.013033752094369515
NVDA,2003-04-04,1.02282,-0.039622237145222394,0.039622237145222394
NVDA,2003-04-07,1.03439,0.011248362579967206,0.011248362579967206
NVDA,2003-04-08,1.02512,-0.009002202080144349,0.009002202080144349
NVDA,2003-04-09,1.01832,-0.006655468328532437,0.006655468328532437
NVDA,2003-04-10,1.02512,0.0066554683285323666,0.0066554683285323666
NVDA,2003-04-11,1.01364,-0.011261866363305723,0.011261866363305723
NVDA,2003-04-14,1.02961,0.015632277217057556,0.015632277217057556
NVDA,2003-04-15,1.02512,-0.0043704108537517385,0.0043704108537517385
NVDA,2003-04-16,1.02512,0.0,0.0
NVDA,2003-04-17,1.04358,0.01784743075740549,0.01784743075740549
NVDA,2003-04-21,1.07106,0.025991702639398904,0.025991702639398904
NVDA,2003-04-22,1.08484,0.012783698375159419,0.012783698375159419
NVDA,2003-04-23,1.10772,0.020871338127385324,0.020871338127385324
NVDA,2003-04-24,1.07555,-0.029471690158253523,0.029471690158253523
NVDA,2003-04-25,1.03658,-0.03690532590759279,0.03690532590759279
NVDA,2003-04-28,1.06636,0.02832414705944604,0.02832414705944604
NVDA,2003-04-29,1.10082,0.03180437683502286,0.03180437683502286
NVDA,2003-04-30,1.09163,-0.008383364567782329,0.008383364567782329
NVDA,2003-05-01,1.10312,0.010470536482585013,0.010470536482585013
NVDA,2003-05-02,1.21556,0.09706234740671243,0.09706234740671243
NVDA,2003-05-05,1.24524,0.024123406464988974,0.024123406464988974
NVDA,2003-05-06,1.24754,0.001845329834699922,0.001845329834699922
NVDA,2003-05-07,1.22696,-0.016634046897362666,0.016634046897362666
NVDA,2003-05-08,1.22696,0.0,0.0
NVDA,2003-05-12,1.58681,-0.02853387351591429,0.02853387351591429
NVDA,2003-05-13,1.55705,-0.018932706255467783,0.018932706255467783
NVDA,2003-05-14,1.55705,0.0,0.0
NVDA,2003-05-15,1.60998,0.033428751184822976,0.033428751184822976
NVDA,2003-05-16,1.62586,0.009815149998753395,0.009815149998753395
NVDA,2003-05-19,1.52039,-0.06707002566291381,0.06707002566291381
NVDA,2003-05-20,1.54325,0.014923701397063604,0.014923701397063604
NVDA,2003-05-21,1.59838,0.03510003402948901,0.03510003402948901
NVDA,2003-05-22,1.60298,0.002873780621861998,0.002873780621861998
NVDA,2003-05-23,1.5962,-0.00423859248344783,0.00423859248344783
NVDA,2003-05-27,1.73603,0.08397509273506104,0.08397509273506104
NVDA,2003-05-28,1.73144,-0.0026474649706956965,0.0026474649706956965
NVDA,2003-05-29,1.85089,0.06671317226477466,0.06671317226477466
NVDA,2003-05-30,1.9998,0.0773805710707005,0.0773805710707005
NVDA,2003-06-02,1.88982,-0.05656558911873437,0.05656558911873437
NVDA,2003-06-03,1.92888,0.020457937149558108,0.020457937149558108
NVDA,2003-06-04,1.97462,0.02343645118712962,0.02343645118712962
NVDA,2003-06-05,2.03204,0.02866423978429235,0.02866423978429235
NVDA,2003-06-06,1.97014,-0.030935608347180545,0.030935608347180545
NVDA,2003-06-09,1.94486,-0.012914611169358532,0.012914611169358532
NVDA,2003-06-10,1.97462,0.01518597973224678,0.01518597973224678
NVDA,2003-06-11,1.97462,0.0,0.0
NVDA,2003-06-12,1.94486,-0.015185979732246785,0.015185979732246785
NVDA,2003-06-13,1.79345,-0.0810488558936877,0.0810488558936877
NVDA,2003-06-16,1.8325,0.02154001562703875,0.02154001562703875
NVDA,2003-06-17,1.87605,0.023487347902218788,0.023487347902218788
NVDA,2003-06-18,1.94716,0.03720339804206768,0.03720339804206768
NVDA,2003-06-19,1.8302,-0.06194665022381519,0.06194665022381519
NVDA,2003-06-20,1.80953,-0.011358107449398197,0.011358107449398197
NVDA,2003-06-23,1.74521,-0.036192250796549585,0.036192250796549585
NVDA,2003-06-24,1.74301,-0.0012613884971141593,0.0012613884971141593
NVDA,2003-06-25,1.75441,0.0065191143036182906,0.0065191143036182906
NVDA,2003-06-26,1.75671,0.001310123452904565,0.001310123452904565
NVDA,2003-06-27,1.72684,-0.017149592847280983,0.017149592847280983
NVDA,2003-06-30,1.75211,0.014527627266086883,0.014527627266086883
NVDA,2003-07-01,1.8232,0.039772423017929756,0.039772423017929756
NVDA,2003-07-02,1.81871,-0.002465740380671895,0.002465740380671895
NVDA,2003-07-03,1.79794,-0.011485893487609904,0.011485893487609904
NVDA,2003-07-07,1.91508,0.06311783213590257,0.06311783213590257
NVDA,2003-07-08,1.89442,-0.010846674132705644,0.010846674132705644
NVDA,2003-07-09,1.93796,0.022723150336436175,0.022723150336436175
NVDA,2003-07-10,1.85777,-0.042259029711987306,0.042259029711987306
NVDA,2003-07-11,1.86695,0.004929239560292238,0.004929239560292238
NVDA,2003-07-14,1.85309,-0.0074515672585794696,0.0074515672585794696
NVDA,2003-07-15,1.79345,-0.03271337685878333,0.03271337685878333
NVDA,2003-07-16,1.77058,-0.012833962626624174,0.012833962626624174
NVDA,2003-07-17,1.68098,-0.051930219849258434,0.051930219849258434
NVDA,2003-07-18,1.62586,-0.03334005011802972,0.03334005011802972
NVDA,2003-07-21,1.60078,-0.01554589610150273,0.01554589610150273
NVDA,2003-07-22,1.62826,0.01702094953232669,0.01702094953232669
NVDA,2003-07-23,1.64883,0.012553985490988066,0.012553985490988066
NVDA,2003-07-24,1.58461,-0.03972762520955756,0.03972762520955756
NVDA,2003-07-25,1.60998,0.015883436288992137,0.015883436288992137
NVDA,2003-07-28,1.55935,-0.031952688793861705,0.031952688793861705
NVDA,2003-07-29,1.45867,-0.06674400612418789,0.06674400612418789
NVDA,2003-07-30,1.44257,-0.011098816555103098,0.011098816555103098
NVDA,2003-07-31,1.45867,0.01109881655510314,0.01109881655510314
NVDA,2003-08-01,1.5066,0.03233039476854175,0.03233039476854175
NVDA,2003-08-04,1.56393,0.03734642767878808,0.03734642767878808
NVDA,2003-08-05,1.55935,-0.0029328163231420665,0.0029328163231420665
NVDA,2003-08-06,1.49524,-0.041982338689779714,0.041982338689779714
NVDA,2003-08-07,1.47465,-0.013866055576417608,0.013866055576417608
NVDA,2003-08-08,1.18582,-0.21798615509937674,0.21798615509937674
NVDA,2003-08-11,1.24994,0.05266103176264367,0.05266103176264367
NVDA,2003-08-12,1.27509,0.019921214192278547,0.019921214192278547
NVDA,2003-08-13,1.28199,0.005396793801591885,0.005396793801591885
NVDA,2003-08-14,1.23834,-0.03464178508884106,0.03464178508884106
NVDA,2003-08-15,1.23374,-0.0037215667043039814,0.0037215667043039814
NVDA,2003-08-18,1.2705,0.02936031741518362,0.02936031741518362
NVDA,2003-08-19,1.36919,0.07480880033422961,0.07480880033422961
NVDA,2003-08-20,1.3485,-0.015226460514663703,0.015226460514663703
NVDA,2003-08-21,1.38537,0.026974388378417768,0.026974388378417768
NVDA,2003-08-22,1.39673,0.008166538323822121,0.008166538323822121
NVDA,2003-08-25,1.38756,-0.006586981353153983,0.006586981353153983
NVDA,2003-08-26,1.36699,-0.014935566520631903,0.014935566520631903
NVDA,2003-08-27,1.40592,0.028080650339294244,0.028080650339294244
NVDA,2003-08-28,1.37159,-0.02472124194066771,0.02472124194066771
NVDA,2003-08-29,1.38996,0.013304318925389717,0.013304318925389717
NVDA,2003-09-02,1.37599,-0.010101497707234525,0.010101497707234525
NVDA,2003-09-03,1.3508,-0.018476462513607874,0.018476462513607874
NVDA,2003-09-04,1.36229,0.0084700977066109,0.0084700977066109
NVDA,2003-09-05,1.4288,0.04766782390421111,0.04766782390421111
NVDA,2003-09-08,1.49294,0.04391239906755281,0.04391239906755281
NVDA,2003-09-09,1.58461,0.059590990062322546,0.059590990062322546
NVDA,2003-09-10,1.47685,-0.07042687908857478,0.07042687908857478
NVDA,2003-09-11,1.45867,-0.012386379540482717,0.012386379540482717
NVDA,2003-09-12,1.47915,0.013942536823395217,0.013942536823395217
NVDA,2003-09-15,1.45407,-0.01710107745817757,0.01710107745817757
NVDA,2003-09-16,1.49982,0.030978579901455205,0.030978579901455205
NVDA,2003-09-17,1.51819,0.012173734923785593,0.012173734923785593
NVDA,2003-09-18,1.52959,0.0074808898053516214,0.0074808898053516214
NVDA,2003-09-19,1.5159,-0.008990403652889913,0.008990403652889913
NVDA,2003-09-22,1.45627,-0.04013094984069181,0.04013094984069181
NVDA,2003-09-23,1.47005,0.009418041674493742,0.009418041674493742
NVDA,2003-09-24,1.36,-0.07781171406967684,0.07781171406967684
NVDA,2003-09-25,1.33932,-0.015322677274473845,0.015322677274473845
NVDA,2003-09-26,1.28899,-0.038303056498430264,0.038303056498430264
NVDA,2003-09-29,1.22016,-0.05487696828799485,0.05487696828799485
NVDA,2003-09-30,1.22016,0.0,0.0
NVDA,2003-10-01,1.23144,0.009202218632620378,0.009202218632620378
NVDA,2003-10-02,1.24994,0.01491133384249084,0.01491133384249084
NVDA,2003-10-03,1.28199,0.025318007993870368,0.025318007993870368
NVDA,2003-10-06,1.2729,-0.007115796261791461,0.007115796261791461
NVDA,2003-10-07,1.28429,0.00890827456955272,0.00890827456955272
NVDA,2003-10-08,1.23834,-0.03643426339660234,0.03643426339660234
NVDA,2003-10-09,1.25673,0.014741336332661104,0.014741336332661104
NVDA,2003-10-10,1.27969,0.01810475169953398,0.01810475169953398
NVDA,2003-10-13,1.29119,0.008946412670578361,0.008946412670578361
NVDA,2003-10-14,1.31644,0.01936684975637207,0.01936684975637207
NVDA,2003-10-15,1.29808,-0.014044873861729952,0.014044873861729952
NVDA,2003-10-16,1.31414,0.012296209623361618,0.012296209623361618
NVDA,2003-10-17,1.2729,-0.031884697393727714,0.031884697393727714
NVDA,2003-10-20,1.30257,0.02304147410934388,0.02304147410934388
NVDA,2003-10-21,1.34162,0.029538602985196817,0.029538602985196817
NVDA,2003-10-22,1.31874,-0.017201103713692083,0.017201103713692083
NVDA,2003-10-23,1.31174,-0.0053222351233244885,0.0053222351233244885
NVDA,2003-10-24,1.30726,-0.0034211564487273954,0.0034211564487273954
NVDA,2003-10-27,1.31414,0.005249115584930907,0.005249115584930907
NVDA,2003-10-28,1.39673,0.06095133101190821,0.06095133101190821
NVDA,2003-10-29,1.39673,0.0,0.0
NVDA,2003-10-30,1.36919,-0.01991446618757631,0.01991446618757631
NVDA,2003-10-31,1.3508,-0.013522314583035702,0.013522314583035702
NVDA,2003-11-03,1.37599,0.018476462513607864,0.018476462513607864
NVDA,2003-11-04,1.38069,0.0034099021678807963,0.0034099021678807963
NVDA,2003-11-05,1.38069,0.0,0.0
NVDA,2003-11-06,1.38996,0.006691595539353635,0.006691595539353635
NVDA,2003-11-07,1.66261,0.1791136870224536,0.1791136870224536
NVDA,2003-11-10,1.65802,-0.0027645374060462405,0.0027645374060462405
NVDA,2003-11-11,1.61678,-0.02518760244956654,0.02518760244956654
NVDA,2003-11-12,1.63734,0.01263645691272156,0.01263645691272156
NVDA,2003-11-13,1.63973,0.0014586203063966644,0.0014586203063966644
NVDA,2003-11-14,1.54106,-0.06206110280007242,0.06206110280007242
NVDA,2003-11-17,1.52489,-0.010548215025746845,0.010548215025746845
NVDA,2003-11-18,1.5044,-0.01352812869621348,0.01352812869621348
NVDA,2003-11-19,1.54565,0.027050386235305948,0.027050386235305948
NVDA,2003-11-20,1.5044,-0.027050386235305986,0.027050386235305986
NVDA,2003-11-21,1.5114,0.004642225990438198,0.004642225990438198
NVDA,2003-11-24,1.60078,0.057454636851733194,0.057454636851733194
NVDA,2003-11-25,1.62356,0.014130258612901136,0.014130258612901136
NVDA,2003-11-26,1.63045,0.004234781267876586,0.004234781267876586
NVDA,2003-11-28,1.62356,-0.004234781267876639,0.004234781267876639
NVDA,2003-12-01,1.64653,0.014048774066833126,0.014048774066833126
NVDA,2003-12-02,1.63973,-0.0041384489998730475,0.0041384489998730475
NVDA,2003-12-03,1.62136,-0.011266290907156189,0.011266290907156189
NVDA,2003-12-04,1.61448,-0.0042523798255978155,0.0042523798255978155
NVDA,2003-12-05,1.56164,-0.03327637230058583,0.03327637230058583
NVDA,2003-12-08,1.57313,0.007330714186623675,0.007330714186623675
NVDA,2003-12-09,1.49064,-0.05386170735234057,0.05386170735234057
NVDA,2003-12-10,1.52279,0.02133862071708481,0.02133862071708481
NVDA,2003-12-11,1.60078,0.04994683180211064,0.04994683180211064
NVDA,2003-12-12,1.59381,-0.00436363418142561,0.00436363418142561
NVDA,2003-12-15,1.56164,-0.02039082517205287,0.02039082517205287
NVDA,2003-12-16,1.58232,0.01315557338827969,0.01315557338827969
NVDA,2003-12-17,1.55255,-0.018993384064963266,0.018993384064963266
NVDA,2003-12-18,1.58681,0.021826971203556367,0.021826971203556367
NVDA,2003-12-19,1.60998,0.01449604492935514,0.01449604492935514
NVDA,2003-12-22,1.61218,0.0013655438226926222,0.0013655438226926222
NVDA,2003-12-23,1.67868,0.04042046991254487,0.04042046991254487
NVDA,2003-12-24,1.6673,-0.006802218709926253,0.006802218709926253
NVDA,2003-12-26,1.73842,0.0417711031416561,0.0417711031416561
NVDA,2003-12-29,1.81182,0.041355210212190095,0.041355210212190095
NVDA,2003-12-30,1.81642,0.00253566603349307,0.00253566603349307
NVDA,2003-12-31,1.77277,-0.02432423592664443,0.02432423592664443
NVDA,2004-01-02,1.76369,-0.005135089865371842,0.005135089865371842
NVDA,2004-01-05,1.821,0.031977595565871736,0.031977595565871736
NVDA,2004-01-06,1.89671,0.04073500556384364,0.04073500556384364
NVDA,2004-01-07,1.9128,0.008447330852663333,0.008447330852663333
NVDA,2004-01-08,1.91968,0.003590368320613213,0.003590368320613213
NVDA,2004-01-09,1.94716,0.014213395240364699,0.014213395240364699
NVDA,2004-01-12,1.97014,0.011732705491720938,0.011732705491720938
NVDA,2004-01-13,1.86695,-0.05379852294568346,0.05379852294568346
NVDA,2004-01-14,1.85309,-0.0074515672585794696,0.0074515672585794696
NVDA,2004-01-15,1.85777,0.0025223276982872392,0.0025223276982872392
NVDA,2004-01-16,1.88522,0.01466768125641986,0.01466768125641986
NVDA,2004-01-20,1.93796,0.027591348455567453,0.027591348455567453
NVDA,2004-01-21,1.84849,-0.04726678383249528,0.04726678383249528
NVDA,2004-01-22,1.80493,-0.023847279718793055,0.023847279718793055
NVDA,2004-01-23,1.76598,-0.021816032780073387,0.021816032780073387
NVDA,2004-01-26,1.83489,0.038278757116315655,0.038278757116315655
NVDA,2004-01-27,1.72924,-0.059302528577644856,0.059302528577644856
NVDA,2004-01-28,1.72465,-0.002657874282095186,0.002657874282095186
NVDA,2004-01-29,1.6741,-0.029748423906300794,0.029748423906300794
NVDA,2004-01-30,1.70165,0.01632266114165777,0.01632266114165777
NVDA,2004-02-02,1.72924,0.016083637046738174,0.016083637046738174
NVDA,2004-02-03,1.72235,-0.003992368242834501,0.003992368242834501
NVDA,2004-02-04,1.6763,-0.027100653730068414,0.027100653730068414
NVDA,2004-02-05,1.70165,0.015009384926164708,0.015009384926164708
NVDA,2004-02-06,1.74061,0.022637257920865402,0.022637257920865402
NVDA,2004-02-09,1.72684,-0.00794247783680454,0.00794247783680454
NVDA,2004-02-10,1.79115,0.036564723000045665,0.036564723000045665
NVDA,2004-02-11,1.85309,0.03399664434504785,0.03399664434504785
NVDA,2004-02-12,1.79794,-0.030212950929358613,0.030212950929358613
NVDA,2004-02-13,1.78196,-0.008927682973482148,0.008927682973482148
NVDA,2004-02-17,1.80033,0.010256099324377033,0.010256099324377033
NVDA,2004-02-18,1.80033,0.0,0.0
NVDA,2004-02-19,1.80033,0.0,0.0
NVDA,2004-02-20,1.84629,0.025208238735060732,0.025208238735060732
NVDA,2004-02-23,1.78196,-0.03546433805943783,0.03546433805943783
NVDA,2004-02-24,1.71085,-0.04072355907097506,0.04072355907097506
NVDA,2004-02-25,1.72005,0.005363037133687667,0.005363037133687667
NVDA,2004-02-26,1.73144,0.006600072053850723,0.006600072053850723
NVDA,2004-02-27,1.70165,-0.017355063642877148,0.017355063642877148
NVDA,2004-03-01,1.72684,0.014694780084060914,0.014694780084060914
NVDA,2004-03-02,1.69477,-0.01874611025540352,0.01874611025540352
NVDA,2004-03-03,1.6717,-0.013705965683469093,0.013705965683469093
NVDA,2004-03-04,1.70855,0.021803984856055243,0.021803984856055243
NVDA,2004-03-05,1.69717,-0.006682899565215271,0.006682899565215271
NVDA,2004-03-08,1.63734,-0.0358891841876077,0.0358891841876077
NVDA,2004-03-09,1.62586,-0.007036067271961889,0.007036067271961889
NVDA,2004-03-10,1.60298,-0.014172509614499017,0.014172509614499017
NVDA,2004-03-11,1.58921,-0.00862735953050921,0.00862735953050921
NVDA,2004-03-12,1.62356,0.02138423165640664,0.02138423165640664
NVDA,2004-03-15,1.58681,-0.022895557439506917,0.022895557439506917
NVDA,2004-03-16,1.65572,0.042510247911860075,0.042510247911860075
NVDA,2004-03-17,1.69477,0.023311078868447146,0.023311078868447146
NVDA,2004-03-18,1.71555,0.012186690503281248,0.012186690503281248
NVDA,2004-03-19,1.69477,-0.01218669050328112,0.01218669050328112
NVDA,2004-03-22,1.68098,-0.008170081734169067,0.008170081734169067
NVDA,2004-03-23,1.68788,0.004096346923606734,0.004096346923606734
NVDA,2004-03-24,1.76369,0.04393490158024421,0.04393490158024421
NVDA,2004-03-25,1.86695,0.05689787808939458,0.05689787808939458
NVDA,2004-03-26,1.86227,-0.002509909555811523,0.002509909555811523
NVDA,2004-03-29,1.94266,0.04226199423678728,0.04226199423678728
NVDA,2004-03-30,1.9998,0.028989007609642656,0.028989007609642656
NVDA,2004-03-31,2.01816,0.009139029651003248,0.009139029651003248
NVDA,2004-04-01,1.98161,-0.018276559603205973,0.018276559603205973
NVDA,2004-04-02,2.01127,0.014856717732241214,0.014856717732241214
NVDA,2004-04-05,2.08219,0.03465386109471128,0.03465386109471128
NVDA,2004-04-06,1.9975,-0.04152382577606902,0.04152382577606902
NVDA,2004-04-07,1.98831,-0.004611366966922406,0.004611366966922406
NVDA,2004-04-08,2.04333,0.027295798265939055,0.027295798265939055
NVDA,2004-04-12,2.00678,-0.01804938249421892,0.01804938249421892
NVDA,2004-04-13,1.95876,-0.02421982749128361,0.02421982749128361
NVDA,2004-04-14,1.97014,0.0057929862428701285,0.0057929862428701285
NVDA,2004-04-15,1.86695,-0.05379852294568346,0.05379852294568346
NVDA,2004-04-16,1.80493,-0.03378427339959306,0.03378427339959306
NVDA,2004-04-19,1.80263,-0.0012751002403990452,0.0012751002403990452
NVDA,2004-04-20,1.72684,-0.042953560963680734,0.042953560963680734
NVDA,2004-04-21,1.72924,0.0013888569626773484,0.0013888569626773484
NVDA,2004-04-22,1.73842,0.0052946490979341706,0.0052946490979341706
NVDA,2004-04-23,1.77737,0.022158088867160888,0.022158088867160888
NVDA,2004-04-26,1.70615,-0.040895373418087695,0.040895373418087695
NVDA,2004-04-27,1.69257,-0.007991286289485174,0.007991286289485174
NVDA,2004-04-28,1.68568,-0.004079040659105135,0.004079040659105135
NVDA,2004-04-29,1.63973,-0.02763744909033817,0.02763744909033817
NVDA,2004-04-30,1.56863,-0.04432896718784134,0.04432896718784134
NVDA,2004-05-03,1.54795,-0.013271152043950116,0.013271152043950116
NVDA,2004-05-04,1.64653,0.06173856823166443,0.06173856823166443
NVDA,2004-05-05,1.66032,0.008340311738881327,0.008340311738881327
NVDA,2004-05-06,1.6741,0.008265352564770772,0.008265352564770772
NVDA,2004-05-07,1.68788,0.008197596159752784,0.008197596159752784
NVDA,2004-05-10,1.62136,-0.04020800037043411,0.04020800037043411
NVDA,2004-05-11,1.66261,0.02512335354365086,0.02512335354365086
NVDA,2004-05-12,1.63973,-0.013857062636494622,0.013857062636494622
NVDA,2004-05-13,1.64433,0.0028014122813624686,0.0028014122813624686
NVDA,2004-05-14,1.64433,0.0,0.0
NVDA,2004-05-17,1.61907,-0.015481096090833188,0.015481096090833188
NVDA,2004-05-18,1.64433,0.015481096090833217,0.015481096090833217
NVDA,2004-05-19,1.63973,-0.0028014122813624213,0.0028014122813624213
NVDA,2004-05-20,1.61678,-0.014095077219118063,0.014095077219118063
NVDA,2004-05-21,1.62136,0.0028287863119619214,0.0028287863119619214
NVDA,2004-05-24,1.61448,-0.0042523798255978155,0.0042523798255978155
NVDA,2004-05-25,1.68568,0.04315611982309209,0.04315611982309209
NVDA,2004-05-26,1.72005,0.020184316943871086,0.020184316943871086
NVDA,2004-05-27,1.72465,0.0026707711756166048,0.0026707711756166048
NVDA,2004-05-28,1.79345,0.03911700780572805,0.03911700780572805
NVDA,2004-06-01,1.79115,-0.0012832674862645731,0.0012832674862645731
NVDA,2004-06-02,1.77737,-0.0077231280722731615,0.0077231280722731615
NVDA,2004-06-03,1.69257,-0.0488866597075729,0.0488866597075729
NVDA,2004-06-04,1.6741,-0.010972376445918195,0.010972376445918195
NVDA,2004-06-07,1.71555,0.024458021473596287,0.024458021473596287
NVDA,2004-06-08,1.68568,-0.017564685686783273,0.017564685686783273
NVDA,2004-06-09,1.60528,-0.048870847031249484,0.048870847031249484
NVDA,2004-06-10,1.58921,-0.01006115878245545,0.01006115878245545
NVDA,2004-06-14,1.54106,-0.03076654607670563,0.03076654607670563
NVDA,2004-06-15,1.56393,0.014731392752240821,0.014731392752240821
NVDA,2004-06-16,1.53866,-0.016289976315575702,0.016289976315575702
NVDA,2004-06-17,1.509,-0.019464727986957867,0.019464727986957867
NVDA,2004-06-18,1.5114,0.0015891938187707205,0.0015891938187707205
NVDA,2004-06-21,1.48365,-0.018531105732660147,0.018531105732660147
NVDA,2004-06-22,1.52489,0.027417008438435295,0.027417008438435295
NVDA,2004-06-23,1.55255,0.01797646411579592,0.01797646411579592
NVDA,2004-06-24,1.53866,-0.008986832653383842,0.008986832653383842
NVDA,2004-06-25,1.54795,0.006019567131615668,0.006019567131615668
NVDA,2004-06-28,1.53418,-0.00893543855622206,0.00893543855622206
NVDA,2004-06-29,1.58681,0.033729675281546516,0.033729675281546516
NVDA,2004-06-30,1.56393,-0.014523827541364494,0.014523827541364494
NVDA,2004-07-01,1.49294,-0.04645455388059498,0.04645455388059498
NVDA,2004-07-02,1.47225,-0.013955487365107246,0.013955487365107246
NVDA,2004-07-06,1.38537,-0.060824590866477735,0.060824590866477735
NVDA,2004-07-07,1.39216,0.004889245859511923,0.004889245859511923
NVDA,2004-07-08,1.3508,-0.030159488306301652,0.030159488306301652
NVDA,2004-07-09,1.29119,-0.04513273575930002,0.04513273575930002
NVDA,2004-07-12,1.26142,-0.02332620324949407,0.02332620324949407
NVDA,2004-07-13,1.25903,-0.001896487306897952,0.001896487306897952
NVDA,2004-07-14,1.20409,-0.04461748829009355,0.04461748829009355
NVDA,2004-07-15,1.19479,-0.007753657200304578,0.007753657200304578
NVDA,2004-07-16,1.16033,-0.02926599030383861,0.02926599030383861
NVDA,2004-07-19,1.17422,0.011899649956989656,0.011899649956989656
NVDA,2004-07-20,1.19709,0.019289514342950603,0.019289514342950603
NVDA,2004-07-21,1.12369,-0.06327569899954226,0.06327569899954226
NVDA,2004-07-22,1.14887,0.022160937883361407,0.022160937883361407
NVDA,2004-07-23,1.11689,-0.028230813431574592,0.028230813431574592
NVDA,2004-07-26,1.08714,-0.026997642477597502,0.026997642477597502
NVDA,2004-07-27,1.12149,0.0311077636149246,0.0311077636149246
NVDA,2004-07-28,1.09392,-0.024890583125511876,0.024890583125511876
NVDA,2004-07-29,1.16503,0.06297926257572521,0.06297926257572521
NVDA,2004-07-30,1.17882,0.011767100384917776,0.011767100384917776
NVDA,2004-08-02,1.19479,0.013456499579195518,0.013456499579195518
NVDA,2004-08-03,1.13288,-0.053207374790519096,0.053207374790519096
NVDA,2004-08-04,1.14438,0.010099942701586826,0.010099942701586826
NVDA,2004-08-05,1.1123,-0.028433062018406615,0.028433062018406615
NVDA,2004-08-09,0.752155,0.043556494573822,0.043556494573822
NVDA,2004-08-10,0.811881,0.07641135796586516,0.07641135796586516
NVDA,2004-08-11,0.789009,-0.02857605007286361,0.02857605007286361
NVDA,2004-08-12,0.770632,-0.023566770211478662,0.023566770211478662
NVDA,2004-08-13,0.802692,0.04076012131089891,0.04076012131089891
NVDA,2004-08-16,0.795901,-0.008496272474078017,0.008496272474078017
NVDA,2004-08-17,0.839345,0.0531470195098862,0.0531470195098862
NVDA,2004-08-18,0.894376,0.06350444264916985,0.06350444264916985
NVDA,2004-08-19,0.89208,-0.002570453752215112,0.002570453752215112
NVDA,2004-08-20,0.944713,0.05732536300562338,0.05732536300562338
NVDA,2004-08-23,0.965488,0.02175249533523011,0.02175249533523011
NVDA,2004-08-24,0.928732,-0.03881345804209337,0.03881345804209337
NVDA,2004-08-25,0.967785,0.04118974021318425,0.04118974021318425
NVDA,2004-08-26,0.970083,0.002371679678039472,0.002371679678039472
NVDA,2004-08-27,0.98846,0.018766541593294425,0.018766541593294425
NVDA,2004-08-30,0.9563,-0.033076505084887395,0.033076505084887395
NVDA,2004-08-31,0.951704,-0.004817609280883292,0.004817609280883292
NVDA,2004-09-01,0.970083,0.01912757277247621,0.01912757277247621
NVDA,2004-09-02,1.01144,0.041748702156552214,0.041748702156552214
NVDA,2004-09-03,0.979171,-0.032424041697215224,0.032424041697215224
NVDA,2004-09-07,0.960895,-0.018841153491836994,0.018841153491836994
NVDA,2004-09-08,0.942517,-0.019311185519812805,0.019311185519812805
NVDA,2004-09-09,1.03658,0.09512815542943694,0.09512815542943694
NVDA,2004-09-10,1.07555,0.03690532590759265,0.03690532590759265
NVDA,2004-09-13,1.09622,0.019035739659604853,0.019035739659604853
NVDA,2004-09-14,1.10082,0.004187458327271382,0.004187458327271382
NVDA,2004-09-15,1.03898,-0.05781589398287757,0.05781589398287757
NVDA,2004-09-16,1.07795,0.03682162656821051,0.03682162656821051
NVDA,2004-09-17,1.12369,0.04155682349786582,0.04155682349786582
NVDA,2004-09-20,1.12149,-0.001959754410886291,0.001959754410886291
NVDA,2004-09-21,1.15127,0.026207522548903354,0.026207522548903354
NVDA,2004-09-22,1.09852,-0.04690186153554762,0.04690186153554762
NVDA,2004-09-23,1.10772,0.008340029485709131,0.008340029485709131
NVDA,2004-09-24,1.07326,-0.03160310323520375,0.03160310323520375
NVDA,2004-09-27,1.05498,-0.017178936170354108,0.017178936170354108
NVDA,2004-09-28,1.07106,0.015127002903013236,0.015127002903013236
NVDA,2004-09-29,1.09622,0.0232190860038961,0.0232190860038961
NVDA,2004-09-30,1.11002,0.012510134870663428,0.012510134870663428
NVDA,2004-10-01,1.15585,0.04045797086551072,0.04045797086551072
NVDA,2004-10-04,1.18792,0.02736787456022011,0.02736787456022011
NVDA,2004-10-05,1.16273,-0.021433190233552855,0.021433190233552855
NVDA,2004-10-06,1.16733,0.003948401308220681,0.003948401308220681
NVDA,2004-10-07,1.17422,0.0058850076959997225,0.0058850076959997225
NVDA,2004-10-08,1.11002,-0.05622606419639829,0.05622606419639829
NVDA,2004-10-11,1.11002,0.0,0.0
NVDA,2004-10-12,1.09392,-0.014610457996591471,0.014610457996591471
NVDA,2004-10-13,1.08714,-0.006217180489412664,0.006217180489412664
NVDA,2004-10-14,1.05498,-0.030028585291568582,0.030028585291568582
NVDA,2004-10-15,1.02512,-0.02871213049379117,0.02871213049379117
NVDA,2004-10-18,1.04358,0.01784743075740549,0.01784743075740549
NVDA,2004-10-19,1.03658,-0.006730276923902661,0.006730276923902661
NVDA,2004-10-20,1.05038,0.013225170717527218,0.013225170717527218
NVDA,2004-10-21,1.07326,0.021548742113115343,0.021548742113115343
NVDA,2004-10-22,1.01602,-0.05480771157080732,0.05480771157080732
NVDA,2004-10-25,1.02062,0.004517251769709102,0.004517251769709102
NVDA,2004-10-26,1.10772,0.08189356303630203,0.08189356303630203
NVDA,2004-10-27,1.13758,0.026599350232359282,0.026599350232359282
NVDA,2004-10-28,1.12609,-0.010151743564890056,0.010151743564890056
NVDA,2004-10-29,1.10532,-0.01861656966938524,0.01861656966938524
NVDA,2004-11-01,1.13058,0.02259588957430944,0.02259588957430944
NVDA,2004-11-02,1.14658,0.014052823085113813,0.014052823085113813
NVDA,2004-11-03,1.15585,0.00805240558001797,0.00805240558001797
NVDA,2004-11-04,1.17882,0.01967793409854102,0.01967793409854102
NVDA,2004-11-05,1.3485,0.13447892545365783,0.13447892545365783
NVDA,2004-11-08,1.36229,0.010174243638238748,0.010174243638238748
NVDA,2004-11-09,1.3554,-0.005070493516010962,0.005070493516010962
NVDA,2004-11-10,1.3554,0.0,0.0
NVDA,2004-11-11,1.38069,0.01848676049088878,0.01848676049088878
NVDA,2004-11-12,1.38299,0.0016644477877254837,0.0016644477877254837
NVDA,2004-11-15,1.40362,0.014806791700726353,0.014806791700726353
NVDA,2004-11-16,1.39893,-0.0033469550075155927,0.0033469550075155927
NVDA,2004-11-17,1.42411,0.017839398505684,0.017839398505684
NVDA,2004-11-18,1.44257,0.012879187888427705,0.012879187888427705
NVDA,2004-11-19,1.44937,0.0047027341730676185,0.0047027341730676185
NVDA,2004-11-22,1.49064,0.0280765786781404,0.0280765786781404
NVDA,2004-11-23,1.49752,0.004604848573916527,0.004604848573916527
NVDA,2004-11-24,1.50201,0.0029938045984573337,0.0029938045984573337
NVDA,2004-11-26,1.51819,0.010714624721980093,0.010714624721980093
NVDA,2004-11-29,1.48845,-0.019783525785150757,0.019783525785150757
NVDA,2004-11-30,1.46316,-0.017136829668186585,0.017136829668186585
NVDA,2004-12-01,1.49982,0.02474662052955161,0.02474662052955161
NVDA,2004-12-02,1.51819,0.012173734923785593,0.012173734923785593
NVDA,2004-12-03,1.58461,0.04281948443859888,0.04281948443859888
NVDA,2004-12-06,1.66032,0.04667203460485828,0.04667203460485828
NVDA,2004-12-07,1.74301,0.04860314888124763,0.04860314888124763
NVDA,2004-12-08,1.76369,0.011794701423520222,0.011794701423520222
NVDA,2004-12-09,1.74761,-0.009159064967615343,0.009159064967615343
NVDA,2004-12-10,1.78196,0.019464741895589867,0.019464741895589867
NVDA,2004-12-13,1.73373,-0.027438725215742213,0.027438725215742213
NVDA,2004-12-14,1.76838,0.01978871635571691,0.01978871635571691
NVDA,2004-12-15,1.78426,0.008939890201554428,0.008939890201554428
NVDA,2004-12-16,1.80723,0.012791522850375242,0.012791522850375242
NVDA,2004-12-17,1.76369,-0.02438708111987863,0.02438708111987863
NVDA,2004-12-20,1.74301,-0.01179470142352031,0.01179470142352031
NVDA,2004-12-21,1.75671,0.007829237756522793,0.007829237756522793
NVDA,2004-12-22,1.75901,0.0013084092749825178,0.0013084092749825178
NVDA,2004-12-23,1.76369,0.0026570543920149342,0.0026570543920149342
NVDA,2004-12-27,1.74761,-0.009159064967615343,0.009159064967615343
NVDA,2004-12-28,1.73842,-0.005272485486051487,0.005272485486051487
NVDA,2004-12-29,1.75441,0.009155963333764847,0.009155963333764847
NVDA,2004-12-30,1.74761,-0.0038834778477133325,0.0038834778477133325
NVDA,2004-12-31,1.80033,0.029720841219966754,0.029720841219966754
NVDA,2005-01-03,1.80263,0.0012767281970510337,0.0012767281970510337
NVDA,2005-01-04,1.71775,-0.04823141469995305,0.04823141469995305
NVDA,2005-01-05,1.73373,0.009259861962783032,0.009259861962783032
NVDA,2005-01-06,1.71775,-0.00925986196278299,0.00925986196278299
NVDA,2005-01-07,1.68328,-0.020271023980128505,0.020271023980128505
NVDA,2005-01-10,1.68788,0.0027290326504350675,0.0027290326504350675
NVDA,2005-01-11,1.63514,-0.03174487600459782,0.03174487600459782
NVDA,2005-01-12,1.62136,-0.008463124365836351,0.008463124365836351
NVDA,2005-01-13,1.63973,0.011266290907156093,0.011266290907156093
NVDA,2005-01-14,1.64433,0.0028014122813624686,0.0028014122813624686
NVDA,2005-01-18,1.6696,0.015251070363414707,0.015251070363414707
NVDA,2005-01-19,1.63274,-0.02232449163532982,0.02232449163532982
NVDA,2005-01-20,1.63514,0.001468842449232894,0.001468842449232894
NVDA,2005-01-21,1.63973,0.002803166541319857,0.002803166541319857
NVDA,2005-01-24,1.57313,-0.041464328846716116,0.041464328846716116
NVDA,2005-01-25,1.60078,0.01742374516685481,0.01742374516685481
NVDA,2005-01-26,1.62136,0.012774292772705106,0.012774292772705106
NVDA,2005-01-27,1.75211,0.07755547270248683,0.07755547270248683
NVDA,2005-01-28,1.74981,-0.0013135653188605142,0.0013135653188605142
NVDA,2005-01-31,1.75211,0.001313565318860549,0.001313565318860549
NVDA,2005-02-01,1.78426,0.018182987517694895,0.018182987517694895
NVDA,2005-02-02,1.88522,0.05504076151601874,0.05504076151601874
NVDA,2005-02-03,1.86467,-0.010960431225457555,0.010960431225457555
NVDA,2005-02-04,1.97233,0.05613149123972422,0.05613149123972422
NVDA,2005-02-07,1.94716,-0.012843684256431896,0.012843684256431896
NVDA,2005-02-08,1.96784,0.010564593789007384,0.010564593789007384
NVDA,2005-02-09,1.89901,-0.0356037967662429,0.0356037967662429
NVDA,2005-02-10,1.94266,0.022725470204248775,0.022725470204248775
NVDA,2005-02-11,1.9998,0.028989007609642656,0.028989007609642656
NVDA,2005-02-14,1.95636,-0.02196157180218576,0.02196157180218576
NVDA,2005-02-15,1.97462,0.009290371020138964,0.009290371020138964
NVDA,2005-02-16,1.96784,-0.003439480265601911,0.003439480265601911
NVDA,2005-02-17,1.94946,-0.009384083363506475,0.009384083363506475
NVDA,2005-02-18,2.16019,0.10264376964206519,0.10264376964206519
NVDA,2005-02-22,2.18786,0.012727716347289848,0.012727716347289848
NVDA,2005-02-23,2.11664,-0.033093971405879094,0.033093971405879094
NVDA,2005-02-24,2.17406,0.026766461482286372,0.026766461482286372
NVDA,2005-02-25,2.20394,0.013650280475399698,0.013650280475399698
NVDA,2005-02-28,2.21532,0.0051501948987222965,0.0051501948987222965
NVDA,2005-03-01,2.21072,-0.0020786082621191294,0.0020786082621191294
NVDA,2005-03-02,2.14651,-0.02947498690779879,0.02947498690779879
NVDA,2005-03-03,2.11664,-0.01401334168649069,0.01401334168649069
NVDA,2005-03-04,2.10734,-0.004403437055783709,0.004403437055783709
NVDA,2005-03-07,2.12813,0.009817171162880965,0.009817171162880965
NVDA,2005-03-08,2.02046,-0.05191845157853429,0.05191845157853429
NVDA,2005-03-09,1.96784,-0.026388713748532418,0.026388713748532418
NVDA,2005-03-10,1.96784,0.0,0.0
NVDA,2005-03-11,1.92438,-0.022332656572527223,0.022332656572527223
NVDA,2005-03-14,1.97692,0.026936240078756463,0.026936240078756463
NVDA,2005-03-15,1.93796,-0.01990420459750386,0.01990420459750386
NVDA,2005-03-16,1.9059,-0.016681535462228596,0.016681535462228596
NVDA,2005-03-17,1.88522,-0.01090981299333887,0.01090981299333887
NVDA,2005-03-18,1.84849,-0.019675435376927695,0.019675435376927695
NVDA,2005-03-21,1.9105,0.03299589831662404,0.03299589831662404
NVDA,2005-03-22,1.87605,-0.018196485223929366,0.018196485223929366
NVDA,2005-03-23,1.91738,0.0217911681337728,0.0217911681337728
NVDA,2005-03-24,1.92198,0.0023962338520354706,0.0023962338520354706
NVDA,2005-03-28,1.89901,-0.012023206920976024,0.012023206920976024
NVDA,2005-03-29,1.85777,-0.021955854037018954,0.021955854037018954
NVDA,2005-03-30,1.85777,0.0,0.0
NVDA,2005-03-31,1.81642,-0.022509312737086007,0.022509312737086007
NVDA,2005-04-01,1.79794,-0.010225965890559803,0.010225965890559803
NVDA,2005-04-04,1.78895,-0.005012709519664818,0.005012709519664818
NVDA,2005-04-05,1.75671,-0.018186114048789104,0.018186114048789104
NVDA,2005-04-06,1.78426,0.015561021936500876,0.015561021936500876
NVDA,2005-04-07,1.81642,0.01786376752251283,0.01786376752251283
NVDA,2005-04-08,1.79345,-0.012726391819984648,0.012726391819984648
NVDA,2005-04-11,1.75671,-0.020698397639029194,0.020698397639029194
NVDA,2005-04-12,1.77976,0.013035782240139534,0.013035782240139534
NVDA,2005-04-13,1.70395,-0.04352943849912786,0.04352943849912786
NVDA,2005-04-14,1.69028,-0.008054889568752204,0.008054889568752204
NVDA,2005-04-15,1.63274,-0.03463461053933693,0.03463461053933693
NVDA,2005-04-18,1.62136,-0.006994281916603464,0.006994281916603464
NVDA,2005-04-19,1.6763,0.033323680426174354,0.033323680426174354
NVDA,2005-04-20,1.62586,-0.030552077097376725,0.030552077097376725
NVDA,2005-04-21,1.71555,0.053696822355479894,0.053696822355479894
NVDA,2005-04-22,1.69926,-0.00954086673666169,0.00954086673666169
NVDA,2005-04-25,1.72684,0.01610028648878414,0.01610028648878414
NVDA,2005-04-26,1.72005,-0.003939788495034562,0.003939788495034562
NVDA,2005-04-27,1.65342,-0.03950749012056737,0.03950749012056737
NVDA,2005-04-28,1.65802,0.002778249316806515,0.002778249316806515
NVDA,2005-04-29,1.6763,0.010964864288569713,0.010964864288569713
NVDA,2005-05-02,1.6696,-0.004004906874241075,0.004004906874241075
NVDA,2005-05-03,1.66032,-0.0055737219060226625,0.0055737219060226625
NVDA,2005-05-04,1.71305,0.031265052599259185,0.031265052599259185
NVDA,2005-05-05,1.74761,0.019973732737893428,0.019973732737893428
NVDA,2005-05-06,1.77058,0.013058036313022754,0.013058036313022754
NVDA,2005-05-09,1.80493,0.019214633344394026,0.019214633344394026
NVDA,2005-05-10,1.73373,-0.04024665297756924,0.04024665297756924
NVDA,2005-05-11,1.70395,-0.01732607163821808,0.01732607163821808
NVDA,2005-05-12,1.74301,0.022664418502465714,0.022664418502465714
NVDA,2005-05-13,1.93576,0.10488651047162112,0.10488651047162112
NVDA,2005-05-16,1.94266,0.0035581537222693885,0.0035581537222693885
NVDA,2005-05-17,1.96555,0.011713936425886067,0.011713936425886067
NVDA,2005-05-18,1.97932,0.006981247000074095,0.006981247000074095
NVDA,2005-05-19,1.97462,-0.002377376598364229,0.002377376598364229
NVDA,2005-05-20,2.01127,0.018390388562085153,0.018390388562085153
NVDA,2005-05-23,2.05701,0.02248710876806458,0.02248710876806458
NVDA,2005-05-24,2.08689,0.014421447363007482,0.014421447363007482
NVDA,2005-05-25,2.05931,-0.0133039442343121,0.0133039442343121
NVDA,2005-05-26,2.11664,0.0274589504955224,0.0274589504955224
NVDA,2005-05-27,2.10286,-0.0065316027917867205,0.0065316027917867205
NVDA,2005-05-31,2.0707,-0.015411608576304123,0.015411608576304123
NVDA,2005-06-01,2.09137,0.00993263925736889,0.00993263925736889
NVDA,2005-06-02,2.16937,0.03661744919875297,0.03661744919875297
NVDA,2005-06-03,2.16259,-0.0031302253649825146,0.0031302253649825146
NVDA,2005-06-06,2.14201,-0.009561936906241707,0.009561936906241707
NVDA,2005-06-07,2.09137,-0.023925286927528815,0.023925286927528815
NVDA,2005-06-08,2.0753,-0.007713632075733436,0.007713632075733436
NVDA,2005-06-09,2.16259,0.04120085590950401,0.04120085590950401
NVDA,2005-06-10,2.13971,-0.010636271622767188,0.010636271622767188
NVDA,2005-06-13,2.18556,0.02120178278410151,0.02120178278410151
NVDA,2005-06-14,2.05701,-0.060618616508600696,0.060618616508600696
NVDA,2005-06-15,2.05013,-0.00335026633387484,0.00335026633387484
NVDA,2005-06-16,2.06161,0.005584025171888488,0.005584025171888488
NVDA,2005-06-17,2.05701,-0.0022337588380136426,0.0022337588380136426
NVDA,2005-06-20,2.08919,0.015522958939679643,0.015522958939679643
NVDA,2005-06-21,2.10734,0.008650057628754353,0.008650057628754353
NVDA,2005-06-22,2.10514,-0.001044515439844959,0.001044515439844959
NVDA,2005-06-23,2.13971,0.01628833259591012,0.01628833259591012
NVDA,2005-06-24,2.0707,-0.032783591468372286,0.032783591468372286
NVDA,2005-06-27,2.05472,-0.007747128740295459,0.007747128740295459
NVDA,2005-06-28,2.06611,0.005528026638149986,0.005528026638149986
NVDA,2005-06-29,2.04793,-0.008838085356074004,0.008838085356074004
NVDA,2005-06-30,2.04333,-0.002248696948313013,0.002248696948313013
NVDA,2005-07-01,2.05242,0.004438754770028469,0.004438754770028469
NVDA,2005-07-05,2.08449,0.015504636286364972,0.015504636286364972
NVDA,2005-07-06,2.13971,0.02614608481851115,0.02614608481851115
NVDA,2005-07-07,2.12353,-0.007590507541323217,0.007590507541323217
NVDA,2005-07-08,2.15109,0.012894892123575566,0.012894892123575566
NVDA,2005-07-11,2.18316,0.014798678100108816,0.014798678100108816
NVDA,2005-07-12,2.17167,-0.005276911687637853,0.005276911687637853
NVDA,2005-07-13,2.17406,0.0010999303872817412,0.0010999303872817412
NVDA,2005-07-14,2.07759,-0.0453878191054546,0.0453878191054546
NVDA,2005-07-15,2.05472,-0.011068982485218166,0.011068982485218166
NVDA,2005-07-18,2.00448,-0.024754910123409357,0.024754910123409357
NVDA,2005-07-19,2.03204,0.013655539061720415,0.013655539061720415
NVDA,2005-07-20,2.06161,0.014447016383870994,0.014447016383870994
NVDA,2005-07-21,2.02735,-0.016757709412516635,0.016757709412516635
NVDA,2005-07-22,1.97462,-0.026353546755646762,0.026353546755646762
NVDA,2005-07-25,1.98601,0.005751626079465906,0.005751626079465906
NVDA,2005-07-26,2.02735,0.020601920676180833,0.020601920676180833
NVDA,2005-07-27,2.0684,0.02004584000671722,0.02004584000671722
NVDA,2005-07-28,2.08449,0.007748859473773678,0.007748859473773678
NVDA,2005-07-29,2.0684,-0.007748859473773715,0.007748859473773715
NVDA,2005-08-01,2.10057,0.015433374930806166,0.015433374930806166
NVDA,2005-08-02,2.12813,0.01303492336829458,0.01303492336829458
NVDA,2005-08-03,2.12813,0.0,0.0
NVDA,2005-08-04,2.10514,-0.01086168660272598,0.01086168660272598
NVDA,2005-08-05,2.16019,0.025814207554217875,0.025814207554217875
NVDA,2005-08-08,2.16719,0.0032352167387803507,0.0032352167387803507
NVDA,2005-08-09,2.16259,-0.0021248200743209347,0.0021248200743209347
NVDA,2005-08-10,2.13042,-0.014987434073088121,0.014987434073088121
NVDA,2005-08-11,2.16019,0.01387703740862876,0.01387703740862876
NVDA,2005-08-12,2.28892,0.0578839098094301,0.0578839098094301
NVDA,2005-08-15,2.34855,0.025718025843552345,0.025718025843552345
NVDA,2005-08-16,2.3069,-0.01789348452860198,0.01789348452860198
NVDA,2005-08-17,2.3069,0.0,0.0
NVDA,2005-08-18,2.24746,-0.026103942262479144,0.026103942262479144
NVDA,2005-08-19,2.23141,-0.007167016994082574,0.007167016994082574
NVDA,2005-08-22,2.21302,-0.008275574124617633,0.008275574124617633
NVDA,2005-08-23,2.22911,0.00724430413643654,0.00724430413643654
NVDA,2005-08-24,2.22911,0.0,0.0
NVDA,2005-08-25,2.24517,0.007178839487888375,0.007178839487888375
NVDA,2005-08-26,2.21072,-0.015462987831825741,0.015462987831825741
NVDA,2005-08-29,2.21532,0.002078608262119267,0.002078608262119267
NVDA,2005-08-30,2.29361,0.03473013294732139,0.03473013294732139
NVDA,2005-08-31,2.34625,0.022691313382918552,0.022691313382918552
NVDA,2005-09-01,2.34625,0.0,0.0
NVDA,2005-09-02,2.3069,-0.016913677003678976,0.016913677003678976
NVDA,2005-09-06,2.32798,0.00909630685209329,0.00909630685209329
NVDA,2005-09-07,2.40149,0.03108843928294968,0.03108843928294968
NVDA,2005-09-08,2.42877,0.011295578314288257,0.011295578314288257
NVDA,2005-09-09,2.46101,0.01318687842529566,0.01318687842529566
NVDA,2005-09-12,2.45241,-0.003500620253215329,0.003500620253215329
NVDA,2005-09-13,2.52733,0.030092194975634003,0.030092194975634003
NVDA,2005-09-14,2.49566,-0.012610186231992304,0.012610186231992304
NVDA,2005-09-15,2.54061,0.017850986397612945,0.017850986397612945
NVDA,2005-09-16,2.54061,0.0,0.0
NVDA,2005-09-19,2.50664,-0.013460998738389473,0.013460998738389473
NVDA,2005-09-20,2.55451,0.01891721350227722,0.01891721350227722
NVDA,2005-09-21,2.53132,-0.009119518630130415,0.009119518630130415
NVDA,2005-09-22,2.4657,-0.026265162970899248,0.026265162970899248
NVDA,2005-09-23,2.50016,0.013878986985815559,0.013878986985815559
NVDA,2005-09-26,2.52093,0.00827315123481404,0.00827315123481404
NVDA,2005-09-27,2.52992,0.003559800625072433,0.003559800625072433
NVDA,2005-09-28,2.54561,0.006182625254491954,0.006182625254491954
NVDA,2005-09-29,2.59864,0.0206179243112798,0.0206179243112798
NVDA,2005-09-30,2.62091,0.008533354460888168,0.008533354460888168
NVDA,2005-10-03,2.69271,0.027026535723179795,0.027026535723179795
NVDA,2005-10-04,2.65797,-0.012985447890325607,0.012985447890325607
NVDA,2005-10-05,2.56847,-0.03425228265752233,0.03425228265752233
NVDA,2005-10-06,2.5592,-0.003615681234949469,0.003615681234949469
NVDA,2005-10-07,2.52733,-0.012531300141223124,0.012531300141223124
NVDA,2005-10-10,2.46321,-0.02569803213237315,0.02569803213237315
NVDA,2005-10-11,2.43347,-0.012147155086937653,0.012147155086937653
NVDA,2005-10-12,2.46101,0.0112536124968921,0.0112536124968921
NVDA,2005-10-13,2.45002,-0.004475647000907089,0.004475647000907089
NVDA,2005-10-14,2.45002,0.0,0.0
NVDA,2005-10-17,2.47219,0.009008209694602696,0.009008209694602696
NVDA,2005-10-18,2.43127,-0.016690642911361176,0.016690642911361176
NVDA,2005-10-19,2.41027,-0.008674980149529164,0.008674980149529164
NVDA,2005-10-20,2.42877,0.007646181941899181,0.007646181941899181
NVDA,2005-10-21,2.44323,0.005935978021000006,0.005935978021000006
NVDA,2005-10-24,2.50914,0.02661913056549492,0.02661913056549492
NVDA,2005-10-25,2.52513,0.006352481599794413,0.006352481599794413
NVDA,2005-10-26,2.45671,-0.027469490095613728,0.027469490095613728
NVDA,2005-10-27,2.40348,-0.021905369335905034,0.021905369335905034
NVDA,2005-10-28,2.47899,0.030933532041281995,0.030933532041281995
NVDA,2005-10-31,2.56397,0.033705619361667286,0.033705619361667286
NVDA,2005-11-01,2.53392,-0.011789327760675056,0.011789327760675056
NVDA,2005-11-02,2.68071,0.0563141740480909,0.0563141740480909
NVDA,2005-11-03,2.64878,-0.011982528175922044,0.011982528175922044
NVDA,2005-11-04,2.60294,-0.017457581213228514,0.017457581213228514
NVDA,2005-11-07,2.59175,-0.0043082521991345945,0.0043082521991345945
NVDA,2005-11-08,2.54311,-0.018945581719761448,0.018945581719761448
NVDA,2005-11-09,2.65797,0.04417493204431987,0.04417493204431987
NVDA,2005-11-10,2.5592,-0.03786796389247176,0.03786796389247176
NVDA,2005-11-11,2.60294,0.016946865767047792,0.016946865767047792
NVDA,2005-11-14,2.65797,0.020921098125423893,0.020921098125423893
NVDA,2005-11-15,2.66227,0.0016164687819777209,0.0016164687819777209
NVDA,2005-11-16,2.65358,-0.0032694706362796457,0.0032694706362796457
NVDA,2005-11-17,2.77262,0.04388304985064387,0.04388304985064387
NVDA,2005-11-18,2.76562,-0.0025278802390663996,0.0025278802390663996
NVDA,2005-11-21,2.81676,0.01832244694374044,0.01832244694374044
NVDA,2005-11-22,2.88977,0.025589625935558958,0.025589625935558958
NVDA,2005-11-23,2.88277,-0.0024252767174059316,0.0024252767174059316
NVDA,2005-11-25,2.91103,0.009755332982430366,0.009755332982430366
NVDA,2005-11-28,2.89677,-0.004910647286752617,0.004910647286752617
NVDA,2005-11-29,2.7129,-0.06557814972808287,0.06557814972808287
NVDA,2005-11-30,2.76343,0.018454488340744927,0.018454488340744927
NVDA,2005-12-01,2.79578,0.011638475668627975,0.011638475668627975
NVDA,2005-12-02,2.79778,0.0007151081190617944,0.0007151081190617944
NVDA,2005-12-05,2.74485,-0.019099816901172944,0.019099816901172944
NVDA,2005-12-06,2.75663,0.004282490531090305,0.004282490531090305
NVDA,2005-12-07,2.76083,0.00152243996739003,0.00152243996739003
NVDA,2005-12-08,2.73766,-0.008427818234933483,0.008427818234933483
NVDA,2005-12-09,2.77741,0.014415297843111886,0.014415297843111886
NVDA,2005-12-12,2.81856,0.014707277465686452,0.014707277465686452
NVDA,2005-12-13,2.85601,0.013199429639754165,0.013199429639754165
NVDA,2005-12-14,2.82836,-0.009728507495071221,0.009728507495071221
NVDA,2005-12-15,2.79339,-0.012441126360399792,0.012441126360399792
NVDA,2005-12-16,2.81676,0.008331376230361938,0.008331376230361938
NVDA,2005-12-19,2.77042,-0.01658835499251554,0.01658835499251554
NVDA,2005-12-20,2.76812,-0.000830543837261205,0.000830543837261205
NVDA,2005-12-21,2.76343,-0.001695727643730293,0.001695727643730293
NVDA,2005-12-22,2.84924,0.0305796302788626,0.0305796302788626
NVDA,2005-12-23,2.8691,0.006946099690075723,0.006946099690075723
NVDA,2005-12-27,2.88747,0.006382294441459462,0.006382294441459462
NVDA,2005-12-28,2.91572,0.00973610140458557,0.00973610140458557
NVDA,2005-12-29,2.84924,-0.023064495536120853,0.023064495536120853
NVDA,2005-12-30,2.79578,-0.018941154610234753,0.018941154610234753
NVDA,2006-01-03,2.92202,0.04416402049027111,0.04416402049027111
NVDA,2006-01-04,3.00393,0.027646273434686734,0.027646273434686734
NVDA,2006-01-05,3.07055,0.02193526728083119,0.02193526728083119
NVDA,2006-01-06,3.12138,0.01641851307691638,0.01641851307691638
NVDA,2006-01-09,3.20858,0.027553259942780548,0.027553259942780548
NVDA,2006-01-10,3.21078,0.0006854266114167633,0.0006854266114167633
NVDA,2006-01-11,3.32593,0.035235435968712626,0.035235435968712626
NVDA,2006-01-12,3.27928,-0.0141254481427932,0.0141254481427932
NVDA,2006-01-13,3.24961,-0.009088896963532031,0.009088896963532031
NVDA,2006-01-17,3.24711,-0.0007696191688724334,0.0007696191688724334
NVDA,2006-01-18,3.2628,0.004820352472090736,0.004820352472090736
NVDA,2006-01-19,3.44408,0.05407109265512825,0.05407109265512825
NVDA,2006-01-20,3.34858,-0.02812043972223159,0.02812043972223159
NVDA,2006-01-23,3.37017,0.006426812818631413,0.006426812818631413
NVDA,2006-01-24,3.38513,0.004429122157714928,0.004429122157714928
NVDA,2006-01-25,3.35588,-0.008678279241260071,0.008678279241260071
NVDA,2006-01-26,3.46974,0.03336563208536653,0.03336563208536653
NVDA,2006-01-27,3.53715,0.019241654947511812,0.019241654947511812
NVDA,2006-01-30,3.49522,-0.011924997373220616,0.011924997373220616
NVDA,2006-01-31,3.43729,-0.016712950554455867,0.016712950554455867
NVDA,2006-02-01,3.43949,0.0006398343629008215,0.0006398343629008215
NVDA,2006-02-02,3.33491,-0.030877512083675993,0.030877512083675993
NVDA,2006-02-03,3.36517,0.009032789383333214,0.009032789383333214
NVDA,2006-02-06,3.46045,0.02792015653628688,0.02792015653628688
NVDA,2006-02-07,3.3374,-0.0362065776856528,0.0362065776856528
NVDA,2006-02-08,3.43279,0.02818128088639396,0.02818128088639396
NVDA,2006-02-09,3.37617,-0.016631410700904712,0.016631410700904712
NVDA,2006-02-10,3.35588,-0.006027899803883245,0.006027899803883245
NVDA,2006-02-13,3.36757,0.0034773849079926134,0.0034773849079926134
NVDA,2006-02-14,3.37457,0.0020764927798085607,0.0020764927798085607
NVDA,2006-02-15,3.43729,0.01841546141740059,0.01841546141740059
NVDA,2006-02-16,3.60708,0.04821521055417809,0.04821521055417809
NVDA,2006-02-17,3.62853,0.005929026809513712,0.005929026809513712
NVDA,2006-02-21,3.55164,-0.02141813893898779,0.02141813893898779
NVDA,2006-02-22,3.54535,-0.0017725829251437608,0.0017725829251437608
NVDA,2006-02-23,3.49072,-0.015528867055456136,0.015528867055456136
NVDA,2006-02-24,3.49072,0.0,0.0
NVDA,2006-02-27,3.63303,0.03995899218170907,0.03995899218170907
NVDA,2006-02-28,3.60228,-0.008500032518805425,0.008500032518805425
NVDA,2006-03-01,3.74079,0.03772984074257976,0.03772984074257976
NVDA,2006-03-02,3.74559,0.0012823288846536877,0.0012823288846536877
NVDA,2006-03-03,3.75907,0.003592438430869164,0.003592438430869164
NVDA,2006-03-06,3.74978,-0.002474414787886833,0.002474414787886833
NVDA,2006-03-07,3.68578,-0.017214999424016723,0.017214999424016723
NVDA,2006-03-08,3.667,-0.005108283081490965,0.005108283081490965
NVDA,2006-03-09,3.68828,0.0057863356321298885,0.0057863356321298885
NVDA,2006-03-10,3.62383,-0.017628747133144267,0.017628747133144267
NVDA,2006-03-13,3.667,0.011842411501014458,0.011842411501014458
NVDA,2006-03-14,3.76837,0.027268658133169057,0.027268658133169057
NVDA,2006-03-15,3.82718,0.015485692345600235,0.015485692345600235
NVDA,2006-03-16,3.69956,-0.033914345908113624,0.033914345908113624
NVDA,2006-03-17,3.72961,0.008089776888597825,0.008089776888597825
NVDA,2006-03-20,3.69956,-0.008089776888597803,0.008089776888597803
NVDA,2006-03-21,3.88214,0.048172654321283315,0.048172654321283315
NVDA,2006-03-22,3.77056,-0.02916301643828895,0.02916301643828895
NVDA,2006-03-23,3.84138,0.018608145497068376,0.018608145497068376
NVDA,2006-03-24,3.97221,0.03349093783607954,0.03349093783607954
NVDA,2006-03-27,4.07789,0.02625708290560568,0.02625708290560568
NVDA,2006-03-28,4.14191,0.015577336322219621,0.015577336322219621
NVDA,2006-03-29,4.36433,0.05230764970650462,0.05230764970650462
NVDA,2006-03-30,4.39448,0.006884524058415058,0.006884524058415058
NVDA,2006-03-31,4.37831,-0.003686402686473599,0.003686402686473599
NVDA,2006-04-03,4.42614,0.010865067216111388,0.010865067216111388
NVDA,2006-04-04,4.63237,0.045540743784058986,0.045540743784058986
NVDA,2006-04-05,4.67183,0.008482241695173838,0.008482241695173838
NVDA,2006-04-06,4.68002,0.0017515255470954222,0.0017515255470954222
NVDA,2006-04-07,4.66685,-0.002818057534926259,0.002818057534926259
NVDA,2006-04-10,4.58675,-0.017312613613079134,0.017312613613079134
NVDA,2006-04-11,4.47408,-0.024870968277872458,0.024870968277872458
NVDA,2006-04-12,4.65536,0.03971849993755827,0.03971849993755827
NVDA,2006-04-13,4.52531,-0.028333160843781003,0.028333160843781003
NVDA,2006-04-17,4.53891,0.0030008120291696743,0.0030008120291696743
NVDA,2006-04-18,4.43083,-0.024099969697733342,0.024099969697733342
NVDA,2006-04-19,4.4585,0.006225461168764009,0.006225461168764009
NVDA,2006-04-20,4.45181,-0.0015016315385447114,0.0015016315385447114
NVDA,2006-04-21,4.29081,-0.03683522874810478,0.03683522874810478
NVDA,2006-04-24,4.42354,0.030464754207587104,0.030464754207587104
NVDA,2006-04-25,4.41885,-0.001060799272550253,0.001060799272550253
NVDA,2006-04-26,4.38998,-0.0065548099731380025,0.0065548099731380025
NVDA,2006-04-27,4.4608,0.016003450875966763,0.016003450875966763
NVDA,2006-04-28,4.46749,0.0014986075165674421,0.0014986075165674421
NVDA,2006-05-01,4.72427,0.05588632199468266,0.05588632199468266
NVDA,2006-05-02,4.71728,-0.0014806893522984837,0.0014806893522984837
NVDA,2006-05-03,4.74923,0.006750137339949134,0.006750137339949134
NVDA,2006-05-04,4.71728,-0.006750137339949089,0.006750137339949089
NVDA,2006-05-05,4.78191,0.01360768597889486,0.01360768597889486
NVDA,2006-05-08,4.76072,-0.004441130973045571,0.004441130973045571
NVDA,2006-05-09,4.6164,-0.03078373674470116,0.03078373674470116
NVDA,2006-05-10,4.51362,-0.02251568825551663,0.02251568825551663
NVDA,2006-05-11,4.35235,-0.03638356319457626,0.03638356319457626
NVDA,2006-05-12,4.02495,-0.07820344068089975,0.07820344068089975
NVDA,2006-05-15,4.08458,0.01470641941552492,0.01470641941552492
NVDA,2006-05-16,3.9762,-0.02689231850854576,0.02689231850854576
NVDA,2006-05-17,3.81541,-0.041278459867080175,0.041278459867080175
NVDA,2006-05-18,3.64423,-0.04590303461378176,0.04590303461378176
NVDA,2006-05-19,3.72012,0.020610830970054,0.020610830970054
NVDA,2006-05-22,3.6695,-0.013700512826310626,0.013700512826310626
NVDA,2006-05-23,3.63083,-0.0105941407249388,0.0105941407249388
NVDA,2006-05-24,3.6764,0.012472740223775706,0.012472740223775706
NVDA,2006-05-25,3.65801,-0.0050147288025990285,0.0050147288025990285
NVDA,2006-05-26,3.6645,0.001772616684549372,0.001772616684549372
NVDA,2006-05-30,3.5114,-0.04267708203079662,0.04267708203079662
NVDA,2006-05-31,3.5137,0.0006547949729337138,0.0006547949729337138
NVDA,2006-06-01,3.69726,0.05092239144814107,0.05092239144814107
NVDA,2006-06-02,3.64423,-0.014446909914808806,0.014446909914808806
NVDA,2006-06-05,3.49072,-0.04303707619766008,0.04303707619766008
NVDA,2006-06-06,3.39633,-0.027412581788604173,0.027412581788604173
NVDA,2006-06-07,3.3374,-0.017503376142307528,0.017503376142307528
NVDA,2006-06-08,3.27449,-0.01902992896071626,0.01902992896071626
NVDA,2006-06-09,3.2628,-0.003576409325660849,0.003576409325660849
NVDA,2006-06-12,3.08424,-0.05628044875942994,0.05628044875942994
NVDA,2006-06-13,3.03559,-0.015899469384329217,0.015899469384329217
NVDA,2006-06-14,3.12588,0.029310039245997593,0.029310039245997593
NVDA,2006-06-15,3.39813,0.08350943677010783,0.08350943677010783
NVDA,2006-06-16,3.31165,-0.02577872570626025,0.02577872570626025
NVDA,2006-06-19,3.21297,-0.030250811588404224,0.030250811588404224
NVDA,2006-06-20,3.16232,-0.015889807584212674,0.015889807584212674
NVDA,2006-06-21,3.19679,0.010841245901319204,0.010841245901319204
NVDA,2006-06-22,3.103,-0.02977779587283342,0.02977779587283342
NVDA,2006-06-23,3.1052,0.000708740083144945,0.000708740083144945
NVDA,2006-06-26,3.07505,-0.009756964260500382,0.009756964260500382
NVDA,2006-06-27,2.97895,-0.031750271854355,0.031750271854355
NVDA,2006-06-28,3.14415,0.05397269391800915,0.05397269391800915
NVDA,2006-06-29,3.28547,0.0439661329312708,0.0439661329312708
NVDA,2006-06-30,3.25411,-0.009590903510079423,0.009590903510079423
NVDA,2006-07-03,3.30246,0.014748832530922433,0.014748832530922433
NVDA,2006-07-05,3.15362,-0.04611664595005055,0.04611664595005055
NVDA,2006-07-06,3.05626,-0.031359053135273054,0.031359053135273054
NVDA,2006-07-07,2.96098,-0.03167165159752908,0.03167165159752908
NVDA,2006-07-10,2.83325,-0.04409583199088239,0.04409583199088239
NVDA,2006-07-11,2.92872,0.03314100487863592,0.03314100487863592
NVDA,2006-07-12,2.78661,-0.04973966421604338,0.04973966421604338
NVDA,2006-07-13,2.7152,-0.025960187795688656,0.025960187795688656
NVDA,2006-07-14,2.70151,-0.005054739555459413,0.005054739555459413
NVDA,2006-07-17,2.72218,0.007622153947730556,0.007622153947730556
NVDA,2006-07-18,2.8713,0.05333185899773773,0.05333185899773773
NVDA,2006-07-19,2.99714,0.04289361173570337,0.04289361173570337
NVDA,2006-07-20,2.93802,-0.019922615543081237,0.019922615543081237
NVDA,2006-07-21,2.71748,-0.07803090479992272,0.07803090479992272
NVDA,2006-07-24,2.99034,0.09568211303188222,0.09568211303188222
NVDA,2006-07-25,3.0962,0.034788459811813,0.034788459811813
NVDA,2006-07-26,3.0962,0.0,0.0
NVDA,2006-07-27,3.13966,0.013938960678426926,0.013938960678426926
NVDA,2006-07-28,3.46505,0.09861254874952999,0.09861254874952999
NVDA,2006-07-31,3.38513,-0.02333475219865368,0.02333475219865368
NVDA,2006-08-01,3.24961,-0.040857321212461266,0.040857321212461266
NVDA,2006-08-02,3.49741,0.07348770541914817,0.07348770541914817
NVDA,2006-08-03,3.71783,0.06111747018642062,0.06111747018642062
NVDA,2006-08-04,3.667,-0.013766275657450066,0.013766275657450066
NVDA,2006-08-07,3.62623,-0.011180347990459813,0.011180347990459813
NVDA,2006-08-08,3.72262,0.02623418035798497,0.02623418035798497
NVDA,2006-08-09,3.72012,-0.0006717956274228453,0.0006717956274228453
NVDA,2006-08-10,3.69527,-0.006702302380195553,0.006702302380195553
NVDA,2006-08-11,3.57761,-0.032358643744467494,0.032358643744467494
NVDA,2006-08-14,3.55894,-0.005232231986846592,0.005232231986846592
NVDA,2006-08-15,3.90051,0.09164456609903797,0.09164456609903797
NVDA,2006-08-16,4.18106,0.06945748908845882,0.06945748908845882
NVDA,2006-08-17,4.11604,-0.0156732668077129,0.0156732668077129
NVDA,2006-08-18,4.18335,0.016220824867926354,0.016220824867926354
NVDA,2006-08-21,4.02915,-0.03755692536739782,0.03755692536739782
NVDA,2006-08-22,4.02235,-0.0016891266513775816,0.0016891266513775816
NVDA,2006-08-23,4.02035,-0.0004973454290788519,0.0004973454290788519
NVDA,2006-08-24,4.0619,0.010281880922942993,0.010281880922942993
NVDA,2006-08-25,4.04791,-0.00345014590415853,0.00345014590415853
NVDA,2006-08-28,4.18803,0.03402975776999424,0.03402975776999424
NVDA,2006-08-29,4.37831,0.04443234887584177,0.04443234887584177
NVDA,2006-08-30,4.46749,0.02016392447832252,0.02016392447832252
NVDA,2006-08-31,4.45181,-0.0035159746063280675,0.0035159746063280675
NVDA,2006-09-01,4.26346,-0.04322971786147179,0.04322971786147179
NVDA,2006-09-05,4.35733,0.02177844726258407,0.02177844726258407
NVDA,2006-09-06,4.13941,-0.051306218851247476,0.051306218851247476
NVDA,2006-09-07,4.22129,0.01958750293478078,0.01958750293478078
NVDA,2006-09-08,4.23498,0.0032378370037914246,0.0032378370037914246
NVDA,2006-09-11,4.3001,0.015259672700368597,0.015259672700368597
NVDA,2006-09-12,4.41436,0.026224584942695785,0.026224584942695785
NVDA,2006-09-13,4.44981,0.007998535451654782,0.007998535451654782
NVDA,2006-09-14,4.43333,-0.0037104039577919687,0.0037104039577919687
NVDA,2006-09-15,4.52092,0.019564518276112806,0.019564518276112806
NVDA,2006-09-18,4.68931,0.03656993714384282,0.03656993714384282
NVDA,2006-09-19,4.56906,-0.02597795562829879,0.02597795562829879
NVDA,2006-09-20,4.73556,0.03579249338905133,0.03579249338905133
NVDA,2006-09-21,4.6963,-0.00832502321830611,0.00832502321830611
NVDA,2006-09-22,4.55788,-0.029917361501647578,0.029917361501647578
NVDA,2006-09-25,4.72227,0.03543201304965666,0.03543201304965666
NVDA,2006-09-26,4.62089,-0.021702288956574927,0.021702288956574927
NVDA,2006-09-27,4.60692,-0.003027806309975147,0.003027806309975147
NVDA,2006-09-28,4.52092,-0.018844007967748197,0.018844007967748197
NVDA,2006-09-29,4.52531,0.0009705701368675631,0.0009705701368675631
NVDA,2006-10-02,4.40956,-0.025911171854153616,0.025911171854153616
NVDA,2006-10-03,4.32835,-0.01858850420241201,0.01858850420241201
NVDA,2006-10-04,4.75173,0.09332235522828047,0.09332235522828047
NVDA,2006-10-05,4.6164,-0.028893581700198998,0.028893581700198998
NVDA,2006-10-06,4.72856,0.024005535842241563,0.024005535842241563
NVDA,2006-10-09,5.03387,0.0625683555791946,0.0625683555791946
NVDA,2006-10-10,4.91842,-0.02320173126863182,0.02320173126863182
NVDA,2006-10-11,4.94639,0.005670676870933933,0.005670676870933933
NVDA,2006-10-12,4.96537,0.003829798784245568,0.003829798784245568
NVDA,2006-10-13,5.16272,0.038975756019167404,0.038975756019167404
NVDA,2006-10-16,5.15394,-0.0017021016723916078,0.0017021016723916078
NVDA,2006-10-17,4.95618,-0.03912618799892668,0.03912618799892668
NVDA,2006-10-18,4.82504,-0.02681625780791898,0.02681625780791898
NVDA,2006-10-19,4.91622,0.01872091762118528,0.01872091762118528
NVDA,2006-10-20,4.85929,-0.011647605828050514,0.011647605828050514
NVDA,2006-10-23,4.82753,-0.006557387007252332,0.006557387007252332
NVDA,2006-10-24,4.96967,0.029018489815815767,0.029018489815815767
NVDA,2006-10-25,5.01561,0.009201609597941827,0.009201609597941827
NVDA,2006-10-26,5.17441,0.031170273878335136,0.031170273878335136
NVDA,2006-10-27,4.95138,-0.04405899738473415,0.04405899738473415
NVDA,2006-10-30,5.01061,0.01189133856681246,0.01189133856681246
NVDA,2006-10-31,5.3326,0.06228125994560018,0.06228125994560018
NVDA,2006-11-01,4.91842,-0.08085158340076297,0.08085158340076297
NVDA,2006-11-02,4.88727,-0.006353475336263357,0.006353475336263357
NVDA,2006-11-03,4.98324,0.019446416515550447,0.019446416515550447
NVDA,2006-11-06,5.13566,0.030128082923233292,0.030128082923233292
NVDA,2006-11-07,5.21236,0.014824363431596748,0.014824363431596748
NVDA,2006-11-08,5.29075,0.01492728450739197,0.01492728450739197
NVDA,2006-11-09,5.39664,0.019816524928996066,0.019816524928996066
NVDA,2006-11-10,5.26579,-0.024545355874100103,0.024545355874100103
NVDA,2006-11-13,5.50369,0.04418759455712066,0.04418759455712066
NVDA,2006-11-14,5.55862,0.009931099646124805,0.009931099646124805
NVDA,2006-11-15,5.46772,-0.01648816548866603,0.01648816548866603
NVDA,2006-11-16,5.53894,0.012941436184200855,0.012941436184200855
NVDA,2006-11-17,5.55194,0.0023442695175794467,0.0023442695175794467
NVDA,2006-11-20,5.60477,0.00947060466212585,0.00947060466212585
NVDA,2006-11-21,5.51767,-0.015662351161972177,0.015662351161972177
NVDA,2006-11-22,5.61146,0.016855265500095893,0.016855265500095893
NVDA,2006-11-24,5.65338,0.00744266114862713,0.00744266114862713
NVDA,2006-11-27,5.39923,-0.04599724556821261,0.04599724556821261
NVDA,2006-11-28,5.4992,0.01834627630308646,0.01834627630308646
NVDA,2006-11-29,5.57919,0.014440977452544737,0.014440977452544737
NVDA,2006-11-30,5.65568,0.013616745341470738,0.013616745341470738
NVDA,2006-12-01,5.43218,-0.04031982323394344,0.04031982323394344
NVDA,2006-12-04,5.65338,0.039913069705054136,0.039913069705054136
NVDA,2006-12-05,5.59579,-0.010239067084332563,0.010239067084332563
NVDA,2006-12-06,5.58879,-0.0012517235182676913,0.0012517235182676913
NVDA,2006-12-07,5.45305,-0.024587720609446227,0.024587720609446227
NVDA,2006-12-08,5.43457,-0.003394684558567781,0.003394684558567781
NVDA,2006-12-11,5.52965,0.017344121784089967,0.017344121784089967
NVDA,2006-12-12,5.47242,-0.010403590631287249,0.010403590631287249
NVDA,2006-12-13,5.53634,0.011612700853695805,0.011612700853695805
NVDA,2006-12-14,5.63463,0.017597851674488286,0.017597851674488286
NVDA,2006-12-15,5.73361,0.017413865512045726,0.017413865512045726
NVDA,2006-12-18,5.8317,0.016963203253063046,0.016963203253063046
NVDA,2006-12-19,5.91667,0.014465237579398433,0.014465237579398433
NVDA,2006-12-20,5.85046,-0.011253500002411829,0.011253500002411829
NVDA,2006-12-21,5.80022,-0.008624442763533342,0.008624442763533342
NVDA,2006-12-22,5.66208,-0.02410453199466366,0.02410453199466366
NVDA,2006-12-26,5.66008,-0.00035328948200734524,0.00035328948200734524
NVDA,2006-12-27,5.73581,0.013290952229568763,0.013290952229568763
NVDA,2006-12-28,5.69434,-0.007256279569713851,0.007256279569713851
NVDA,2006-12-29,5.65788,-0.006423435303954908,0.006423435303954908
NVDA,2007-01-03,5.51538,-0.025508710423117868,0.025508710423117868
NVDA,2007-01-04,5.49001,-0.0046104763101991455,0.0046104763101991455
NVDA,2007-01-05,5.14675,-0.06456462950612439,0.06456462950612439
NVDA,2007-01-08,5.18538,0.007477679820477719,0.007477679820477719
NVDA,2007-01-09,5.08421,-0.01970346879540058,0.01970346879540058
NVDA,2007-01-10,5.33509,0.048166095807276724,0.048166095807276724
NVDA,2007-01-11,5.31413,-0.00393644362040056,0.00393644362040056
NVDA,2007-01-12,5.38744,0.013701007757665357,0.013701007757665357
NVDA,2007-01-16,5.39664,0.0017062192105227246,0.0017062192105227246
NVDA,2007-01-17,5.28176,-0.021517162179131546,0.021517162179131546
NVDA,2007-01-18,4.84601,-0.0861036895585125,0.0861036895585125
NVDA,2007-01-19,4.87298,0.0055499736552719935,0.0055499736552719935
NVDA,2007-01-22,4.87298,0.0,0.0
NVDA,2007-01-23,4.87528,0.00047187909281829046,0.00047187909281829046
NVDA,2007-01-24,5.0266,0.030566272526413436,0.030566272526413436
NVDA,2007-01-25,4.85051,-0.035659957164076245,0.035659957164076245
NVDA,2007-01-26,4.81065,-0.008251643937330452,0.008251643937330452
NVDA,2007-01-29,4.6141,-0.041715377437555726,0.041715377437555726
NVDA,2007-01-30,4.70299,0.019081643972970807,0.019081643972970807
NVDA,2007-01-31,4.68462,-0.003913674182786021,0.003913674182786021
NVDA,2007-02-01,4.74425,0.012648555976447144,0.012648555976447144
NVDA,2007-02-02,4.86878,0.025910033911814782,0.025910033911814782
NVDA,2007-02-05,4.94888,0.01631789598932061,0.01631789598932061
NVDA,2007-02-06,5.12648,0.035257975470131105,0.035257975470131105
NVDA,2007-02-07,5.32562,0.03810987291948347,0.03810987291948347
NVDA,2007-02-08,5.25631,-0.013099877086566082,0.013099877086566082
NVDA,2007-02-09,4.99243,-0.0515064944781445,0.0515064944781445
NVDA,2007-02-12,5.10318,0.02194110965036022,0.02194110965036022
NVDA,2007-02-13,5.19867,0.018538948813733882,0.018538948813733882
NVDA,2007-02-14,5.13116,-0.013071069163174236,0.013071069163174236
NVDA,2007-02-15,5.16073,0.005746287876435745,0.005746287876435745
NVDA,2007-02-16,5.00202,-0.03123621150727251,0.03123621150727251
NVDA,2007-02-20,5.04726,0.00900369093509296,0.00900369093509296
NVDA,2007-02-21,4.97217,-0.014989157246972083,0.014989157246972083
NVDA,2007-02-22,5.00422,0.006425191930183261,0.006425191930183261
NVDA,2007-02-23,4.99243,-0.002358791288387275,0.002358791288387275
NVDA,2007-02-26,4.91424,-0.015785652222799096,0.015785652222799096
NVDA,2007-02-27,4.76802,-0.030205988570067437,0.030205988570067437
NVDA,2007-02-28,4.73955,-0.005988929893773792,0.005988929893773792
NVDA,2007-03-01,4.68002,-0.012639811066652414,0.012639811066652414
NVDA,2007-03-02,4.55309,-0.027496260080950213,0.027496260080950213
NVDA,2007-03-05,4.39686,-0.03491547354280892,0.03491547354280892
NVDA,2007-03-06,4.65785,0.05766331848060722,0.05766331848060722
NVDA,2007-03-07,4.52531,-0.02886788518894891,0.02886788518894891
NVDA,2007-03-08,4.71258,0.04054944566476047,0.04054944566476047
NVDA,2007-03-09,4.66465,-0.010222724067984917,0.010222724067984917
NVDA,2007-03-12,4.63687,-0.005973235040741426,0.005973235040741426
NVDA,2007-03-13,4.44312,-0.042682737281737056,0.042682737281737056
NVDA,2007-03-14,4.41885,-0.005477351125709421,0.005477351125709421
NVDA,2007-03-15,4.37571,-0.009810688884222972,0.009810688884222972
NVDA,2007-03-16,4.33555,-0.009220315893193526,0.009220315893193526
NVDA,2007-03-19,4.35475,0.00441872691166616,0.00441872691166616
NVDA,2007-03-20,4.33555,-0.0044187269116661865,0.0044187269116661865
NVDA,2007-03-21,4.58275,0.0554507781535691,0.0554507781535691
NVDA,2007-03-22,4.68232,0.02149445897615789,0.02149445897615789
NVDA,2007-03-23,4.62987,-0.011264923643319309,0.011264923643319309
NVDA,2007-03-26,4.63937,0.0020497912075426116,0.0020497912075426116
NVDA,2007-03-27,4.55309,-0.01877245781397097,0.01877245781397097
NVDA,2007-03-28,4.4653,-0.019469722022661333,0.019469722022661333
NVDA,2007-03-29,4.38749,-0.017579091733978324,0.017579091733978324
NVDA,2007-03-30,4.40056,0.002974495965894152,0.002974495965894152
NVDA,2007-04-02,4.39686,-0.0008411557520632963,0.0008411557520632963
NVDA,2007-04-03,4.37831,-0.00422784461868041,0.00422784461868041
NVDA,2007-04-04,4.36872,-0.00219274515864205,0.00219274515864205
NVDA,2007-04-05,4.72427,0.0782429916316471,0.0782429916316471
NVDA,2007-04-09,4.63937,-0.018134470497544714,0.018134470497544714
NVDA,2007-04-10,4.59172,-0.010323899609297171,0.010323899609297171
NVDA,2007-04-11,4.50914,-0.018148233578399564,0.018148233578399564
NVDA,2007-04-12,4.63687,0.02793312167860937,0.02793312167860937
NVDA,2007-04-13,4.67583,0.008367117440591692,0.008367117440591692
NVDA,2007-04-16,4.65087,-0.005352388216182741,0.005352388216182741
NVDA,2007-04-17,4.6938,0.009188190063912978,0.009188190063912978
NVDA,2007-04-18,4.75393,0.012729155450068901,0.012729155450068901
NVDA,2007-04-19,4.81775,0.013335369708871165,0.013335369708871165
NVDA,2007-04-20,4.87528,0.011870524601975439,0.011870524601975439
NVDA,2007-04-23,4.79467,-0.016672654420047634,0.016672654420047634
NVDA,2007-04-24,4.97655,0.03723199559763037,0.03723199559763037
NVDA,2007-04-25,5.06124,0.01687463269033768,0.01687463269033768
NVDA,2007-04-26,5.12418,0.012358999657317451,0.012358999657317451
NVDA,2007-04-27,5.05686,-0.013224774906344713,0.013224774906344713
NVDA,2007-04-30,5.02909,-0.005506684085040792,0.005506684085040792
NVDA,2007-05-01,5.08221,0.010507153126557712,0.010507153126557712
NVDA,2007-05-02,5.0221,-0.011898033435630482,0.011898033435630482
NVDA,2007-05-03,5.11718,0.01875533314305754,0.01875533314305754
NVDA,2007-05-04,5.15394,0.0071579646531665184,0.0071579646531665184
NVDA,2007-05-07,5.05226,-0.01992580278846408,0.01992580278846408
NVDA,2007-05-08,5.08901,0.007247644696954382,0.007247644696954382
NVDA,2007-05-09,5.11218,0.004542615095574546,0.004542615095574546
NVDA,2007-05-10,5.01791,-0.018612415371991726,0.018612415371991726
NVDA,2007-05-11,5.37375,0.06851247647740884,0.06851247647740884
NVDA,2007-05-14,5.31862,-0.010312117620650992,0.010312117620650992
NVDA,2007-05-15,5.27277,-0.008658030044211349,0.008658030044211349
NVDA,2007-05-16,5.33959,0.012593029834733985,0.012593029834733985
NVDA,2007-05-17,5.24902,-0.017107478485750973,0.017107478485750973
NVDA,2007-05-18,5.35509,0.020006117968694677,0.020006117968694677
NVDA,2007-05-21,5.37156,0.003070858645133495,0.003070858645133495
NVDA,2007-05-22,5.40142,0.005543512838188671,0.005543512838188671
NVDA,2007-05-23,5.25631,-0.027232622308356977,0.027232622308356977
NVDA,2007-05-24,5.06623,-0.0368323083966126,0.0368323083966126
NVDA,2007-05-25,5.14675,0.01576849624775849,0.01576849624775849
NVDA,2007-05-29,5.20107,0.010498926143285726,0.010498926143285726
NVDA,2007-05-30,5.21236,0.002168354600467711,0.002168354600467711
NVDA,2007-05-31,5.29574,0.01586999552295088,0.01586999552295088
NVDA,2007-06-01,5.3326,0.006936200343694816,0.006936200343694816
NVDA,2007-06-04,5.36208,0.005513035390830967,0.005513035390830967
NVDA,2007-06-05,5.51997,0.02902046598311591,0.02902046598311591
NVDA,2007-06-06,5.56062,0.0073371873453649625,0.0073371873453649625
NVDA,2007-06-07,5.5017,-0.010652477448229841,0.010652477448229841
NVDA,2007-06-08,5.58879,0.01570567038719633,0.01570567038719633
NVDA,2007-06-11,5.60676,0.0032102068111660538,0.0032102068111660538
NVDA,2007-06-12,5.54934,-0.010294010819115521,0.010294010819115521
NVDA,2007-06-13,5.68236,0.023687637629500574,0.023687637629500574
NVDA,2007-06-14,5.78344,0.01763202196119868,0.01763202196119868
NVDA,2007-06-15,6.0477,0.04467937311364233,0.04467937311364233
NVDA,2007-06-18,6.05,0.0003802375703994727,0.0003802375703994727
NVDA,2007-06-19,6.08915,0.006450226867220534,0.006450226867220534
NVDA,2007-06-20,6.09384,0.0007699259757548791,0.0007699259757548791
NVDA,2007-06-21,6.57065,0.07533433726808302,0.07533433726808302
NVDA,2007-06-22,6.66823,0.014741695241245396,0.014741695241245396
NVDA,2007-06-25,6.49236,-0.02672835641509789,0.02672835641509789
NVDA,2007-06-26,6.19204,-0.047361504765075016,0.047361504765075016
NVDA,2007-06-27,6.35871,0.02656093037564576,0.02656093037564576
NVDA,2007-06-28,6.41895,0.009429026333484677,0.009429026333484677
NVDA,2007-06-29,6.31606,-0.016158956892393793,0.016158956892393793
NVDA,2007-07-02,6.57994,0.04093003072300027,0.04093003072300027
NVDA,2007-07-03,6.58863,0.0013198094039708532,0.0013198094039708532
NVDA,2007-07-05,6.65984,0.010750024081103158,0.010750024081103158
NVDA,2007-07-06,6.6915,0.004742604014599678,0.004742604014599678
NVDA,2007-07-09,6.88705,0.028804772337091614,0.028804772337091614
NVDA,2007-07-10,6.95287,0.009511687385367985,0.009511687385367985
NVDA,2007-07-11,6.9233,-0.00426198940492566,0.00426198940492566
NVDA,2007-07-12,7.05674,0.019090653917082787,0.019090653917082787
NVDA,2007-07-13,7.01278,-0.006248989738471062,0.006248989738471062
NVDA,2007-07-16,7.13953,0.0179127491038751,0.0179127491038751
NVDA,2007-07-17,7.10908,-0.00427410762944954,0.00427410762944954
NVDA,2007-07-18,6.97832,-0.01856464009959321,0.01856464009959321
NVDA,2007-07-19,6.97136,-0.000997872435430096,0.000997872435430096
NVDA,2007-07-20,6.89604,-0.010862993881233445,0.010862993881233445
NVDA,2007-07-23,6.96457,0.00988853425962255,0.00988853425962255
NVDA,2007-07-24,6.77948,-0.02693546522241773,0.02693546522241773
NVDA,2007-07-25,6.74931,-0.004460125408642372,0.004460125408642372
NVDA,2007-07-26,6.78167,0.004783106869512136,0.004783106869512136
NVDA,2007-07-27,6.76551,-0.0023857374988566927,0.0023857374988566927
NVDA,2007-07-30,6.95537,0.02767637628986931,0.02767637628986931
NVDA,2007-07-31,6.99731,0.006011766386656873,0.006011766386656873
NVDA,2007-08-01,6.94417,-0.007623330859149865,0.007623330859149865
NVDA,2007-08-02,6.91432,-0.004307835292536181,0.004307835292536181
NVDA,2007-08-03,6.50383,-0.06120338919012984,0.06120338919012984
NVDA,2007-08-06,6.55936,0.008501803078471698,0.008501803078471698
NVDA,2007-08-07,6.66203,0.01553120569254898,0.01553120569254898
NVDA,2007-08-08,6.96937,0.045100590399230256,0.045100590399230256
NVDA,2007-08-09,7.05224,0.01182046354220078,0.01182046354220078
NVDA,2007-08-10,6.72676,-0.047251695570006844,0.047251695570006844
NVDA,2007-08-13,6.65255,-0.011093361472077843,0.011093361472077843
NVDA,2007-08-14,6.91003,0.03797373949126114,0.03797373949126114
NVDA,2007-08-15,6.61829,-0.04313695087964381,0.04313695087964381
NVDA,2007-08-16,6.50851,-0.01672647704898971,0.01672647704898971
NVDA,2007-08-17,6.89155,0.05718547206502545,0.05718547206502545
NVDA,2007-08-20,6.86438,-0.003950301481912776,0.003950301481912776
NVDA,2007-08-21,7.23501,0.05258602029385701,0.05258602029385701
NVDA,2007-08-22,7.4007,0.02264284807843309,0.02264284807843309
NVDA,2007-08-23,7.33859,-0.008427864250352786,0.008427864250352786
NVDA,2007-08-24,7.37734,0.005266413955661848,0.005266413955661848
NVDA,2007-08-27,7.54314,0.022225400917554018,0.022225400917554018
NVDA,2007-08-28,7.08432,-0.06275464983435673,0.06275464983435673
NVDA,2007-08-29,7.4856,0.05509728386012766,0.05509728386012766
NVDA,2007-08-30,7.44128,-0.005938297921514525,0.005938297921514525
NVDA,2007-08-31,7.82247,0.04995748440441112,0.04995748440441112
NVDA,2007-09-04,8.06368,0.03036966653949464,0.03036966653949464
NVDA,2007-09-05,8.00135,-0.0077597505588010915,0.0077597505588010915
NVDA,2007-09-06,8.0381,0.004582459412163566,0.004582459412163566
NVDA,2007-09-07,7.74468,-0.03718658081875374,0.03718658081875374
NVDA,2007-09-10,7.76526,0.0026537835836890613,0.0026537835836890613
NVDA,2007-09-11,7.93024,0.02102336038568129,0.02102336038568129
NVDA,2007-09-12,7.61873,-0.040073610864480455,0.040073610864480455
NVDA,2007-09-13,7.62123,0.0003280848535591791,0.0003280848535591791
NVDA,2007-09-14,7.396,-0.029998460470136823,0.029998460470136823
NVDA,2007-09-17,7.37954,-0.002228007478437464,0.002228007478437464
NVDA,2007-09-18,8.02652,0.08403975313387765,0.08403975313387765
NVDA,2007-09-19,7.8778,-0.01870238210796374,0.01870238210796374
NVDA,2007-09-20,7.83365,-0.005620119875526216,0.005620119875526216
NVDA,2007-09-21,7.91078,0.00979782907639757,0.00979782907639757
NVDA,2007-09-24,8.11131,0.02503299778626713,0.02503299778626713
NVDA,2007-09-25,8.21468,0.012663413536535032,0.012663413536535032
NVDA,2007-09-26,8.40965,0.023457058400338723,0.023457058400338723
NVDA,2007-09-27,8.4354,0.003057280335412774,0.003057280335412774
NVDA,2007-09-28,8.31097,-0.014860807441331355,0.014860807441331355
NVDA,2007-10-01,8.65922,0.0410483203433493,0.0410483203433493
NVDA,2007-10-02,8.57663,-0.009583586782569854,0.009583586782569854
NVDA,2007-10-03,8.21468,-0.04311826485519941,0.04311826485519941
NVDA,2007-10-04,8.25184,0.004513408186031071,0.004513408186031071
NVDA,2007-10-05,8.46736,0.025782565985317772,0.025782565985317772
NVDA,2007-10-08,8.6063,0.01627572144187441,0.01627572144187441
NVDA,2007-10-09,8.45578,-0.017644262009091777,0.017644262009091777
NVDA,2007-10-10,8.46506,0.001096872369269873,0.001096872369269873
NVDA,2007-10-11,8.08814,-0.04554831240660755,0.04554831240660755
NVDA,2007-10-12,8.2863,0.02420475748506085,0.02420475748506085
NVDA,2007-10-15,8.34552,0.007121319286689449,0.007121319286689449
NVDA,2007-10-16,8.42143,0.009054779628764477,0.009054779628764477
NVDA,2007-10-17,9.0675,0.07391694461158398,0.07391694461158398
NVDA,2007-10-18,9.06031,-0.0007932563698572105,0.0007932563698572105
NVDA,2007-10-19,8.57434,-0.05512931364527202,0.05512931364527202
NVDA,2007-10-22,8.98062,0.04629490008726436,0.04629490008726436
NVDA,2007-10-23,9.02459,0.004884151577063429,0.004884151577063429
NVDA,2007-10-24,8.71945,-0.0343969112869363,0.0343969112869363
NVDA,2007-10-25,7.95791,-0.09138975997061187,0.09138975997061187
NVDA,2007-10-26,7.88959,-0.008622233571030551,0.008622233571030551
NVDA,2007-10-29,7.70313,-0.023917429225511634,0.023917429225511634
NVDA,2007-10-30,7.98518,0.03596058390962403,0.03596058390962403
NVDA,2007-10-31,8.11361,0.01595557487672621,0.01595557487672621
NVDA,2007-11-01,8.11361,0.0,0.0
NVDA,2007-11-02,8.42562,0.03773416547884926,0.03773416547884926
NVDA,2007-11-05,8.42562,0.0,0.0
NVDA,2007-11-06,8.69199,0.03112484787509041,0.03112484787509041
NVDA,2007-11-07,8.2796,-0.04860725385882002,0.04860725385882002
NVDA,2007-11-08,7.75826,-0.06503657580308309,0.06503657580308309
NVDA,2007-11-09,7.65079,-0.01394917176788478,0.01394917176788478
NVDA,2007-11-12,6.88705,-0.10516607388914688,0.10516607388914688
NVDA,2007-11-13,7.49438,0.08451056972699628,0.08451056972699628
NVDA,2007-11-14,7.37734,-0.01574026628213887,0.01574026628213887
NVDA,2007-11-15,7.27977,-0.013313871733322035,0.013313871733322035
NVDA,2007-11-16,7.44128,0.021943608755132547,0.021943608755132547
NVDA,2007-11-19,6.93988,-0.06975839375511314,0.06975839375511314
NVDA,2007-11-20,6.88705,-0.007641646711554838,0.007641646711554838
NVDA,2007-11-21,6.81464,-0.010569597489662701,0.010569597489662701
NVDA,2007-11-23,6.93049,0.016857278671171004,0.016857278671171004
NVDA,2007-11-26,6.7702,-0.023399889187578488,0.023399889187578488
NVDA,2007-11-27,7.06124,0.042090044891163664,0.042090044891163664
NVDA,2007-11-28,7.53385,0.0647855258526699,0.0647855258526699
NVDA,2007-11-29,7.59545,0.008143184469660357,0.008143184469660357
NVDA,2007-11-30,7.23281,-0.04892176476832231,0.04892176476832231
NVDA,2007-12-03,7.33859,0.014519107050094182,0.014519107050094182
NVDA,2007-12-04,7.3316,-0.0009529529650235984,0.0009529529650235984
NVDA,2007-12-05,7.71242,0.05063824329067809,0.05063824329067809
NVDA,2007-12-06,7.86862,0.020050681219361308,0.020050681219361308
NVDA,2007-12-07,7.76976,-0.012643421753972072,0.012643421753972072
NVDA,2007-12-10,7.85544,0.010967009544058158,0.010967009544058158
NVDA,2007-12-11,7.86163,0.0007876786602136226,0.0007876786602136226
NVDA,2007-12-12,8.13429,0.03409449558893442,0.03409449558893442
NVDA,2007-12-13,7.91327,-0.027547362553284133,0.027547362553284133
NVDA,2007-12-14,8.0428,0.016236184157809818,0.016236184157809818
NVDA,2007-12-17,7.63211,-0.05241293422933238,0.05241293422933238
NVDA,2007-12-18,7.82716,0.02523538963327987,0.02523538963327987
NVDA,2007-12-19,7.90139,0.009438956689487563,0.009438956689487563
NVDA,2007-12-20,8.06598,0.02061652354154844,0.02061652354154844
NVDA,2007-12-21,8.06368,-0.0002851889023808847,0.0002851889023808847
NVDA,2007-12-24,8.20549,0.017433414440067376,0.017433414440067376
NVDA,2007-12-26,8.31526,0.013288938505348725,0.013288938505348725
NVDA,2007-12-27,8.05898,-0.03130538330555975,0.03130538330555975
NVDA,2007-12-28,7.97858,-0.010026546876317129,0.010026546876317129
NVDA,2007-12-31,7.80249,-0.022317537244020396,0.022317537244020396
NVDA,2008-01-02,7.57079,-0.03014549220409519,0.03014549220409519
NVDA,2008-01-03,7.51117,-0.007906175398730115,0.007906175398730115
NVDA,2008-01-04,6.88006,-0.08776387308119309,0.08776387308119309
NVDA,2008-01-07,6.16935,-0.10903388892999194,0.10903388892999194
NVDA,2008-01-08,6.2995,0.020876781261081542,0.020876781261081542
NVDA,2008-01-09,6.62507,0.05039067268565412,0.05039067268565412
NVDA,2008-01-10,6.48757,-0.02097289943967386,0.02097289943967386
NVDA,2008-01-11,6.20382,-0.04472280706078807,0.04472280706078807
NVDA,2008-01-14,6.6159,0.06431061138038446,0.06431061138038446
NVDA,2008-01-15,6.1308,-0.07615059559150879,0.07615059559150879
NVDA,2008-01-16,5.43717,-0.1200665422246771,0.1200665422246771
NVDA,2008-01-17,5.34409,-0.017267427508041996,0.017267427508041996
NVDA,2008-01-18,5.69664,0.06388524993847865,0.06388524993847865
NVDA,2008-01-22,5.43039,-0.0478655727772739,0.0478655727772739
NVDA,2008-01-23,5.51068,0.014677072957311748,0.014677072957311748
NVDA,2008-01-24,5.93295,0.0738335322728385,0.0738335322728385
NVDA,2008-01-25,5.72183,-0.036232875506326714,0.036232875506326714
NVDA,2008-01-28,5.65338,-0.012035087916366132,0.012035087916366132
NVDA,2008-01-29,5.8267,0.030197205988156037,0.030197205988156037
NVDA,2008-01-30,5.77654,-0.008645914841426409,0.008645914841426409
NVDA,2008-01-31,5.63973,-0.023968695501663126,0.023968695501663126
NVDA,2008-02-01,6.16006,0.0882503257341077,0.0882503257341077
NVDA,2008-02-04,5.96762,-0.03173832980573142,0.03173832980573142
NVDA,2008-02-05,5.59329,-0.0647805229292974,0.0647805229292974
NVDA,2008-02-06,5.57479,-0.0033130165474192608,0.0033130165474192608
NVDA,2008-02-07,5.62995,0.009845912642206906,0.009845912642206906
NVDA,2008-02-08,5.73132,0.017845309571017584,0.017845309571017584
NVDA,2008-02-11,5.74977,0.0032139833207288928,0.0032139833207288928
NVDA,2008-02-12,5.96282,0.03638366952820799,0.03638366952820799
NVDA,2008-02-13,6.19683,0.03849434743755208,0.03849434743755208
NVDA,2008-02-14,5.18538,-0.17819474364723945,0.17819474364723945
NVDA,2008-02-15,5.10778,-0.015078259779588089,0.015078259779588089
NVDA,2008-02-19,5.03129,-0.015088455084478281,0.015088455084478281
NVDA,2008-02-20,4.99472,-0.007295057990430596,0.007295057990430596
NVDA,2008-02-21,4.88247,-0.022730115116682575,0.022730115116682575
NVDA,2008-02-22,5.11918,0.0473430306184559,0.0473430306184559
NVDA,2008-02-25,5.11718,-0.0003907639093289933,0.0003907639093289933
NVDA,2008-02-26,5.16073,0.008474536289640235,0.008474536289640235
NVDA,2008-02-27,5.24002,0.015247272764214089,0.015247272764214089
NVDA,2008-02-28,5.04276,-0.038371763877255584,0.038371763877255584
NVDA,2008-02-29,4.90544,-0.027608757864893377,0.027608757864893377
NVDA,2008-03-03,4.84851,-0.01167335212351938,0.01167335212351938
NVDA,2008-03-04,4.79965,-0.010128442665262475,0.010128442665262475
NVDA,2008-03-05,4.85251,0.010953098263681144,0.010953098263681144
NVDA,2008-03-06,4.5509,-0.06417108125192433,0.06417108125192433
NVDA,2008-03-07,4.48348,-0.014925485001083871,0.014925485001083871
NVDA,2008-03-10,4.22579,-0.059193305020646104,0.059193305020646104
NVDA,2008-03-11,4.36653,0.03276241776063286,0.03276241776063286
NVDA,2008-03-12,4.24677,-0.027809949349372382,0.027809949349372382
NVDA,2008-03-13,4.51842,0.06200368122262746,0.06200368122262746
NVDA,2008-03-14,4.20202,-0.0725970131627949,0.0725970131627949
NVDA,2008-03-17,4.09585,-0.025591096076860963,0.025591096076860963
NVDA,2008-03-18,4.35035,0.06028203566110572,0.06028203566110572
NVDA,2008-03-19,4.05011,-0.07151226039055852,0.07151226039055852
NVDA,2008-03-20,4.24677,0.04741465274648125,0.04741465274648125
NVDA,2008-03-24,4.59372,0.0785314593555237,0.0785314593555237
NVDA,2008-03-25,4.65985,0.014293105432840441,0.014293105432840441
NVDA,2008-03-26,4.51134,-0.0323890318777325,0.0323890318777325
NVDA,2008-03-27,4.44731,-0.014294807884814516,0.014294807884814516
NVDA,2008-03-28,4.51362,0.014800073292862004,0.014800073292862004
NVDA,2008-03-31,4.53891,0.005587402813170631,0.005587402813170631
NVDA,2008-04-01,4.81555,0.059163369980895386,0.059163369980895386
NVDA,2008-04-02,4.66934,-0.03083253103267178,0.03083253103267178
NVDA,2008-04-03,4.58275,-0.018718479452652984,0.018718479452652984
NVDA,2008-04-04,4.3071,-0.062034430797716096,0.062034430797716096
NVDA,2008-04-07,4.40956,0.023510087418822156,0.023510087418822156
NVDA,2008-04-08,4.38549,-0.005473547073449357,0.005473547073449357
NVDA,2008-04-09,4.47199,0.019532135549347053,0.019532135549347053
NVDA,2008-04-10,4.56008,0.01950666751771129,0.01950666751771129
NVDA,2008-04-11,4.24887,-0.07068710200164731,0.07068710200164731
NVDA,2008-04-14,4.10704,-0.03395049083421288,0.03395049083421288
NVDA,2008-04-15,4.15567,0.011771092415804806,0.011771092415804806
NVDA,2008-04-16,4.32137,0.0390988147986795,0.0390988147986795
NVDA,2008-04-17,4.26116,-0.014031057926957831,0.014031057926957831
NVDA,2008-04-18,4.36183,0.023350270388064857,0.023350270388064857
NVDA,2008-04-21,4.55788,0.043965909068587564,0.043965909068587564
NVDA,2008-04-22,4.47199,-0.019024103426030156,0.019024103426030156
NVDA,2008-04-23,4.68681,0.04691868074720525,0.04691868074720525
NVDA,2008-04-24,4.57576,-0.023979375311917787,0.023979375311917787
NVDA,2008-04-25,4.62089,0.009814522083824512,0.009814522083824512
NVDA,2008-04-28,4.53891,-0.017900432111686185,0.017900432111686185
NVDA,2008-04-29,4.63237,0.020381721060661818,0.020381721060661818
NVDA,2008-04-30,4.71258,0.017166912574929003,0.017166912574929003
NVDA,2008-05-01,4.93041,0.04518662013948567,0.04518662013948567
NVDA,2008-05-02,5.16492,0.046467464687428774,0.046467464687428774
NVDA,2008-05-05,5.03626,-0.025225870458454508,0.025225870458454508
NVDA,2008-05-06,5.16742,0.025709787954159548,0.025709787954159548
NVDA,2008-05-07,5.0912,-0.01485997191864602,0.01485997191864602
NVDA,2008-05-08,5.03387,-0.011324487175781805,0.011324487175781805
NVDA,2008-05-09,5.16742,0.026184459094427747,0.026184459094427747
NVDA,2008-05-12,5.02011,-0.02892168526581329,0.02892168526581329
NVDA,2008-05-13,4.91622,-0.020911903280951598,0.020911903280951598
NVDA,2008-05-14,5.06124,0.0290715700325772,0.0290715700325772
NVDA,2008-05-15,5.45305,0.07456357260072317,0.07456357260072317
NVDA,2008-05-16,5.59799,0.026232519572885447,0.026232519572885447
NVDA,2008-05-19,5.48122,-0.021079900820124335,0.021079900820124335
NVDA,2008-05-20,5.33959,-0.02617883292104731,0.02617883292104731
NVDA,2008-05-21,5.29574,-0.008246147224240951,0.008246147224240951
NVDA,2008-05-22,5.42339,0.023818357412814205,0.023818357412814205
NVDA,2008-05-23,5.30023,-0.022970865343896973,0.022970865343896973
NVDA,2008-05-27,5.35759,0.010764031261667825,0.010764031261667825
NVDA,2008-05-28,5.40791,0.009348449485778735,0.009348449485778735
NVDA,2008-05-29,5.39444,-0.0024939030824675757,0.0024939030824675757
NVDA,2008-05-30,5.66388,0.048740376218423545,0.048740376218423545
NVDA,2008-06-02,5.68735,0.00413524057660022,0.00413524057660022
NVDA,2008-06-03,5.49471,-0.034458599090210255,0.034458599090210255
NVDA,2008-06-04,5.55862,0.011564064803872539,0.011564064803872539
NVDA,2008-06-05,5.69904,0.024947863586887324,0.024947863586887324
NVDA,2008-06-06,5.51767,-0.032342069873619386,0.032342069873619386
NVDA,2008-06-09,5.43218,-0.01561514305633083,0.01561514305633083
NVDA,2008-06-10,5.11218,-0.06071459895056723,0.06071459895056723
NVDA,2008-06-11,4.87298,-0.047920268117887126,0.047920268117887126
NVDA,2008-06-12,4.90295,0.006131405173989409,0.006131405173989409
NVDA,2008-06-13,4.88727,-0.0032031993983859686,0.0032031993983859686
NVDA,2008-06-16,4.82035,-0.013787325846537496,0.013787325846537496
NVDA,2008-06-17,4.70299,-0.02464806287582605,0.02464806287582605
NVDA,2008-06-18,4.56706,-0.02932880481455425,0.02932880481455425
NVDA,2008-06-19,4.55559,-0.002514621528621829,0.002514621528621829
NVDA,2008-06-20,4.53211,-0.005167435599250344,0.005167435599250344
NVDA,2008-06-23,4.43812,-0.020956751364164434,0.020956751364164434
NVDA,2008-06-24,4.58495,0.032548337171858566,0.032548337171858566
NVDA,2008-06-25,4.6091,0.005253409659851539,0.005253409659851539
NVDA,2008-06-26,4.37351,-0.052466719810023106,0.052466719810023106
NVDA,2008-06-27,4.42135,0.010879188946268246,0.010879188946268246
NVDA,2008-06-30,4.29341,-0.02936379032813659,0.02936379032813659
NVDA,2008-07-01,4.3001,0.001556989251539868,0.001556989251539868
NVDA,2008-07-02,4.13482,-0.03919448154923845,0.03919448154923845
NVDA,2008-07-07,2.77481,-0.0320907803408077,0.0320907803408077
NVDA,2008-07-08,2.75883,-0.005775599576811383,0.005775599576811383
NVDA,2008-07-09,2.7105,-0.01767355709078951,0.01767355709078951
NVDA,2008-07-10,2.70371,-0.0025082158097820334,0.0025082158097820334
NVDA,2008-07-11,2.67573,-0.010402663593908939,0.010402663593908939
NVDA,2008-07-14,2.55451,-0.04636181587310821,0.04636181587310821
NVDA,2008-07-15,2.58275,0.010994298305961096,0.010994298305961096
NVDA,2008-07-16,2.59645,0.005290404677705935,0.005290404677705935
NVDA,2008-07-17,2.60444,0.0030725534613709887,0.0030725534613709887
NVDA,2008-07-18,2.65128,0.01782486136349756,0.01782486136349756
NVDA,2008-07-21,2.66696,0.005896704712177643,0.005896704712177643
NVDA,2008-07-22,2.60922,-0.021887920867012387,0.021887920867012387
NVDA,2008-07-23,2.68791,0.02971261386234904,0.02971261386234904
NVDA,2008-07-24,2.52992,-0.06057625827137752,0.06057625827137752
NVDA,2008-07-25,2.65128,0.04685486056386314,0.04685486056386314
NVDA,2008-07-28,2.64398,-0.0027571845856822893,0.0027571845856822893
NVDA,2008-07-29,2.67125,0.010261169986910451,0.010261169986910451
NVDA,2008-07-30,2.6329,-0.01446062734936205,0.01446062734936205
NVDA,2008-07-31,2.6234,-0.0036147139029499625,0.0036147139029499625
NVDA,2008-08-01,2.48617,-0.05372781270390683,0.05372781270390683
NVDA,2008-08-04,2.42627,-0.024388275054271463,0.024388275054271463
NVDA,2008-08-05,2.56647,0.056176315238453935,0.056176315238453935
NVDA,2008-08-06,2.6354,0.026503559249830656,0.026503559249830656
NVDA,2008-08-07,2.59415,-0.01577606315487233,0.01577606315487233
NVDA,2008-08-08,2.52313,-0.0277587156814812,0.0277587156814812
NVDA,2008-08-11,2.57575,0.02064055955037908,0.02064055955037908
NVDA,2008-08-12,2.53832,-0.014638308968365906,0.014638308968365906
NVDA,2008-08-13,2.81206,0.10241486597271086,0.10241486597271086
NVDA,2008-08-14,2.98135,0.058458907221514915,0.058458907221514915
NVDA,2008-08-15,2.97237,-0.003016603672915642,0.003016603672915642
NVDA,2008-08-18,3.03129,0.019628657096895305,0.019628657096895305
NVDA,2008-08-19,3.07704,0.014979824437537922,0.014979824437537922
NVDA,2008-08-20,3.22865,0.04809599727957235,0.04809599727957235
NVDA,2008-08-21,3.12388,-0.03298827426225496,0.03298827426225496
NVDA,2008-08-22,3.12138,-0.000800607223249708,0.000800607223249708
NVDA,2008-08-25,3.07505,-0.01495405043559766,0.01495405043559766
NVDA,2008-08-26,3.00193,-0.024065746137622683,0.024065746137622683
NVDA,2008-08-27,3.02461,0.007526742400082704,0.007526742400082704
NVDA,2008-08-28,3.01292,-0.0038724493653753966,0.0038724493653753966
NVDA,2008-08-29,2.89907,-0.038519712280640175,0.038519712280640175
NVDA,2008-09-02,2.82576,-0.025612640939408553,0.025612640939408553
NVDA,2008-09-03,2.67373,-0.0553028537103241,0.0553028537103241
NVDA,2008-09-04,2.63779,-0.013533055891124605,0.013533055891124605
NVDA,2008-09-05,2.67573,0.014280794950089699,0.014280794950089699
NVDA,2008-09-08,2.56647,-0.041690826435380725,0.041690826435380725
NVDA,2008-09-09,2.47899,-0.034680194718897744,0.034680194718897744
NVDA,2008-09-10,2.48117,0.0008790039596966557,0.0008790039596966557
NVDA,2008-09-11,2.36165,-0.04936969583337132,0.04936969583337132
NVDA,2008-09-12,2.33726,-0.010381224174013192,0.010381224174013192
NVDA,2008-09-15,2.13262,-0.09162803233086717,0.09162803233086717
NVDA,2008-09-16,2.19925,0.030765122368915522,0.030765122368915522
NVDA,2008-09-17,2.29361,0.042010602385016076,0.042010602385016076
NVDA,2008-09-18,2.49766,0.08522729801695823,0.08522729801695823
NVDA,2008-09-19,2.61642,0.04645267761420118,0.04645267761420118
NVDA,2008-09-22,2.56147,-0.021225658725852997,0.021225658725852997
NVDA,2008-09-23,2.48846,-0.0289172671938093,0.0289172671938093
NVDA,2008-09-24,2.58075,0.03641600911640239,0.03641600911640239
NVDA,2008-09-25,2.6306,0.01913190268897865,0.01913190268897865
NVDA,2008-09-26,2.68071,0.01886972775682848,0.01886972775682848
NVDA,2008-09-29,2.3163,-0.1461105998086269,0.1461105998086269
NVDA,2008-09-30,2.45671,0.058851971454166735,0.058851971454166735
NVDA,2008-10-01,2.38769,-0.02849668509674065,0.02849668509674065
NVDA,2008-10-02,2.13971,-0.10965606552595454,0.10965606552595454
NVDA,2008-10-03,2.0707,-0.032783591468372286,0.032783591468372286
NVDA,2008-10-06,1.80033,-0.13991673293189155,0.13991673293189155
NVDA,2008-10-07,1.66032,-0.08095962655711925,0.08095962655711925
NVDA,2008-10-08,1.69477,0.020536683535085965,0.020536683535085965
NVDA,2008-10-09,1.58681,-0.06582132678030728,0.06582132678030728
NVDA,2008-10-10,1.56164,-0.015989160526872756,0.015989160526872756
NVDA,2008-10-13,1.84629,0.16744166906427432,0.16744166906427432
NVDA,2008-10-14,1.80493,-0.022656410297610775,0.022656410297610775
NVDA,2008-10-15,1.60998,-0.11430005331043558,0.11430005331043558
NVDA,2008-10-16,1.76598,0.09248402053036221,0.09248402053036221
NVDA,2008-10-17,1.75441,-0.00657315902963,0.00657315902963
NVDA,2008-10-20,1.78895,0.01949623750169375,0.01949623750169375
NVDA,2008-10-21,1.65112,-0.08017501004240768,0.08017501004240768
NVDA,2008-10-22,1.58921,-0.0382168081062729,0.0382168081062729
NVDA,2008-10-23,1.49982,-0.05789193650512191,0.05789193650512191
NVDA,2008-10-24,1.5159,0.010664221076247322,0.010664221076247322
NVDA,2008-10-27,1.59838,0.052981294337521675,0.052981294337521675
NVDA,2008-10-28,1.83939,0.1404433785949263,0.1404433785949263
NVDA,2008-10-29,1.89901,0.03189870282943681,0.03189870282943681
NVDA,2008-10-30,1.97932,0.04142065363020906,0.04142065363020906
NVDA,2008-10-31,2.00897,0.014868801542983225,0.014868801542983225
NVDA,2008-11-03,1.93576,-0.03712213869121278,0.03712213869121278
NVDA,2008-11-04,2.05931,0.06187096100871048,0.06187096100871048
NVDA,2008-11-05,1.95176,-0.05363944562425353,0.05363944562425353
NVDA,2008-11-06,1.74761,-0.11048238940017323,0.11048238940017323
NVDA,2008-11-07,1.9998,0.13479803534762816,0.13479803534762816
NVDA,2008-11-10,1.87155,-0.0662802110166089,0.0662802110166089
NVDA,2008-11-11,1.78895,-0.04513810898161226,0.04513810898161226
NVDA,2008-11-12,1.68328,-0.06088458461247095,0.06088458461247095
NVDA,2008-11-13,1.821,0.07864152979655108,0.07864152979655108
NVDA,2008-11-14,1.64433,-0.10205279432803163,0.10205279432803163
NVDA,2008-11-17,1.60998,-0.021111249858474266,0.021111249858474266
NVDA,2008-11-18,1.55705,-0.03342875118482293,0.03342875118482293
NVDA,2008-11-19,1.4288,-0.08595807423404452,0.08595807423404452
NVDA,2008-11-20,1.3532,-0.054362773215681226,0.054362773215681226
NVDA,2008-11-21,1.46316,0.07812632245362026,0.07812632245362026
NVDA,2008-11-24,1.55935,0.06367058738706668,0.06367058738706668
NVDA,2008-11-25,1.60298,0.02759532917811603,0.02759532917811603
NVDA,2008-11-26,1.74521,0.0850104953099736,0.0850104953099736
NVDA,2008-11-28,1.71305,-0.0185994847791027,0.0185994847791027
NVDA,2008-12-01,1.56623,-0.0896039496810298,0.0896039496810298
NVDA,2008-12-02,1.65342,0.05417441225665799,0.05417441225665799
NVDA,2008-12-03,1.73842,0.050130784676213555,0.050130784676213555
NVDA,2008-12-04,1.62356,-0.06835538565681547,0.06835538565681547
NVDA,2008-12-05,1.68788,0.03885203453023806,0.03885203453023806
NVDA,2008-12-08,1.63274,-0.03321371845383071,0.03321371845383071
NVDA,2008-12-09,1.79115,0.09259828651984221,0.09259828651984221
NVDA,2008-12-10,1.96096,0.09057627758455905,0.09057627758455905
NVDA,2008-12-11,1.87844,-0.0429925041061046,0.0429925041061046
NVDA,2008-12-12,1.97233,0.048773939835567166,0.048773939835567166
NVDA,2008-12-15,1.9082,-0.03305519564377947,0.03305519564377947
NVDA,2008-12-16,2.03653,0.06508698981861512,0.06508698981861512
NVDA,2008-12-17,2.13731,0.048300649834814365,0.048300649834814365
NVDA,2008-12-18,1.94036,-0.09667450611891966,0.09667450611891966
NVDA,2008-12-19,1.95416,0.0070869107144913394,0.0070869107144913394
NVDA,2008-12-22,1.83939,-0.06052643866832592,0.06052643866832592
NVDA,2008-12-23,1.81412,-0.013833493261350817,0.013833493261350817
NVDA,2008-12-24,1.77058,-0.024293325129926085,0.024293325129926085
NVDA,2008-12-26,1.72235,-0.027617539139843078,0.027617539139843078
NVDA,2008-12-29,1.77737,0.03144510620792957,0.03144510620792957
NVDA,2008-12-30,1.83939,0.0342992513231905,0.0342992513231905
NVDA,2008-12-31,1.85089,0.006232609572627909,0.006232609572627909
NVDA,2009-01-02,1.9975,0.0762297941693813,0.0762297941693813
NVDA,2009-01-05,2.03424,0.018225886107614202,0.018225886107614202
NVDA,2009-01-06,2.10286,0.03317603817423914,0.03317603817423914
NVDA,2009-01-07,1.97692,-0.06175824492195344,0.06175824492195344
NVDA,2009-01-08,1.92658,-0.025793667712730152,0.025793667712730152
NVDA,2009-01-09,1.81871,-0.057618951736797014,0.057618951736797014
NVDA,2009-01-12,1.74521,-0.04125256631547243,0.04125256631547243
NVDA,2009-01-13,1.75441,0.005257725806504036,0.005257725806504036
NVDA,2009-01-14,1.6763,-0.045543634404602025,0.045543634404602025
NVDA,2009-01-15,1.73603,0.035011913539737566,0.035011913539737566
NVDA,2009-01-16,1.8325,0.05408025758383683,0.05408025758383683
NVDA,2009-01-20,1.65342,-0.10283528472895088,0.10283528472895088
NVDA,2009-01-21,1.73373,0.047429286842112624,0.047429286842112624
NVDA,2009-01-22,1.70165,-0.018676788310571475,0.018676788310571475
NVDA,2009-01-23,1.76838,0.0384655046662883,0.0384655046662883
NVDA,2009-01-26,1.8279,0.0331038936928732,0.0331038936928732
NVDA,2009-01-27,1.93576,0.05733224728727858,0.05733224728727858
NVDA,2009-01-28,2.01586,0.04054588912560062,0.04054588912560062
NVDA,2009-01-29,1.89901,-0.05971320560758019,0.05971320560758019
NVDA,2009-01-30,1.8232,-0.04073949879638302,0.04073949879638302
NVDA,2009-02-02,1.92198,0.052762705717359144,0.052762705717359144
NVDA,2009-02-03,1.94486,0.011834090378621962,0.011834090378621962
NVDA,2009-02-04,1.9998,0.027857180514293367,0.027857180514293367
NVDA,2009-02-05,2.14651,0.07079609185881143,0.07079609185881143
NVDA,2009-02-06,2.26346,0.05305134857201149,0.05305134857201149
NVDA,2009-02-09,2.23371,-0.013230735766151523,0.013230735766151523
NVDA,2009-02-10,2.13731,-0.044115851235245654,0.044115851235245654
NVDA,2009-02-11,1.86915,-0.1340642469141886,0.1340642469141886
NVDA,2009-02-12,1.9082,0.020676607260759136,0.020676607260759136
NVDA,2009-02-13,1.9059,-0.0012060513771482537,0.0012060513771482537
NVDA,2009-02-17,1.79574,-0.059537144705075706,0.059537144705075706
NVDA,2009-02-18,1.84389,0.026460277173294477,0.026460277173294477
NVDA,2009-02-19,1.70165,-0.08027910184541912,0.08027910184541912
NVDA,2009-02-20,1.74521,0.025276523671933237,0.025276523671933237
NVDA,2009-02-23,1.6649,-0.04710983068452351,0.04710983068452351
NVDA,2009-02-24,1.81412,0.08583544008626326,0.08583544008626326
NVDA,2009-02-25,1.83489,0.011384032550710117,0.011384032550710117
NVDA,2009-02-26,1.89442,0.03192818887860979,0.03192818887860979
NVDA,2009-02-27,1.89901,0.0024199746614678845,0.0024199746614678845
NVDA,2009-03-02,1.73842,-0.08835604301978824,0.08835604301978824
NVDA,2009-03-03,1.80723,0.03881863157354549,0.03881863157354549
NVDA,2009-03-04,1.94036,0.07107823657064044,0.07107823657064044
NVDA,2009-03-05,1.89442,-0.023960799785865506,0.023960799785865506
NVDA,2009-03-06,1.92438,0.015691114855183434,0.015691114855183434
NVDA,2009-03-09,1.9036,-0.010857007674617825,0.010857007674617825
NVDA,2009-03-10,2.0753,0.08635889128065925,0.08635889128065925
NVDA,2009-03-11,2.13262,0.0272455492362539,0.0272455492362539
NVDA,2009-03-12,2.25906,0.057597526776379755,0.057597526776379755
NVDA,2009-03-13,2.24746,-0.005148107905687759,0.005148107905687759
NVDA,2009-03-16,2.16019,-0.039604508861901325,0.039604508861901325
NVDA,2009-03-17,2.26805,0.0487242506873565,0.0487242506873565
NVDA,2009-03-18,2.33955,0.0310381717059286,0.0310381717059286
NVDA,2009-03-19,2.3115,-0.012061938737664021,0.012061938737664021
NVDA,2009-03-20,2.18556,-0.05602457582982738,0.05602457582982738
NVDA,2009-03-23,2.34425,0.07009343270128185,0.07009343270128185
NVDA,2009-03-24,2.24289,-0.04420030844442532,0.04420030844442532
NVDA,2009-03-25,2.27963,0.0162479362224851,0.0162479362224851
NVDA,2009-03-26,2.42147,0.060361644673671756,0.060361644673671756
NVDA,2009-03-27,2.39909,-0.009285294983951881,0.009285294983951881
NVDA,2009-03-30,2.24517,-0.06630825662732899,0.06630825662732899
NVDA,2009-03-31,2.26116,0.00709671378221435,0.00709671378221435
NVDA,2009-04-01,2.3185,0.025042468909116176,0.025042468909116176
NVDA,2009-04-02,2.42627,0.045434673791351715,0.045434673791351715
NVDA,2009-04-03,2.59645,0.06779002878439352,0.06779002878439352
NVDA,2009-04-06,2.60294,0.0024964479950954884,0.0024964479950954884
NVDA,2009-04-07,2.51364,-0.03490967359668103,0.03490967359668103
NVDA,2009-04-08,2.61642,0.04007506934328417,0.04007506934328417
NVDA,2009-04-09,2.76083,0.05372438799132681,0.05372438799132681
NVDA,2009-04-13,2.67125,-0.03298483150692887,0.03298483150692887
NVDA,2009-04-14,2.68791,0.006217412306286066,0.006217412306286066
NVDA,2009-04-15,2.61142,-0.028869805267913825,0.028869805267913825
NVDA,2009-04-16,2.67821,0.025254526233859206,0.025254526233859206
NVDA,2009-04-17,2.69671,0.006883850570990896,0.006883850570990896
NVDA,2009-04-20,2.53392,-0.06226500073316411,0.06226500073316411
NVDA,2009-04-21,2.52733,-0.0026041012493306782,0.0026041012493306782
NVDA,2009-04-22,2.60294,0.029478165908270983,0.029478165908270983
NVDA,2009-04-23,2.56147,-0.016060262979249815,0.016060262979249815
NVDA,2009-04-24,2.62091,0.022940273271819585,0.022940273271819585
NVDA,2009-04-27,2.52733,-0.03635817620084067,0.03635817620084067
NVDA,2009-04-28,2.53392,0.0026041012493307363,0.0026041012493307363
NVDA,2009-04-29,2.49566,-0.01521428748132292,0.01521428748132292
NVDA,2009-04-30,2.6329,0.05353267702190242,0.05353267702190242
NVDA,2009-05-01,2.67573,0.01613634001270645,0.01613634001270645
NVDA,2009-05-04,2.82106,0.0528904605326385,0.0528904605326385
NVDA,2009-05-05,2.70621,-0.04156356878823645,0.04156356878823645
NVDA,2009-05-06,2.65128,-0.020506589808974646,0.020506589808974646
NVDA,2009-05-07,2.46101,-0.07447070746046272,0.07447070746046272
NVDA,2009-05-08,2.12124,-0.14857101143587464,0.14857101143587464
NVDA,2009-05-11,2.16259,0.019305754101326587,0.019305754101326587
NVDA,2009-05-12,2.05931,-0.04893560221857094,0.04893560221857094
NVDA,2009-05-13,1.92658,-0.06662456493094797,0.06662456493094797
NVDA,2009-05-14,1.95416,0.014214023279146969,0.014214023279146969
NVDA,2009-05-15,2.00448,0.025424241915527595,0.025424241915527595
NVDA,2009-05-18,2.12583,0.05877763885180917,0.05877763885180917
NVDA,2009-05-19,2.16719,0.0192690831773561,0.0192690831773561
NVDA,2009-05-20,2.23141,0.029202275129038283,0.029202275129038283
NVDA,2009-05-21,2.21762,-0.0061991239265436395,0.0061991239265436395
NVDA,2009-05-22,2.25216,0.015455206979231514,0.015455206979231514
NVDA,2009-05-26,2.37391,0.052648629058577257,0.052648629058577257
NVDA,2009-05-27,2.37861,0.001977898686268673,0.001977898686268673
NVDA,2009-05-28,2.41027,0.013222490966460302,0.013222490966460302
NVDA,2009-05-29,2.39219,-0.007529510050331997,0.007529510050331997
NVDA,2009-06-01,2.50914,0.04773080057872594,0.04773080057872594
NVDA,2009-06-02,2.48846,-0.00827601970356868,0.00827601970356868
NVDA,2009-06-03,2.41027,-0.03192527082482531,0.03192527082482531
NVDA,2009-06-04,2.49766,0.03561551913028645,0.03561551913028645
NVDA,2009-06-05,2.48367,-0.005616988548309738,0.005616988548309738
NVDA,2009-06-08,2.4699,-0.005559641013958487,0.005559641013958487
NVDA,2009-06-09,2.60444,0.05304001689614173,0.05304001689614173
NVDA,2009-06-10,2.68791,0.03154625907101174,0.03154625907101174
NVDA,2009-06-11,2.65358,-0.01285426826616549,0.01285426826616549
NVDA,2009-06-12,2.63959,-0.0052860696241835425,0.0052860696241835425
NVDA,2009-06-15,2.59645,-0.016478474642033763,0.016478474642033763
NVDA,2009-06-16,2.52513,-0.02785258087460058,0.02785258087460058
NVDA,2009-06-17,2.58745,0.024380288182762222,0.024380288182762222
NVDA,2009-06-18,2.53612,-0.02003748066580875,0.02003748066580875
NVDA,2009-06-19,2.56397,0.010921484454477114,0.010921484454477114
NVDA,2009-06-22,2.41907,-0.058173669735235876,0.058173669735235876
NVDA,2009-06-23,2.40827,-0.004474521379973844,0.004474521379973844
NVDA,2009-06-24,2.48846,0.03275539784041587,0.03275539784041587
NVDA,2009-06-25,2.61862,0.050983416204172356,0.050983416204172356
NVDA,2009-06-26,2.65358,0.013262210240008641,0.013262210240008641
NVDA,2009-06-29,2.65358,0.0,0.0
NVDA,2009-06-30,2.58915,-0.024580035172670142,0.024580035172670142
NVDA,2009-07-01,2.60094,0.004543281631022371,0.004543281631022371
NVDA,2009-07-02,2.50016,-0.039518188323450755,0.039518188323450755
NVDA,2009-07-06,2.41907,-0.032971561039524526,0.032971561039524526
NVDA,2009-07-07,2.3139,-0.04444875616079196,0.04444875616079196
NVDA,2009-07-08,2.3185,0.0019860122234522898,0.0019860122234522898
NVDA,2009-07-09,2.36892,0.02151373023406142,0.02151373023406142
NVDA,2009-07-10,2.37861,0.004082128372434547,0.004082128372434547
NVDA,2009-07-13,2.40577,0.011353735179717266,0.011353735179717266
NVDA,2009-07-14,2.45671,0.02095303781931789,0.02095303781931789
NVDA,2009-07-15,2.55701,0.040015550679500266,0.040015550679500266
NVDA,2009-07-16,2.69021,0.05078065034677318,0.05078065034677318
NVDA,2009-07-17,2.76812,0.028549131935699617,0.028549131935699617
NVDA,2009-07-20,2.80278,0.012443392350478448,0.012443392350478448
NVDA,2009-07-21,2.74485,-0.020885353107692083,0.020885353107692083
NVDA,2009-07-22,2.81436,0.025008453619680272,0.025008453619680272
NVDA,2009-07-23,2.98135,0.05764133578955127,0.05764133578955127
NVDA,2009-07-24,2.97237,-0.003016603672915642,0.003016603672915642
NVDA,2009-07-27,2.98615,0.004625317886634634,0.004625317886634634
NVDA,2009-07-28,2.99034,0.001402161029795561,0.001402161029795561
NVDA,2009-07-29,2.93122,-0.019968374693913674,0.019968374693913674
NVDA,2009-07-30,2.95368,0.007633131931552508,0.007633131931552508
NVDA,2009-07-31,2.96568,0.004054497931853821,0.004054497931853821
NVDA,2009-08-03,3.04507,0.0264175409214683,0.0264175409214683
NVDA,2009-08-04,3.06586,0.006804227903244458,0.006804227903244458
NVDA,2009-08-05,3.07305,0.002342436454560298,0.002342436454560298
NVDA,2009-08-06,3.00833,-0.021285446244200507,0.021285446244200507
NVDA,2009-08-07,3.14415,0.04415847583556198,0.04415847583556198
NVDA,2009-08-10,3.04029,-0.033590677747358036,0.033590677747358036
NVDA,2009-08-11,2.97038,-0.023263014847037293,0.023263014847037293
NVDA,2009-08-12,3.07954,0.036090344424067056,0.036090344424067056
NVDA,2009-08-13,3.17132,0.029367669820467828,0.029367669820467828
NVDA,2009-08-14,3.07704,-0.030179809072263548,0.030179809072263548
NVDA,2009-08-17,2.949,-0.042501966097278764,0.042501966097278764
NVDA,2009-08-18,3.05626,0.0357258163861931,0.0357258163861931
NVDA,2009-08-19,3.02261,-0.011071249660943718,0.011071249660943718
NVDA,2009-08-20,3.14186,0.038694284675701164,0.038694284675701164
NVDA,2009-08-21,3.19459,0.016643772852378672,0.016643772852378672
NVDA,2009-08-24,3.1052,-0.028380628537080132,0.028380628537080132
NVDA,2009-08-25,3.13237,0.008711780978490319,0.008711780978490319
NVDA,2009-08-26,3.16882,0.011569372315264082,0.011569372315264082
NVDA,2009-08-27,3.21297,0.013836464178827395,0.013836464178827395
NVDA,2009-08-28,3.37837,0.05019760163303128,0.05019760163303128
NVDA,2009-08-31,3.33043,-0.0142919198699683,0.0142919198699683
NVDA,2009-09-01,3.21776,-0.034415959480877445,0.034415959480877445
NVDA,2009-09-02,3.2628,0.013900257140132613,0.013900257140132613
NVDA,2009-09-03,3.34159,0.02386101917365692,0.02386101917365692
NVDA,2009-09-04,3.46505,0.036280320934239725,0.036280320934239725
NVDA,2009-09-08,3.56133,0.02740700804794768,0.02740700804794768
NVDA,2009-09-09,3.66021,0.027386452216322767,0.027386452216322767
NVDA,2009-09-10,3.77776,0.03161071857006103,0.03161071857006103
NVDA,2009-09-11,3.74309,-0.009219767869514891,0.009219767869514891
NVDA,2009-09-14,3.68099,-0.016729735776890818,0.016729735776890818
NVDA,2009-09-15,3.75658,0.02032723127974164,0.02032723127974164
NVDA,2009-09-16,3.65551,-0.027273350668475835,0.027273350668475835
NVDA,2009-09-17,3.49522,-0.04483929757944732,0.04483929757944732
NVDA,2009-09-18,3.49072,-0.0012883021103519277,0.0012883021103519277
NVDA,2009-09-21,3.47443,-0.004677581875991259,0.004677581875991259
NVDA,2009-09-22,3.48172,0.002095987771640322,0.002095987771640322
NVDA,2009-09-23,3.42581,-0.016188484453526115,0.016188484453526115
NVDA,2009-09-24,3.38084,-0.013213740774869523,0.013213740774869523
NVDA,2009-09-25,3.32593,-0.016374865081435062,0.016374865081435062
NVDA,2009-09-28,3.40033,0.022123151488346936,0.022123151488346936
NVDA,2009-09-29,3.3396,-0.018021446398033922,0.018021446398033922
NVDA,2009-09-30,3.44648,0.03150238100048479,0.03150238100048479
NVDA,2009-10-01,3.20179,-0.07364339192438904,0.07364339192438904
NVDA,2009-10-02,3.17602,-0.00808118781952299,0.00808118781952299
NVDA,2009-10-05,3.16062,-0.004860629709013975,0.004860629709013975
NVDA,2009-10-06,3.21297,0.016427532136703244,0.016427532136703244
NVDA,2009-10-07,3.1876,-0.007927460480514051,0.007927460480514051
NVDA,2009-10-08,3.20858,0.0065601891258099026,0.0065601891258099026
NVDA,2009-10-09,3.24961,0.012706517473804175,0.012706517473804175
NVDA,2009-10-12,3.21297,-0.011339246119100017,0.011339246119100017
NVDA,2009-10-13,3.20179,-0.0034857146081661034,0.0034857146081661034
NVDA,2009-10-14,3.19679,-0.0015628470747273162,0.0015628470747273162
NVDA,2009-10-15,3.103,-0.02977779587283342,0.02977779587283342
NVDA,2009-10-16,3.03129,-0.023381113973363173,0.023381113973363173
NVDA,2009-10-19,3.14186,0.03582670974120968,0.03582670974120968
NVDA,2009-10-20,3.14415,0.0007286021184521469,0.0007286021184521469
NVDA,2009-10-21,3.06805,-0.024501402718271215,0.024501402718271215
NVDA,2009-10-22,3.08924,0.006882925331010971,0.006882925331010971
NVDA,2009-10-23,3.01541,-0.024189298298488808,0.024189298298488808
NVDA,2009-10-26,2.97685,-0.012870113197513263,0.012870113197513263
NVDA,2009-10-27,2.87578,-0.03454175266850925,0.03454175266850925
NVDA,2009-10-28,2.75663,-0.042315022610011264,0.042315022610011264
NVDA,2009-10-29,2.87827,0.04318050002346048,0.04318050002346048
NVDA,2009-10-30,2.74245,-0.04833773775373309,0.04833773775373309
NVDA,2009-11-02,2.76812,0.009316707956395907,0.009316707956395907
NVDA,2009-11-03,2.75414,-0.0050631552536072886,0.0050631552536072886
NVDA,2009-11-04,2.74715,-0.0025412235172761546,0.0025412235172761546
NVDA,2009-11-05,2.81436,0.024170871633350292,0.024170871633350292
NVDA,2009-11-06,3.01791,0.06982965654809221,0.06982965654809221
NVDA,2009-11-09,3.08684,0.0225833750934347,0.0225833750934347
NVDA,2009-11-10,3.01092,-0.02490223402034574,0.02490223402034574
NVDA,2009-11-11,3.0962,0.027929873223697627,0.027929873223697627
NVDA,2009-11-12,3.08684,-0.0030276392033518106,0.0030276392033518106
NVDA,2009-11-13,3.10969,0.007375128845447434,0.007375128845447434
NVDA,2009-11-16,3.15362,0.014027956588281756,0.014027956588281756
NVDA,2009-11-17,3.14863,-0.0015835617573952312,0.0015835617573952312
NVDA,2009-11-18,3.1005,-0.015404048789414596,0.015404048789414596
NVDA,2009-11-19,2.97685,-0.040697694338515944,0.040697694338515944
NVDA,2009-11-20,2.95838,-0.006223873252440997,0.006223873252440997
NVDA,2009-11-23,2.98135,0.007734396852061691,0.007734396852061691
NVDA,2009-11-24,2.96318,-0.0061132020819981755,0.0061132020819981755
NVDA,2009-11-25,2.99714,0.0113954846366346,0.0113954846366346
NVDA,2009-11-27,2.93322,-0.02155770491752564,0.02155770491752564
NVDA,2009-11-30,2.99494,0.020823402271748847,0.020823402271748847
NVDA,2009-12-01,3.05386,0.019482166248607137,0.019482166248607137
NVDA,2009-12-02,3.14663,0.029925674652668256,0.029925674652668256
NVDA,2009-12-03,3.17132,0.00781586612364604,0.00781586612364604
NVDA,2009-12-04,3.26969,0.03054727418931904,0.03054727418931904
NVDA,2009-12-07,3.69058,0.12108844808052208,0.12108844808052208
NVDA,2009-12-08,3.5114,-0.049768808919551474,0.049768808919551474
NVDA,2009-12-09,3.59808,0.02438555150294946,0.02438555150294946
NVDA,2009-12-10,3.53496,-0.01769838598866037,0.01769838598866037
NVDA,2009-12-11,3.48842,-0.013253072225534875,0.013253072225534875
NVDA,2009-12-14,3.59408,0.029839135792997552,0.029839135792997552
NVDA,2009-12-15,3.58988,-0.0011692716770468155,0.0011692716770468155
NVDA,2009-12-16,3.87734,0.07703057575867248,0.07703057575867248
NVDA,2009-12-17,3.85954,-0.00460134612549113,0.00460134612549113
NVDA,2009-12-18,3.85714,-0.0006220291828569423,0.0006220291828569423
NVDA,2009-12-21,3.99518,0.03516265831563232,0.03516265831563232
NVDA,2009-12-22,4.10005,0.02591053423422064,0.02591053423422064
NVDA,2009-12-23,4.15787,0.014003755157941347,0.014003755157941347
NVDA,2009-12-24,4.14871,-0.0022054813684971647,0.0022054813684971647
NVDA,2009-12-28,4.08209,-0.01618833038701993,0.01618833038701993
NVDA,2009-12-29,4.13282,0.012350870521559318,0.012350870521559318
NVDA,2009-12-30,4.28182,0.03541817017052433,0.03541817017052433
NVDA,2009-12-31,4.28412,0.0005370105453162218,0.0005370105453162218
NVDA,2010-01-04,4.23997,-0.010358969650540732,0.010358969650540732
NVDA,2010-01-05,4.3026,0.014663297387310183,0.014663297387310183
NVDA,2010-01-06,4.33055,0.006475063598713781,0.006475063598713781
NVDA,2010-01-07,4.24457,-0.020054035742531954,0.020054035742531954
NVDA,2010-01-08,4.25387,0.002188637847029436,0.002188637847029436
NVDA,2010-01-11,4.19503,-0.0139286655733805,0.0139286655733805
NVDA,2010-01-12,4.0526,-0.03454184081518623,0.03454184081518623
NVDA,2010-01-13,4.10704,0.013343923947100312,0.013343923947100312
NVDA,2010-01-14,4.04292,-0.01573537121999755,0.01573537121999755
NVDA,2010-01-15,3.92348,-0.02998818809328229,0.02998818809328229
NVDA,2010-01-19,3.99768,0.01873517777191277,0.01873517777191277
NVDA,2010-01-20,3.9782,-0.0048847371660016336,0.0048847371660016336
NVDA,2010-01-21,3.91011,-0.017263949094946756,0.017263949094946756
NVDA,2010-01-22,3.77536,-0.03506976420135787,0.03506976420135787
NVDA,2010-01-25,3.83888,0.01668491499745537,0.01668491499745537
NVDA,2010-01-26,3.71783,-0.03204049264333523,0.03204049264333523
NVDA,2010-01-27,3.81789,0.026557749246118027,0.026557749246118027
NVDA,2010-01-28,3.69058,-0.03391428672023441,0.03391428672023441
NVDA,2010-01-29,3.53016,-0.044440431575462444,0.044440431575462444
NVDA,2010-02-01,3.80034,0.07374734071695914,0.07374734071695914
NVDA,2010-02-02,3.83888,0.010090120975954846,0.010090120975954846
NVDA,2010-02-03,3.87014,0.008110024707985435,0.008110024707985435
NVDA,2010-02-04,3.64653,-0.05951465162260049,0.05951465162260049
NVDA,2010-02-05,3.72012,0.019979895353931985,0.019979895353931985
NVDA,2010-02-08,3.71314,-0.0018780459856297448,0.0018780459856297448
NVDA,2010-02-09,3.68358,-0.007992774464495587,0.007992774464495587
NVDA,2010-02-10,3.75458,0.019091322715645002,0.019091322715645002
NVDA,2010-02-11,3.92577,0.04458608224305505,0.04458608224305505
NVDA,2010-02-12,3.9782,0.013266945350957567,0.013266945350957567
NVDA,2010-02-16,4.0526,0.018529194760268496,0.018529194760268496
NVDA,2010-02-17,4.09155,0.00956522091858348,0.00956522091858348
NVDA,2010-02-18,3.82258,-0.0679982840540212,0.0679982840540212
NVDA,2010-02-19,3.80274,-0.005203727783288789,0.005203727783288789
NVDA,2010-02-22,3.80932,0.0017288359889173956,0.0017288359889173956
NVDA,2010-02-23,3.71783,-0.024310530772643668,0.024310530772643668
NVDA,2010-02-24,3.79634,0.020897279956351857,0.020897279956351857
NVDA,2010-02-25,3.76107,-0.009333953316736294,0.009333953316736294
NVDA,2010-02-26,3.71564,-0.012152553491506303,0.012152553491506303
NVDA,2010-03-01,3.86384,0.03911056973069923,0.03911056973069923
NVDA,2010-03-02,3.86214,-0.00044007362883050977,0.00044007362883050977
NVDA,2010-03-03,3.81291,-0.012828756861597372,0.012828756861597372
NVDA,2010-03-04,3.82039,0.0019598345130396773,0.0019598345130396773
NVDA,2010-03-05,3.93746,0.030183333721933298,0.030183333721933298
NVDA,2010-03-08,3.87984,-0.014741929698485578,0.014741929698485578
NVDA,2010-03-09,4.02495,0.036718572761613055,0.036718572761613055
NVDA,2010-03-10,4.03394,0.002231077413671622,0.002231077413671622
NVDA,2010-03-11,3.94225,-0.02299193954323243,0.02299193954323243
NVDA,2010-03-12,3.95602,0.003486843055856034,0.003486843055856034
NVDA,2010-03-15,3.93506,-0.005312339829928822,0.005312339829928822
NVDA,2010-03-16,4.07109,0.03398464733725893,0.03398464733725893
NVDA,2010-03-17,4.1509,0.019414401333390768,0.019414401333390768
NVDA,2010-03-18,4.00438,-0.03593641615546034,0.03593641615546034
NVDA,2010-03-19,3.95602,-0.012150292685260522,0.012150292685260522
NVDA,2010-03-22,4.02035,0.016130494158222354,0.016130494158222354
NVDA,2010-03-23,4.10255,0.020239768080634688,0.020239768080634688
NVDA,2010-03-24,3.96522,-0.03404739255261582,0.03404739255261582
NVDA,2010-03-25,3.9762,0.002765250294442787,0.002765250294442787
NVDA,2010-03-26,3.9762,0.0,0.0
NVDA,2010-03-29,4.02715,0.012732340407645247,0.012732340407645247
NVDA,2010-03-30,4.04292,0.003908273428450156,0.003908273428450156
NVDA,2010-03-31,3.99039,-0.013078232690188868,0.013078232690188868
NVDA,2010-04-01,3.94923,-0.010368347284465649,0.010368347284465649
NVDA,2010-04-05,4.00867,0.014938892279062956,0.014938892279062956
NVDA,2010-04-06,3.91011,-0.024894008886726424,0.024894008886726424
NVDA,2010-04-07,3.93506,0.006360622935609776,0.006360622935609776
NVDA,2010-04-08,3.87014,-0.01663544743152682,0.01663544743152682
NVDA,2010-04-09,3.89612,0.006690504029348818,0.006690504029348818
NVDA,2010-04-12,3.96771,0.018207915947083413,0.018207915947083413
NVDA,2010-04-13,4.05011,0.020554939169043666,0.020554939169043666
NVDA,2010-04-14,4.10005,0.012255127514418108,0.012255127514418108
NVDA,2010-04-15,4.13022,0.007331505561490518,0.007331505561490518
NVDA,2010-04-16,3.91231,-0.05420268193257864,0.05420268193257864
NVDA,2010-04-19,3.89352,-0.004814359598649298,0.004814359598649298
NVDA,2010-04-20,3.90751,0.0035867097031658177,0.0035867097031658177
NVDA,2010-04-21,3.80673,-0.026129789591820152,0.026129789591820152
NVDA,2010-04-22,3.82258,0.0041550344141923976,0.0041550344141923976
NVDA,2010-04-23,3.77056,-0.013702055770815125,0.013702055770815125
NVDA,2010-04-26,3.80673,0.0095470213566229,0.0095470213566229
NVDA,2010-04-27,3.69956,-0.028556659239617213,0.028556659239617213
NVDA,2010-04-28,3.70615,0.001779708289795171,0.001779708289795171
NVDA,2010-04-29,3.81789,0.029704312043117263,0.029704312043117263
NVDA,2010-04-30,3.60228,-0.058130935668276144,0.058130935668276144
NVDA,2010-05-03,3.56363,-0.010787290042314669,0.010787290042314669
NVDA,2010-05-04,3.38314,-0.05197541595233762,0.05197541595233762
NVDA,2010-05-05,3.32593,-0.01705493808243326,0.01705493808243326
NVDA,2010-05-06,3.25641,-0.02112397265861107,0.02112397265861107
NVDA,2010-05-07,3.20179,-0.016915333174980302,0.016915333174980302
NVDA,2010-05-10,3.3396,0.042141010923904376,0.042141010923904376
NVDA,2010-05-11,3.30246,-0.01118339403305245,0.01118339403305245
NVDA,2010-05-12,3.36757,0.01952377071560799,0.01952377071560799
NVDA,2010-05-13,3.36037,-0.002140329060189303,0.002140329060189303
NVDA,2010-05-14,2.97237,-0.12269147256408987,0.12269147256408987
NVDA,2010-05-17,2.97895,0.0022112750385480484,0.0022112750385480484
NVDA,2010-05-18,2.88047,-0.033617414156998586,0.033617414156998586
NVDA,2010-05-19,2.92622,0.015758012463849502,0.015758012463849502
NVDA,2010-05-20,2.85831,-0.02348094665611543,0.02348094665611543
NVDA,2010-05-21,2.92002,0.021359924486534402,0.021359924486534402
NVDA,2010-05-24,2.83525,-0.029460348858499758,0.029460348858499758
NVDA,2010-05-25,2.91103,0.026376853733939856,0.026376853733939856
NVDA,2010-05-26,2.92442,0.0045891999761066985,0.0045891999761066985
NVDA,2010-05-27,3.0962,0.05707938270087888,0.05707938270087888
NVDA,2010-05-28,3.01292,-0.027265844938255485,0.027265844938255485
NVDA,2010-06-01,2.88507,-0.043360545088719595,0.043360545088719595
NVDA,2010-06-02,2.91802,0.011356140989447958,0.011356140989447958
NVDA,2010-06-03,2.91323,-0.0016428728239616167,0.0016428728239616167
NVDA,2010-06-04,2.77481,-0.04868015487688249,0.04868015487688249
NVDA,2010-06-07,2.63779,-0.05064083102138172,0.05064083102138172
NVDA,2010-06-08,2.56397,-0.028384606842521226,0.028384606842521226
NVDA,2010-06-09,2.50265,-0.024206668051108805,0.024206668051108805
NVDA,2010-06-10,2.60294,0.03929140494937403,0.03929140494937403
NVDA,2010-06-11,2.66227,0.022537566907401538,0.022537566907401538
NVDA,2010-06-14,2.60444,-0.02196146144112597,0.02196146144112597
NVDA,2010-06-15,2.73287,0.048134658151665136,0.048134658151665136
NVDA,2010-06-16,2.69921,-0.012393201434033246,0.012393201434033246
NVDA,2010-06-17,2.80278,0.037652644163234286,0.037652644163234286
NVDA,2010-06-18,2.82106,0.0065009190798424365,0.0065009190798424365
NVDA,2010-06-21,2.75414,-0.02400746668392824,0.02400746668392824
NVDA,2010-06-22,2.65128,-0.03806269191328288,0.03806269191328288
NVDA,2010-06-23,2.68071,0.011039142559377517,0.011039142559377517
NVDA,2010-06-24,2.54791,-0.05080826954431907,0.05080826954431907
NVDA,2010-06-25,2.54061,-0.002869205587481849,0.002869205587481849
NVDA,2010-06-28,2.54561,0.001966097263052299,0.001966097263052299
NVDA,2010-06-29,2.40348,-0.057452619821616535,0.057452619821616535
NVDA,2010-06-30,2.34185,-0.025976471817002272,0.025976471817002272
NVDA,2010-07-01,2.38111,0.01662555021159749,0.01662555021159749
NVDA,2010-07-02,2.35085,-0.012789800628317846,0.012789800628317846
NVDA,2010-07-06,2.32558,-0.010807494590932932,0.010807494590932932
NVDA,2010-07-07,2.43845,0.04739312125495525,0.04739312125495525
NVDA,2010-07-08,2.36424,-0.03090597431590776,0.03090597431590776
NVDA,2010-07-09,2.37391,0.004081767536209453,0.004081767536209453
NVDA,2010-07-12,2.41647,0.01776941280704741,0.01776941280704741
NVDA,2010-07-13,2.50465,0.035841206639466036,0.035841206639466036
NVDA,2010-07-14,2.52992,0.010038677470009678,0.010038677470009678
NVDA,2010-07-15,2.45901,-0.02842885176656451,0.02842885176656451
NVDA,2010-07-16,2.3044,-0.0649384910434736,0.0649384910434736
NVDA,2010-07-19,2.39909,0.04026915990928602,0.04026915990928602
NVDA,2010-07-20,2.45901,0.02466933113418755,0.02466933113418755
NVDA,2010-07-21,2.37861,-0.033242546463690154,0.033242546463690154
NVDA,2010-07-22,2.41647,0.015791514120778626,0.015791514120778626
NVDA,2010-07-23,2.37621,-0.01680101614349212,0.01680101614349212
NVDA,2010-07-26,2.41907,0.01787638735355707,0.01787638735355707
NVDA,2010-07-27,2.39909,-0.008293670001340915,0.008293670001340915
NVDA,2010-07-28,2.3234,-0.03205786868813966,0.03205786868813966
NVDA,2010-07-29,2.09377,-0.10406536131281419,0.10406536131281419
NVDA,2010-07-30,2.10734,0.006460219891726025,0.006460219891726025
NVDA,2010-08-02,2.10514,-0.001044515439844959,0.001044515439844959
NVDA,2010-08-03,2.05013,-0.026478767462464015,0.026478767462464015
NVDA,2010-08-04,2.13731,0.04164482321519767,0.04164482321519767
NVDA,2010-08-05,2.16479,0.012775330070304007,0.012775330070304007
NVDA,2010-08-06,2.19006,0.011605581654043606,0.011605581654043606
NVDA,2010-08-09,2.21072,0.009389313612836962,0.009389313612836962
NVDA,2010-08-10,2.11894,-0.04240229068398359,0.04240229068398359
NVDA,2010-08-11,2.03653,-0.039668584488015135,0.039668584488015135
NVDA,2010-08-12,2.05472,0.008892206469323101,0.008892206469323101
NVDA,2010-08-13,2.15329,0.04685731946135787,0.04685731946135787
NVDA,2010-08-16,2.09837,-0.02583605222351354,0.02583605222351354
NVDA,2010-08-17,2.12583,0.013001461490555461,0.013001461490555461
NVDA,2010-08-18,2.13731,0.0053857146370915095,0.0053857146370915095
NVDA,2010-08-19,2.26586,0.05840634883081927,0.05840634883081927
NVDA,2010-08-20,2.28672,0.009164098592996097,0.009164098592996097
NVDA,2010-08-23,2.25216,-0.01522872070182456,0.01522872070182456
NVDA,2010-08-24,2.22911,-0.01028735304086889,0.01028735304086889
NVDA,2010-08-25,2.27503,0.020390836458995816,0.020390836458995816
NVDA,2010-08-26,2.24746,-0.012192549476731972,0.012192549476731972
NVDA,2010-08-27,2.321,0.03219743763987675,0.03219743763987675
NVDA,2010-08-30,2.21072,-0.048679872966077765,0.048679872966077765
NVDA,2010-08-31,2.13731,-0.033770225337184365,0.033770225337184365
NVDA,2010-09-01,2.15569,0.008562828933047523,0.008562828933047523
NVDA,2010-09-02,2.19476,0.017961843219315637,0.017961843219315637
NVDA,2010-09-03,2.27033,0.033852494235408204,0.033852494235408204
NVDA,2010-09-07,2.29122,0.009159231419561601,0.009159231419561601
NVDA,2010-09-08,2.36643,0.03229806358245579,0.03229806358245579
NVDA,2010-09-09,2.33497,-0.01338344730624044,0.01338344730624044
NVDA,2010-09-10,2.3091,-0.011141204846341787,0.011141204846341787
NVDA,2010-09-13,2.44075,0.05544753089739952,0.05544753089739952
NVDA,2010-09-14,2.41647,-0.009997571546990635,0.009997571546990635
NVDA,2010-09-15,2.42147,0.0020669961926757033,0.0020669961926757033
NVDA,2010-09-16,2.42147,0.0,0.0
NVDA,2010-09-17,2.41907,-0.0009916249826108776,0.0009916249826108776
NVDA,2010-09-20,2.45671,0.015439887668191479,0.015439887668191479
NVDA,2010-09-21,2.58915,0.05250658006376135,0.05250658006376135
NVDA,2010-09-22,2.61142,0.00856449817092183,0.00856449817092183
NVDA,2010-09-23,2.66476,0.02021986258772609,0.02021986258772609
NVDA,2010-09-24,2.81206,0.053803313570066555,0.053803313570066555
NVDA,2010-09-27,2.74965,-0.022443679996039082,0.022443679996039082
NVDA,2010-09-28,2.74485,-0.001747202191677521,0.001747202191677521
NVDA,2010-09-29,2.72368,-0.007742521575545555,0.007742521575545555
NVDA,2010-09-30,2.67821,-0.01683524616067127,0.01683524616067127
NVDA,2010-10-01,2.60294,-0.028507085503232815,0.028507085503232815
NVDA,2010-10-04,2.57815,-0.009569487956628746,0.009569487956628746
NVDA,2010-10-05,2.59645,0.007073039961533295,0.007073039961533295
NVDA,2010-10-06,2.47219,-0.049040729941898634,0.049040729941898634
NVDA,2010-10-07,2.45441,-0.007217990985210087,0.007217990985210087
NVDA,2010-10-08,2.49096,0.014781771844991154,0.014781771844991154
NVDA,2010-10-11,2.47899,-0.004816959182719674,0.004816959182719674
NVDA,2010-10-12,2.52733,0.019312190351661658,0.019312190351661658
NVDA,2010-10-13,2.60094,0.028709508637744983,0.028709508637744983
NVDA,2010-10-14,2.5592,-0.01617820849652198,0.01617820849652198
NVDA,2010-10-15,2.58915,0.011634926865499644,0.011634926865499644
NVDA,2010-10-18,2.60444,0.005888044367823844,0.005888044367823844
NVDA,2010-10-19,2.58915,-0.005888044367823801,0.005888044367823801
NVDA,2010-10-20,2.58915,0.0,0.0
NVDA,2010-10-21,2.54311,-0.017941895017347893,0.017941895017347893
NVDA,2010-10-22,2.70621,0.06216139055764384,0.06216139055764384
NVDA,2010-10-25,2.73087,0.009071107688476944,0.009071107688476944
NVDA,2010-10-26,2.72218,-0.00318720985734805,0.00318720985734805
NVDA,2010-10-27,2.76083,0.014098329268053518,0.014098329268053518
NVDA,2010-10-28,2.76343,0.0009413026150028401,0.0009413026150028401
NVDA,2010-10-29,2.75663,-0.0024637425823929803,0.0024637425823929803
NVDA,2010-11-01,2.76083,0.00152243996739003,0.00152243996739003
NVDA,2010-11-02,2.81676,0.0200559290885098,0.0200559290885098
NVDA,2010-11-03,2.83965,0.008093516895232513,0.008093516895232513
NVDA,2010-11-04,2.84464,0.0017557166442328735,0.0017557166442328735
NVDA,2010-11-05,2.88977,0.01574039239609346,0.01574039239609346
NVDA,2010-11-08,2.90406,0.004932843723917583,0.004932843723917583
NVDA,2010-11-09,2.88747,-0.005729071722585701,0.005729071722585701
NVDA,2010-11-10,2.92202,0.011894471748501188,0.011894471748501188
NVDA,2010-11-11,2.89177,-0.010406386535396148,0.010406386535396148
NVDA,2010-11-12,3.04029,0.050084134208528905,0.050084134208528905
NVDA,2010-11-15,3.00393,-0.012031474238446032,0.012031474238446032
NVDA,2010-11-16,2.91572,-0.029804643778602393,0.029804643778602393
NVDA,2010-11-17,2.96318,0.016146228398766664,0.016146228398766664
NVDA,2010-11-18,3.05386,0.0301433482394649,0.0301433482394649
NVDA,2010-11-19,3.15362,0.03214463512823817,0.03214463512823817
NVDA,2010-11-22,3.15582,0.000697367781977061,0.000697367781977061
NVDA,2010-11-23,3.08204,-0.023656651737545276,0.023656651737545276
NVDA,2010-11-24,3.15802,0.02435353353658844,0.02435353353658844
NVDA,2010-11-26,3.11888,-0.012471285919927673,0.012471285919927673
NVDA,2010-11-29,3.15362,0.011077036338907624,0.011077036338907624
NVDA,2010-11-30,3.12138,-0.010275787630119822,0.010275787630119822
NVDA,2010-12-01,3.25881,0.04308688633936982,0.04308688633936982
NVDA,2010-12-02,3.29747,0.011793409702727421,0.011793409702727421
NVDA,2010-12-03,3.39183,0.028214090982600522,0.028214090982600522
NVDA,2010-12-06,3.32823,-0.018928967601323867,0.018928967601323867
NVDA,2010-12-07,3.43509,0.03160249505657889,0.03160249505657889
NVDA,2010-12-08,3.46505,0.008683936347746644,0.008683936347746644
NVDA,2010-12-09,3.40713,-0.016856767865173743,0.016856767865173743
NVDA,2010-12-10,3.4283,0.006194216805108387,0.006194216805108387
NVDA,2010-12-13,3.34159,-0.025617769874174464,0.025617769874174464
NVDA,2010-12-14,3.34658,0.0014921872278676473,0.0014921872278676473
NVDA,2010-12-15,3.27199,-0.02254056634470132,0.02254056634470132
NVDA,2010-12-16,3.27669,0.0014354040224849685,0.0014354040224849685
NVDA,2010-12-17,3.29527,0.005654340410658106,0.005654340410658106
NVDA,2010-12-20,3.28128,-0.004254516761110643,0.004254516761110643
NVDA,2010-12-21,3.40953,0.03834086171084266,0.03834086171084266
NVDA,2010-12-22,3.44648,0.010778968454206294,0.010778968454206294
NVDA,2010-12-23,3.42111,-0.0073883605188290605,0.0073883605188290605
NVDA,2010-12-27,3.43949,0.005358144761010016,0.005358144761010016
NVDA,2010-12-28,3.42581,-0.003985264476674029,0.003985264476674029
NVDA,2010-12-29,3.42581,0.0,0.0
NVDA,2010-12-30,3.43729,0.0033454301137732603,0.0033454301137732603
NVDA,2010-12-31,3.53266,0.02736775803468816,0.02736775803468816
NVDA,2011-01-03,3.62853,0.02677647932900349,0.02677647932900349
NVDA,2011-01-04,3.61655,-0.0033070748476245497,0.0033070748476245497
NVDA,2011-01-05,3.89352,0.0737931000545759,0.0737931000545759
NVDA,2011-01-06,4.43333,0.12983736189150027,0.12983736189150027
NVDA,2011-01-07,4.55788,0.02770660846075453,0.02770660846075453
NVDA,2011-01-10,4.73076,0.03722826298914866,0.03722826298914866
NVDA,2011-01-11,4.65785,-0.015531897847974041,0.015531897847974041
NVDA,2011-01-12,5.35509,0.13949354219962418,0.13949354219962418
NVDA,2011-01-13,5.36456,0.0017668491907079256,0.0017668491907079256
NVDA,2011-01-14,5.41041,0.00851051589718547,0.00851051589718547
NVDA,2011-01-18,5.28376,-0.023686910076770144,0.023686910076770144
NVDA,2011-01-19,5.14045,-0.027497341219245068,0.027497341219245068
NVDA,2011-01-20,5.14445,0.0007778393959451082,0.0007778393959451082
NVDA,2011-01-21,5.09599,-0.009464507724446923,0.009464507724446923
NVDA,2011-01-24,5.67107,0.10692385651319261,0.10692385651319261
NVDA,2011-01-25,5.49671,-0.03122808101961833,0.03122808101961833
NVDA,2011-01-26,5.62745,0.02350667738113197,0.02350667738113197
NVDA,2011-01-27,5.61146,-0.002845473589320967,0.002845473589320967
NVDA,2011-01-28,5.44846,-0.029477935292205645,0.029477935292205645
NVDA,2011-01-31,5.48572,0.0068153522667663705,0.0068153522667663705
NVDA,2011-02-01,5.61146,0.022662583025439425,0.022662583025439425
NVDA,2011-02-02,5.86643,0.044435336423257824,0.044435336423257824
NVDA,2011-02-03,5.75457,-0.01925194990768236,0.01925194990768236
NVDA,2011-02-04,5.88699,0.02275050964111464,0.02275050964111464
NVDA,2011-02-07,5.64193,-0.04251862583167446,0.04251862583167446
NVDA,2011-02-08,5.47442,-0.03013987153706384,0.03013987153706384
NVDA,2011-02-09,5.34179,-0.02452553122224725,0.02452553122224725
NVDA,2011-02-10,5.23302,-0.02057225351338452,0.02057225351338452
NVDA,2011-02-11,5.38245,0.028155111567304724,0.028155111567304724
NVDA,2011-02-14,5.30023,-0.015393445006653819,0.015393445006653819
NVDA,2011-02-15,5.17211,-0.024469486791323644,0.024469486791323644
NVDA,2011-02-16,5.36208,0.03607123045693215,0.03607123045693215
NVDA,2011-02-17,5.88949,0.09381744696974324,0.09381744696974324
NVDA,2011-02-18,5.87782,-0.0019834616111808067,0.0019834616111808067
NVDA,2011-02-22,5.32362,-0.09903242178760366,0.09903242178760366
NVDA,2011-02-23,5.07103,-0.048609570291186205,0.048609570291186205
NVDA,2011-02-24,5.19408,0.023975562721027625,0.023975562721027625
NVDA,2011-02-25,5.30243,0.020645690540119232,0.020645690540119232
NVDA,2011-02-28,5.19637,-0.020204901154273782,0.020204901154273782
NVDA,2011-03-01,4.96537,-0.04547248852305989,0.04547248852305989
NVDA,2011-03-02,4.75823,-0.04261206602114965,0.04261206602114965
NVDA,2011-03-03,4.7867,0.005965488365075369,0.005965488365075369
NVDA,2011-03-04,4.75823,-0.005965488365075255,0.005965488365075255
NVDA,2011-03-07,4.6938,-0.01363326141399392,0.01363326141399392
NVDA,2011-03-08,4.48348,-0.04584295833765084,0.04584295833765084
NVDA,2011-03-09,4.38998,-0.021074859331255733,0.021074859331255733
NVDA,2011-03-10,4.10924,-0.06608657470060951,0.06608657470060951
NVDA,2011-03-11,4.13941,0.007315169036680563,0.007315169036680563
NVDA,2011-03-14,4.17406,0.0083359176481037,0.0083359176481037
NVDA,2011-03-15,4.05011,-0.030145142008785625,0.030145142008785625
NVDA,2011-03-16,4.02035,-0.00737507772579789,0.00737507772579789
NVDA,2011-03-17,4.09585,0.01860530245525059,0.01860530245525059
NVDA,2011-03-18,4.04062,-0.01357612042789652,0.01357612042789652
NVDA,2011-03-21,4.07309,0.008003779611748333,0.008003779611748333
NVDA,2011-03-22,4.00198,-0.01761268650893516,0.01761268650893516
NVDA,2011-03-23,4.08458,0.020429669200840214,0.020429669200840214
NVDA,2011-03-24,4.40956,0.07655600338979832,0.07655600338979832
NVDA,2011-03-25,4.27244,-0.03158981862961801,0.03158981862961801
NVDA,2011-03-28,4.43083,0.03640183281520779,0.03640183281520779
NVDA,2011-03-29,4.39686,-0.007696275623094675,0.007696275623094675
NVDA,2011-03-30,4.23048,-0.03857518800326769,0.03857518800326769
NVDA,2011-03-31,4.23278,0.0005435257942263793,0.0005435257942263793
NVDA,2011-04-01,4.17406,-0.013969804339676014,0.013969804339676014
NVDA,2011-04-04,4.02495,-0.03637669481910104,0.03637669481910104
NVDA,2011-04-05,4.03165,0.0016632330125717508,0.0016632330125717508
NVDA,2011-04-06,4.00438,-0.006786959401015896,0.006786959401015896
NVDA,2011-04-07,4.1509,0.03593641615546027,0.03593641615546027
NVDA,2011-04-08,4.02495,-0.030812689767015997,0.030812689767015997
NVDA,2011-04-11,3.97221,-0.013189873557133313,0.013189873557133313
NVDA,2011-04-12,3.9832,0.0027629014698492475,0.0027629014698492475
NVDA,2011-04-13,4.07309,0.022316408810904,0.022316408810904
NVDA,2011-04-14,4.24457,0.04123859383388918,0.04123859383388918
NVDA,2011-04-15,4.29081,0.010835007315518605,0.010835007315518605
NVDA,2011-04-18,4.14871,-0.03367808375884985,0.03367808375884985
NVDA,2011-04-19,4.13282,-0.0038374598654606776,0.0038374598654606776
NVDA,2011-04-20,4.25866,0.029994574126348223,0.029994574126348223
NVDA,2011-04-21,4.24677,-0.0027958628182687298,0.0027958628182687298
NVDA,2011-04-25,4.31439,0.01579725322888202,0.01579725322888202
NVDA,2011-04-26,4.42614,0.02557192517957071,0.02557192517957071
NVDA,2011-04-27,4.42614,0.0,0.0
NVDA,2011-04-28,4.47408,0.010772871600450028,0.010772871600450028
NVDA,2011-04-29,4.58675,0.02487096827787257,0.02487096827787257
NVDA,2011-05-02,4.52531,-0.013485629184095307,0.013485629184095307
NVDA,2011-05-03,4.30939,-0.048889720315948945,0.048889720315948945
NVDA,2011-05-04,4.27713,-0.007514138857020956,0.007514138857020956
NVDA,2011-05-05,4.27942,0.0005352624725327266,0.0005352624725327266
NVDA,2011-05-06,4.43083,0.03476943903187352,0.03476943903187352
NVDA,2011-05-09,4.52991,0.022115146323878385,0.022115146323878385
NVDA,2011-05-10,4.53711,0.001588173735886151,0.001588173735886151
NVDA,2011-05-11,4.55788,0.004567357656573287,0.004567357656573287
NVDA,2011-05-12,4.7008,0.030875103857050206,0.030875103857050206
NVDA,2011-05-13,4.18803,-0.11550225069100487,0.11550225069100487
NVDA,2011-05-16,4.0593,-0.03121991135084503,0.03121991135084503
NVDA,2011-05-17,4.04292,-0.004043341779376813,0.004043341779376813
NVDA,2011-05-18,4.13701,0.023006101510697635,0.023006101510697635
NVDA,2011-05-19,4.07789,-0.014393606905299802,0.014393606905299802
NVDA,2011-05-20,4.14871,0.017217744765705395,0.017217744765705395
NVDA,2011-05-23,4.14421,-0.001085263198408753,0.001085263198408753
NVDA,2011-05-24,4.16007,0.003819721705788787,0.003819721705788787
NVDA,2011-05-25,4.2103,0.01200200300818033,0.01200200300818033
NVDA,2011-05-26,4.31639,0.024885500696463805,0.024885500696463805
NVDA,2011-05-27,4.47199,0.03541409495501891,0.03541409495501891
NVDA,2011-05-31,4.59592,0.027335453680291614,0.027335453680291614
NVDA,2011-06-01,4.38998,-0.04584428212658608,0.04584428212658608
NVDA,2011-06-02,4.36872,-0.004854611244430389,0.004854611244430389
NVDA,2011-06-03,4.23278,-0.03161107243171893,0.03161107243171893
NVDA,2011-06-06,4.14421,-0.021146808243008023,0.021146808243008023
NVDA,2011-06-07,4.14191,-0.0005551452450770372,0.0005551452450770372
NVDA,2011-06-08,4.02915,-0.02760159850571789,0.02760159850571789
NVDA,2011-06-09,3.9832,-0.01146991925225804,0.01146991925225804
NVDA,2011-06-10,3.92577,-0.014523006007970133,0.014523006007970133
NVDA,2011-06-13,3.89832,-0.007016819240752766,0.007016819240752766
NVDA,2011-06-14,3.93046,0.008210776280489595,0.008210776280489595
NVDA,2011-06-15,3.84588,-0.021754021945833688,0.021754021945833688
NVDA,2011-06-16,3.71314,-0.03512456558810763,0.03512456558810763
NVDA,2011-06-17,3.62383,-0.024346402255486885,0.024346402255486885
NVDA,2011-06-20,3.58259,-0.011445475062116225,0.011445475062116225
NVDA,2011-06-21,3.66021,0.021434520290397115,0.021434520290397115
NVDA,2011-06-22,3.60958,-0.013929100730399381,0.013929100730399381
NVDA,2011-06-23,3.71783,0.02954874266058297,0.02954874266058297
NVDA,2011-06-24,3.60958,-0.029548742660583018,0.029548742660583018
NVDA,2011-06-27,3.53496,-0.02088943821879567,0.02088943821879567
NVDA,2011-06-28,3.55414,0.005411137323448006,0.005411137323448006
NVDA,2011-06-29,3.60958,0.015478300895347687,0.015478300895347687
NVDA,2011-06-30,3.65551,0.012644196265320344,0.012644196265320344
NVDA,2011-07-01,3.70195,0.012624089495861768,0.012624089495861768
NVDA,2011-07-05,3.64203,-0.016318489343457834,0.016318489343457834
NVDA,2011-07-06,3.59408,-0.013253171069057407,0.013253171069057407
NVDA,2011-07-07,3.60488,0.0030004356469134383,0.0030004356469134383
NVDA,2011-07-08,3.53915,-0.018401897762043963,0.018401897762043963
NVDA,2011-07-11,3.41412,-0.03596681218018293,0.03596681218018293
NVDA,2011-07-12,3.37017,-0.012956584943593068,0.012956584943593068
NVDA,2011-07-13,3.36257,-0.0022576256406810938,0.0022576256406810938
NVDA,2011-07-14,3.22865,-0.04064146934514507,0.04064146934514507
NVDA,2011-07-15,3.23315,0.0013928009927451548,0.0013928009927451548
NVDA,2011-07-18,3.16232,-0.02215095876497797,0.02215095876497797
NVDA,2011-07-19,3.26091,0.030700362092523973,0.030700362092523973
NVDA,2011-07-20,3.21996,-0.012637360411371036,0.012637360411371036
NVDA,2011-07-21,3.37237,0.04624682416600105,0.04624682416600105
NVDA,2011-07-22,3.43949,0.019707443295462625,0.019707443295462625
NVDA,2011-07-25,3.38513,-0.01593089422684265,0.01593089422684265
NVDA,2011-07-26,3.30246,-0.024724665048875445,0.024724665048875445
NVDA,2011-07-27,3.17831,-0.03831803632121685,0.03831803632121685
NVDA,2011-07-28,3.17132,-0.002201703980757556,0.002201703980757556
NVDA,2011-07-29,3.17132,0.0,0.0
NVDA,2011-08-01,3.34159,0.05229883661526369,0.05229883661526369
NVDA,2011-08-02,3.30725,-0.010329713257592906,0.010329713257592906
NVDA,2011-08-03,3.39633,0.026578408512620486,0.026578408512620486
NVDA,2011-08-04,3.07305,-0.10002488311179236,0.10002488311179236
NVDA,2011-08-05,2.97038,-0.03398066300303389,0.03398066300303389
NVDA,2011-08-08,2.73537,-0.0824231806703686,0.0824231806703686
NVDA,2011-08-09,2.96568,0.08083963839412944,0.08083963839412944
NVDA,2011-08-10,2.83076,-0.046561121643440916,0.046561121643440916
NVDA,2011-08-11,3.07505,0.08277593445042104,0.08277593445042104
NVDA,2011-08-12,2.95368,-0.040269310738833976,0.040269310738833976
NVDA,2011-08-15,3.06586,0.037276266756566354,0.037276266756566354
NVDA,2011-08-16,2.97895,-0.028757227872087475,0.028757227872087475
NVDA,2011-08-17,2.93802,-0.01383500435407714,0.01383500435407714
NVDA,2011-08-18,2.73766,-0.07063234415723996,0.07063234415723996
NVDA,2011-08-19,2.69021,-0.01748428344203293,0.01748428344203293
NVDA,2011-08-22,2.73766,0.017484283442032927,0.017484283442032927
NVDA,2011-08-23,3.03359,0.10264319573641444,0.10264319573641444
NVDA,2011-08-24,2.99034,-0.014359643347215128,0.014359643347215128
NVDA,2011-08-25,2.8628,-0.043586926430109696,0.043586926430109696
NVDA,2011-08-26,2.98365,0.041347216354736996,0.041347216354736996
NVDA,2011-08-29,3.06326,0.026332325111699396,0.026332325111699396
NVDA,2011-08-30,3.13737,0.02390516098778949,0.02390516098778949
NVDA,2011-08-31,3.05206,-0.027568096867718432,0.027568096867718432
NVDA,2011-09-01,3.04507,-0.002292883065437209,0.002292883065437209
NVDA,2011-09-02,2.96318,-0.027260873416473593,0.027260873416473593
NVDA,2011-09-06,3.02261,0.019857680571486295,0.019857680571486295
NVDA,2011-09-07,3.26769,0.07796261669881951,0.07796261669881951
NVDA,2011-09-08,3.25211,-0.004779296805454309,0.004779296805454309
NVDA,2011-09-09,3.18261,-0.02160240157765592,0.02160240157765592
NVDA,2011-09-12,3.25881,0.023660483189757605,0.023660483189757605
NVDA,2011-09-13,3.33291,0.022483698196897932,0.022483698196897932
NVDA,2011-09-14,3.5044,0.050173525549318525,0.050173525549318525
NVDA,2011-09-15,3.55164,0.01339014683210533,0.01339014683210533
NVDA,2011-09-16,3.54535,-0.0017725829251437608,0.0017725829251437608
NVDA,2011-09-19,3.47224,-0.020836966883949298,0.020836966883949298
NVDA,2011-09-20,3.38314,-0.025995646503255462,0.025995646503255462
NVDA,2011-09-21,3.31664,-0.01985205006076442,0.01985205006076442
NVDA,2011-09-22,3.0982,-0.06813092457893867,0.06813092457893867
NVDA,2011-09-23,3.16232,0.020484637747631946,0.020484637747631946
NVDA,2011-09-26,3.16882,0.002053343405385272,0.002053343405385272
NVDA,2011-09-27,3.17382,0.0015766308779104263,0.0015766308779104263
NVDA,2011-09-28,3.07704,-0.03096781379063541,0.03096781379063541
NVDA,2011-09-29,3.00193,-0.024712680779152778,0.024712680779152778
NVDA,2011-09-30,2.8691,-0.04525702340917477,0.04525702340917477
NVDA,2011-10-03,2.7082,-0.05771418417550366,0.05771418417550366
NVDA,2011-10-04,2.95838,0.08835761365025202,0.08835761365025202
NVDA,2011-10-05,3.06326,0.03483788713190317,0.03483788713190317
NVDA,2011-10-06,3.185,0.0389725806753849,0.0389725806753849
NVDA,2011-10-07,3.24511,0.018696958862476857,0.018696958862476857
NVDA,2011-10-10,3.38983,0.04363052475570249,0.04363052475570249
NVDA,2011-10-11,3.35338,-0.010810980234662013,0.010810980234662013
NVDA,2011-10-12,3.35088,-0.0007457944995799411,0.0007457944995799411
NVDA,2011-10-13,3.54535,0.05641388780896926,0.05641388780896926
NVDA,2011-10-14,3.60488,0.01665159736460307,0.01665159736460307
NVDA,2011-10-17,3.42581,-0.050950542977936365,0.050950542977936365
NVDA,2011-10-18,3.54934,0.03542373060623912,0.03542373060623912
NVDA,2011-10-19,3.47923,-0.019950665773943974,0.019950665773943974
NVDA,2011-10-20,3.30495,-0.05138966033982476,0.05138966033982476
NVDA,2011-10-21,3.32124,0.004916862576617607,0.004916862576617607
NVDA,2011-10-24,3.44408,0.036318607926628346,0.036318607926628346
NVDA,2011-10-25,3.31424,-0.03842847868103957,0.03842847868103957
NVDA,2011-10-26,3.35338,0.011740455989267066,0.011740455989267066
NVDA,2011-10-27,3.49741,0.0420539021525743,0.0420539021525743
NVDA,2011-10-28,3.57761,0.022672285144409884,0.022672285144409884
NVDA,2011-10-31,3.39413,-0.052647510738681944,0.052647510738681944
NVDA,2011-11-01,3.22445,-0.05128507589791818,0.05128507589791818
NVDA,2011-11-02,3.16682,-0.0180344632492723,0.0180344632492723
NVDA,2011-11-03,3.36037,0.059323157141318944,0.059323157141318944
NVDA,2011-11-04,3.39813,0.011174193356559737,0.011174193356559737
NVDA,2011-11-07,3.38084,-0.005101080987804127,0.005101080987804127
NVDA,2011-11-08,3.45806,0.022583538851723022,0.022583538851723022
NVDA,2011-11-09,3.28348,-0.051803902611581104,0.051803902611581104
NVDA,2011-11-10,3.31894,0.010741619271203836,0.010741619271203836
NVDA,2011-11-11,3.43509,0.0343976713642623,0.0343976713642623
NVDA,2011-11-14,3.37017,-0.01907993800862183,0.01907993800862183
NVDA,2011-11-15,3.41153,0.012197682824584407,0.012197682824584407
NVDA,2011-11-16,3.34419,-0.019936359230219174,0.019936359230219174
NVDA,2011-11-17,3.22445,-0.036462118722153644,0.036462118722153644
NVDA,2011-11-18,3.19459,-0.009303638981559729,0.009303638981559729
NVDA,2011-11-21,3.35588,0.049255277025803006,0.049255277025803006
NVDA,2011-11-22,3.45806,0.029993707068282017,0.029993707068282017
NVDA,2011-11-23,3.31165,-0.04326118357017904,0.04326118357017904
NVDA,2011-11-25,3.21996,-0.028077617491463952,0.028077617491463952
NVDA,2011-11-28,3.40033,0.054503548616832,0.054503548616832
NVDA,2011-11-29,3.41911,0.0055077975539210575,0.0055077975539210575
NVDA,2011-11-30,3.58488,0.047344717398346156,0.047344717398346156
NVDA,2011-12-01,3.62853,0.012102606893155215,0.012102606893155215
NVDA,2011-12-02,3.60488,-0.006539124499528576,0.006539124499528576
NVDA,2011-12-05,3.54934,-0.015526812371697238,0.015526812371697238
NVDA,2011-12-06,3.49971,-0.014081562790270957,0.014081562790270957
NVDA,2011-12-07,3.47923,-0.005869102983673032,0.005869102983673032
NVDA,2011-12-08,3.37017,-0.03184781674017874,0.03184781674017874
NVDA,2011-12-09,3.41652,0.013659300969840048,0.013659300969840048
NVDA,2011-12-12,3.33291,-0.02477669290490331,0.02477669290490331
NVDA,2011-12-13,3.24013,-0.02823234380464926,0.02823234380464926
NVDA,2011-12-14,3.11438,-0.03958335694530149,0.03958335694530149
NVDA,2011-12-15,3.08684,-0.008882181589926074,0.008882181589926074
NVDA,2011-12-16,3.0982,0.003673383769249184,0.003673383769249184
NVDA,2011-12-19,3.01541,-0.02708549002333258,0.02708549002333258
NVDA,2011-12-20,3.1876,0.05553247487466326,0.05553247487466326
NVDA,2011-12-21,3.14663,-0.012936243662420747,0.012936243662420747
NVDA,2011-12-22,3.27928,0.04129184722556676,0.04129184722556676
NVDA,2011-12-23,3.24961,-0.009088896963532031,0.009088896963532031
NVDA,2011-12-27,3.22445,-0.007772596073042094,0.007772596073042094
NVDA,2011-12-28,3.14415,-0.025218809715486096,0.025218809715486096
NVDA,2011-12-29,3.20429,0.018946953617794225,0.018946953617794225
NVDA,2011-12-30,3.17831,-0.008140927986897216,0.008140927986897216
NVDA,2012-01-03,3.21996,0.01301932813547127,0.01301932813547127
NVDA,2012-01-04,3.25641,0.011256424469873884,0.011256424469873884
NVDA,2012-01-05,3.37457,0.03564254721128833,0.03564254721128833
NVDA,2012-01-06,3.33491,-0.01182221630337445,0.01182221630337445
NVDA,2012-01-09,3.33491,0.0,0.0
NVDA,2012-01-10,3.32124,-0.004107485323909905,0.004107485323909905
NVDA,2012-01-11,3.25411,-0.020419394399054665,0.020419394399054665
NVDA,2012-01-12,3.23315,-0.006461918570997991,0.006461918570997991
NVDA,2012-01-13,3.14863,-0.026489456605525322,0.026489456605525322
NVDA,2012-01-17,3.1005,-0.015404048789414596,0.015404048789414596
NVDA,2012-01-18,3.20599,0.03345754622311042,0.03345754622311042
NVDA,2012-01-19,3.29027,0.025948693248374368,0.025948693248374368
NVDA,2012-01-20,3.26091,-0.0089633307489988,0.0089633307489988
NVDA,2012-01-23,3.35088,0.027216700377782607,0.027216700377782607
NVDA,2012-01-24,3.42581,0.022114942195635975,0.022114942195635975
NVDA,2012-01-25,3.40453,-0.006231042334992923,0.006231042334992923
NVDA,2012-01-26,3.37457,-0.008838988968634557,0.008838988968634557
NVDA,2012-01-27,3.41911,0.013112374489590965,0.013112374489590965
NVDA,2012-01-30,3.39413,-0.007332814323717209,0.007332814323717209
NVDA,2012-01-31,3.38733,-0.0020054685212561743,0.0020054685212561743
NVDA,2012-02-01,3.42351,0.010624340117318018,0.010624340117318018
NVDA,2012-02-02,3.54934,0.03609533014793085,0.03609533014793085
NVDA,2012-02-03,3.62853,0.022065936871225728,0.022065936871225728
NVDA,2012-02-06,3.59808,-0.008427237725244268,0.008427237725244268
NVDA,2012-02-07,3.60958,0.0031910522301353225,0.0031910522301353225
NVDA,2012-02-08,3.74079,0.035705396981004535,0.035705396981004535
NVDA,2012-02-09,3.73859,-0.0005882840725963637,0.0005882840725963637
NVDA,2012-02-10,3.64653,-0.024932504519105052,0.024932504519105052
NVDA,2012-02-13,3.70385,0.015596788728298776,0.015596788728298776
NVDA,2012-02-14,3.72482,0.005645709312661338,0.005645709312661338
NVDA,2012-02-15,3.70845,-0.004404528952844272,0.004404528952844272
NVDA,2012-02-16,3.77306,0.01727234375713763,0.01727234375713763
NVDA,2012-02-17,3.63503,-0.03726897927427591,0.03726897927427591
NVDA,2012-02-21,3.65351,0.005070985300462386,0.005070985300462386
NVDA,2012-02-22,3.62853,-0.006860741765634316,0.006860741765634316
NVDA,2012-02-23,3.64853,0.005496739165783165,0.005496739165783165
NVDA,2012-02-24,3.62124,-0.007507838126728251,0.007507838126728251
NVDA,2012-02-27,3.54735,-0.020615662760220275,0.020615662760220275
NVDA,2012-02-28,3.51598,-0.008882554335386105,0.008882554335386105
NVDA,2012-02-29,3.47443,-0.011887854739027497,0.011887854739027497
NVDA,2012-03-01,3.49741,0.006592257774632328,0.006592257774632328
NVDA,2012-03-02,3.52796,0.008697105651571743,0.008697105651571743
NVDA,2012-03-05,3.40713,-0.03484950552477881,0.03484950552477881
NVDA,2012-03-06,3.37617,-0.009128363770856735,0.009128363770856735
NVDA,2012-03-07,3.39633,0.005953505956818317,0.005953505956818317
NVDA,2012-03-08,3.40453,0.0024114608957340688,0.0024114608957340688
NVDA,2012-03-09,3.39813,-0.0018816174520725555,0.0018816174520725555
NVDA,2012-03-12,3.34658,-0.015286351470821677,0.015286351470821677
NVDA,2012-03-13,3.39183,0.013430669903370385,0.013430669903370385
NVDA,2012-03-14,3.29267,-0.02967081294869393,0.02967081294869393
NVDA,2012-03-15,3.34419,0.015525725989692422,0.015525725989692422
NVDA,2012-03-16,3.34858,0.0013118635870032049,0.0013118635870032049
NVDA,2012-03-19,3.35787,0.002770469008824152,0.002770469008824152
NVDA,2012-03-20,3.30246,-0.016639199081353175,0.016639199081353175
NVDA,2012-03-21,3.31664,0.00428457696440813,0.00428457696440813
NVDA,2012-03-22,3.31165,-0.0015056676586898635,0.0015056676586898635
NVDA,2012-03-23,3.3374,0.007745506120291113,0.007745506120291113
NVDA,2012-03-26,3.37617,0.011549870185489131,0.011549870185489131
NVDA,2012-03-27,3.39813,0.006483349400479912,0.006483349400479912
NVDA,2012-03-28,3.47673,0.022866916544661362,0.022866916544661362
NVDA,2012-03-29,3.49302,0.0046744946841958184,0.0046744946841958184
NVDA,2012-03-30,3.53266,0.011284436706669676,0.011284436706669676
NVDA,2012-04-02,3.51598,-0.004732836727547999,0.004732836727547999
NVDA,2012-04-03,3.45806,-0.016610553344060006,0.016610553344060006
NVDA,2012-04-04,3.36037,-0.028656651220478682,0.028656651220478682
NVDA,2012-04-05,3.35588,-0.001337055847803382,0.001337055847803382
NVDA,2012-04-09,3.31165,-0.013267476501897002,0.013267476501897002
NVDA,2012-04-10,3.24711,-0.019681184638176665,0.019681184638176665
NVDA,2012-04-11,3.28797,0.012504983092519874,0.012504983092519874
NVDA,2012-04-12,3.36757,0.02392106295554645,0.02392106295554645
NVDA,2012-04-13,3.24711,-0.03642604604806635,0.03642604604806635
NVDA,2012-04-16,3.20858,-0.0119368983049316,0.0119368983049316
NVDA,2012-04-17,3.21557,0.0021761642422857283,0.0021761642422857283
NVDA,2012-04-18,3.18081,-0.010868754571196642,0.010868754571196642
NVDA,2012-04-19,3.13007,-0.01608051281911617,0.01608051281911617
NVDA,2012-04-20,3.07055,-0.019198669871669776,0.019198669871669776
NVDA,2012-04-23,3.03359,-0.012109961987938813,0.012109961987938813
NVDA,2012-04-24,2.94022,-0.03126232817668689,0.03126232817668689
NVDA,2012-04-25,2.99944,0.01994119609410891,0.01994119609410891
NVDA,2012-04-26,3.00193,0.0008298105742129015,0.0008298105742129015
NVDA,2012-04-27,2.97685,-0.008389720681985593,0.008389720681985593
NVDA,2012-04-30,2.98135,0.0015105235996208427,0.0015105235996208427
NVDA,2012-05-01,3.03359,0.017370518590729873,0.017370518590729873
NVDA,2012-05-02,2.9467,-0.029060836524976003,0.029060836524976003
NVDA,2012-05-03,2.89677,-0.01708957697416431,0.01708957697416431
NVDA,2012-05-04,2.81206,-0.029679012313104516,0.029679012313104516
NVDA,2012-05-07,2.8605,0.01707912387906104,0.01707912387906104
NVDA,2012-05-08,2.85831,-0.0007658936411782786,0.0007658936411782786
NVDA,2012-05-09,2.8691,0.00376785065682225,0.00376785065682225
NVDA,2012-05-10,2.84924,-0.006946099690075675,0.006946099690075675
NVDA,2012-05-11,3.0291,0.0612132536442334,0.0612132536442334
NVDA,2012-05-14,3.01092,-0.006019865795717554,0.006019865795717554
NVDA,2012-05-15,2.98135,-0.009869461831630046,0.009869461831630046
NVDA,2012-05-16,2.92002,-0.02078575249709802,0.02078575249709802
NVDA,2012-05-17,2.90146,-0.006376406991076621,0.006376406991076621
NVDA,2012-05-18,2.77042,-0.04621512532658225,0.04621512532658225
NVDA,2012-05-21,2.81856,0.017227182977870507,0.017227182977870507
NVDA,2012-05-22,2.78441,-0.012190114488077207,0.012190114488077207
NVDA,2012-05-23,2.85392,0.024657486083919263,0.024657486083919263
NVDA,2012-05-24,2.77741,-0.02717464906152853,0.02717464906152853
NVDA,2012-05-25,2.84464,0.0239176830197968,0.0239176830197968
NVDA,2012-05-29,2.91802,0.02546878230057643,0.02546878230057643
NVDA,2012-05-30,2.88277,-0.012153666621888723,0.012153666621888723
NVDA,2012-05-31,2.85143,-0.01093101463492894,0.01093101463492894
NVDA,2012-06-01,2.74715,-0.03725661218388426,0.03725661218388426
NVDA,2012-06-04,2.69021,-0.02094475316481606,0.02094475316481606
NVDA,2012-06-05,2.76562,0.0276455838217357,0.0276455838217357
NVDA,2012-06-06,2.84224,0.027327632378627092,0.027327632378627092
NVDA,2012-06-07,2.72618,-0.041691111772763086,0.041691111772763086
NVDA,2012-06-08,2.77981,0.019481218134373923,0.019481218134373923
NVDA,2012-06-11,2.81206,0.011534730804228769,0.011534730804228769
NVDA,2012-06-12,2.8691,0.020081080894704874,0.020081080894704874
NVDA,2012-06-13,2.79339,-0.026742479725793137,0.026742479725793137
NVDA,2012-06-14,2.75883,-0.012449235207251856,0.012449235207251856
NVDA,2012-06-15,2.81856,0.021419439422968572,0.021419439422968572
NVDA,2012-06-18,2.84464,0.009210405554110512,0.009210405554110512
NVDA,2012-06-19,3.03359,0.0643102148735058,0.0643102148735058
NVDA,2012-06-20,3.08424,0.01655853702522803,0.01655853702522803
NVDA,2012-06-21,2.94471,-0.04629493341641023,0.04629493341641023
NVDA,2012-06-22,2.97895,0.011560549166084766,0.011560549166084766
NVDA,2012-06-25,2.88747,-0.031190203250982925,0.031190203250982925
NVDA,2012-06-26,2.92002,0.01120977938825241,0.01120977938825241
NVDA,2012-06-27,3.01292,0.03131924261417021,0.03131924261417021
NVDA,2012-06-28,3.03559,0.007496096114556464,0.007496096114556464
NVDA,2012-06-29,3.16882,0.04295347454261358,0.04295347454261358
NVDA,2012-07-02,3.08204,-0.027767563444105598,0.027767563444105598
NVDA,2012-07-03,3.16482,0.026504466541912002,0.026504466541912002
NVDA,2012-07-05,3.13237,-0.010306275413070623,0.010306275413070623
NVDA,2012-07-06,3.07305,-0.019119352766698093,0.019119352766698093
NVDA,2012-07-09,3.03129,-0.013682282268300467,0.013682282268300467
NVDA,2012-07-10,2.94022,-0.03050386300993669,0.03050386300993669
NVDA,2012-07-11,2.89177,-0.01661563708628835,0.01661563708628835
NVDA,2012-07-12,2.84464,-0.016432249610530514,0.016432249610530514
NVDA,2012-07-13,2.88047,0.012516953491409594,0.012516953491409594
NVDA,2012-07-16,2.88977,0.003223438904683769,0.003223438904683769
NVDA,2012-07-17,2.83765,-0.018200669335795817,0.018200669335795817
NVDA,2012-07-18,2.99494,0.05394795313133778,0.05394795313133778
NVDA,2012-07-19,3.02461,0.009857959573587911,0.009857959573587911
NVDA,2012-07-20,2.93802,-0.029046272470892223,0.029046272470892223
NVDA,2012-07-23,2.97685,0.013129809388824019,0.013129809388824019
NVDA,2012-07-24,2.94471,-0.010855354200831521,0.010855354200831521
NVDA,2012-07-25,3.00193,0.019245074882817136,0.019245074882817136
NVDA,2012-07-26,3.01541,0.00448039251552772,0.00448039251552772
NVDA,2012-07-27,3.09152,0.024927071680214918,0.024927071680214918
NVDA,2012-07-30,3.05626,-0.011470933127675508,0.011470933127675508
NVDA,2012-07-31,3.1052,0.015886179330055927,0.015886179330055927
NVDA,2012-08-01,3.07055,-0.0112214269018191,0.0112214269018191
NVDA,2012-08-02,3.08204,0.0037350167514681406,0.0037350167514681406
NVDA,2012-08-03,3.14663,0.020740323479998213,0.020740323479998213
NVDA,2012-08-06,3.21297,0.020863704142934793,0.020863704142934793
NVDA,2012-08-07,3.24511,0.009953504864633344,0.009953504864633344
NVDA,2012-08-08,3.2628,0.0054364745576847675,0.0054364745576847675
NVDA,2012-08-09,3.37457,0.03368218635578417,0.03368218635578417
NVDA,2012-08-10,3.35338,-0.006299116392428618,0.006299116392428618
NVDA,2012-08-13,3.39633,0.012726644465329104,0.012726644465329104
NVDA,2012-08-14,3.34658,-0.014756508027160135,0.014756508027160135
NVDA,2012-08-15,3.32124,-0.007600721673024807,0.007600721673024807
NVDA,2012-08-16,3.38983,0.02044156546951786,0.02044156546951786
NVDA,2012-08-17,3.36037,-0.008728685682231284,0.008728685682231284
NVDA,2012-08-20,3.36037,0.0,0.0
NVDA,2012-08-21,3.35088,-0.0028280890520107366,0.0028280890520107366
NVDA,2012-08-22,3.35787,0.002083846477945051,0.002083846477945051
NVDA,2012-08-23,3.28128,-0.023073254212865033,0.023073254212865033
NVDA,2012-08-24,3.34858,0.020302785204040958,0.020302785204040958
NVDA,2012-08-27,3.29027,-0.01756674709790479,0.01756674709790479
NVDA,2012-08-28,3.27669,-0.004135861755683547,0.004135861755683547
NVDA,2012-08-29,3.28348,0.0020700690453755405,0.0020700690453755405
NVDA,2012-08-30,3.22246,-0.018758792537846444,0.018758792537846444
NVDA,2012-08-31,3.21776,-0.001459577726970016,0.001459577726970016
NVDA,2012-09-04,3.04289,-0.05587774358032317,0.05587774358032317
NVDA,2012-09-05,3.05386,0.0035986425025346805,0.0035986425025346805
NVDA,2012-09-06,3.14863,0.03056107337084301,0.03056107337084301
NVDA,2012-09-07,3.07305,-0.02429688383602955,0.02429688383602955
NVDA,2012-09-10,3.04507,-0.00914666435780471,0.00914666435780471
NVDA,2012-09-11,3.08204,0.012067825995661342,0.012067825995661342
NVDA,2012-09-12,3.11688,0.011240786088770428,0.011240786088770428
NVDA,2012-09-13,3.13737,0.006552367848723865,0.006552367848723865
NVDA,2012-09-14,3.17382,0.011551040384521935,0.011551040384521935
NVDA,2012-09-17,3.08684,-0.027787995800177042,0.027787995800177042
NVDA,2012-09-18,3.10749,0.006667412455757813,0.006667412455757813
NVDA,2012-09-19,3.14415,0.011728256975907818,0.011728256975907818
NVDA,2012-09-20,3.12138,-0.007268371628056451,0.007268371628056451
NVDA,2012-09-21,3.13367,0.003929629919878753,0.003929629919878753
NVDA,2012-09-24,3.13237,-0.0004149351164856736,0.0004149351164856736
NVDA,2012-09-25,3.07505,-0.018468745238990752,0.018468745238990752
NVDA,2012-09-26,3.02261,-0.01720046473049923,0.01720046473049923
NVDA,2012-09-27,3.04289,0.006687025165443854,0.006687025165443854
NVDA,2012-09-28,3.05856,0.005136495243769236,0.005136495243769236
NVDA,2012-10-01,3.00593,-0.01735721266777332,0.01735721266777332
NVDA,2012-10-02,3.02011,0.004706250264677439,0.004706250264677439
NVDA,2012-10-03,2.98835,-0.01057185894623097,0.01057185894623097
NVDA,2012-10-04,3.12388,0.04435442332946047,0.04435442332946047
NVDA,2012-10-05,3.04956,-0.024078501030302655,0.024078501030302655
NVDA,2012-10-08,3.02011,-0.009704063352926732,0.009704063352926732
NVDA,2012-10-09,2.95598,-0.021463017401304012,0.021463017401304012
NVDA,2012-10-10,2.90625,-0.016966646809672446,0.016966646809672446
NVDA,2012-10-11,2.92202,0.005411567578521806,0.005411567578521806
NVDA,2012-10-12,2.89677,-0.008678834771561282,0.008678834771561282
NVDA,2012-10-15,2.93322,0.012504472545521398,0.012504472545521398
NVDA,2012-10-16,3.01791,0.028463743121430286,0.028463743121430286
NVDA,2012-10-17,2.99494,-0.007640340849681405,0.007640340849681405
NVDA,2012-10-18,2.949,-0.015458068144620942,0.015458068144620942
NVDA,2012-10-19,2.77481,-0.06088385344728231,0.06088385344728231
NVDA,2012-10-22,2.74485,-0.010855847726187917,0.010855847726187917
NVDA,2012-10-23,2.82836,0.029970609717028272,0.029970609717028272
NVDA,2012-10-24,2.7908,-0.013368745293752654,0.013368745293752654
NVDA,2012-10-25,2.79339,0.0009276189333528466,0.0009276189333528466
NVDA,2012-10-26,2.76343,-0.01078325024314518,0.01078325024314518
NVDA,2012-10-31,2.74715,-0.00590865112715308,0.00590865112715308
NVDA,2012-11-01,2.87827,0.0466254085682206,0.0466254085682206
NVDA,2012-11-02,2.8653,-0.004516362487555018,0.004516362487555018
NVDA,2012-11-05,2.98615,0.041311875555954995,0.041311875555954995
NVDA,2012-11-06,2.98365,-0.0008375490455772007,0.0008375490455772007
NVDA,2012-11-07,2.89177,-0.03127861184038739,0.03127861184038739
NVDA,2012-11-08,2.90875,0.0058546642377093495,0.0058546642377093495
NVDA,2012-11-09,2.79578,-0.03961229819258442,0.03961229819258442
NVDA,2012-11-12,2.73087,-0.02349089769433613,0.02349089769433613
NVDA,2012-11-13,2.7129,-0.006602066315036734,0.006602066315036734
NVDA,2012-11-14,2.64628,-0.02486329323237542,0.02486329323237542
NVDA,2012-11-15,2.65797,0.004407793345611307,0.004407793345611307
NVDA,2012-11-16,2.60922,-0.01851134745048555,0.01851134745048555
NVDA,2012-11-19,2.68291,0.027850700246004653,0.027850700246004653
NVDA,2012-11-20,2.65228,-0.011482378896979114,0.011482378896979114
NVDA,2012-11-21,2.72768,0.02803178360382284,0.02803178360382284
NVDA,2012-11-23,2.74645,0.006857737598652525,0.006857737598652525
NVDA,2012-11-26,2.7928,0.016735508162030868,0.016735508162030868
NVDA,2012-11-27,2.80608,0.004743814800164564,0.004743814800164564
NVDA,2012-11-28,2.83056,0.00868608032931301,0.00868608032931301
NVDA,2012-11-29,2.77941,-0.018235896975467562,0.018235896975467562
NVDA,2012-11-30,2.76263,-0.006055550402530157,0.006055550402530157
NVDA,2012-12-03,2.7119,-0.018533628318193614,0.018533628318193614
NVDA,2012-12-04,2.7928,0.02939518056671391,0.02939518056671391
NVDA,2012-12-05,2.76043,-0.011658212113289372,0.011658212113289372
NVDA,2012-12-06,2.76482,0.0015890687023320791,0.0015890687023320791
NVDA,2012-12-07,2.75843,-0.0023138560995671206,0.0023138560995671206
NVDA,2012-12-10,2.85362,0.033926686430595786,0.033926686430595786
NVDA,2012-12-11,2.92022,0.02307059217908225,0.02307059217908225
NVDA,2012-12-12,2.89007,-0.010378232623549453,0.010378232623549453
NVDA,2012-12-13,2.89207,0.0006917854219237353,0.0006917854219237353
NVDA,2012-12-14,2.90645,0.004959896483818283,0.004959896483818283
NVDA,2012-12-17,2.89207,-0.004959896483818179,0.004959896483818179
NVDA,2012-12-18,2.89927,0.0024864724604415894,0.0024864724604415894
NVDA,2012-12-19,2.92022,0.007199974741184054,0.007199974741184054
NVDA,2012-12-20,2.91822,-0.0006851145436899342,0.0006851145436899342
NVDA,2012-12-21,2.85143,-0.023153218534269653,0.023153218534269653
NVDA,2012-12-24,2.82806,-0.008229658613266662,0.008229658613266662
NVDA,2012-12-26,2.82556,-0.0008843891747045673,0.0008843891747045673
NVDA,2012-12-27,2.80738,-0.00645491097855029,0.00645491097855029
NVDA,2012-12-28,2.7928,-0.005206987254672335,0.005206987254672335
NVDA,2012-12-31,2.83056,0.013429895129477494,0.013429895129477494
NVDA,2013-01-02,2.93602,0.03658035078000176,0.03658035078000176
NVDA,2013-01-03,2.93842,0.0008170992072537971,0.0008170992072537971
NVDA,2013-01-04,3.03459,0.03220430285092584,0.03220430285092584
NVDA,2013-01-07,2.9474,-0.02915289897932271,0.02915289897932271
NVDA,2013-01-08,2.88307,-0.022067727171906883,0.022067727171906883
NVDA,2013-01-09,2.81836,-0.022700543130558255,0.022700543130558255
NVDA,2013-01-10,2.82336,0.0017725095570425347,0.0017725095570425347
NVDA,2013-01-11,2.81836,-0.0017725095570425133,0.0017725095570425133
NVDA,2013-01-14,2.81636,-0.0007098844606261101,0.0007098844606261101
NVDA,2013-01-15,2.76482,-0.018469737636202344,0.018469737636202344
NVDA,2013-01-16,2.7904,0.009209421334791579,0.009209421334791579
NVDA,2013-01-17,2.82806,0.013406009484093009,0.013406009484093009
NVDA,2013-01-18,2.80937,-0.006630705295635892,0.006630705295635892
NVDA,2013-01-22,2.79539,-0.004988627164283697,0.004988627164283697
NVDA,2013-01-23,2.79978,0.0015692109089934388,0.0015692109089934388
NVDA,2013-01-24,2.81406,0.005087437760817578,0.005087437760817578
NVDA,2013-01-25,2.8653,0.018044776300156468,0.018044776300156468
NVDA,2013-01-28,2.91123,0.01590261556490623,0.01590261556490623
NVDA,2013-01-29,2.84924,-0.021523380239555995,0.021523380239555995
NVDA,2013-01-30,2.84444,-0.0016860804039379933,0.0016860804039379933
NVDA,2013-01-31,2.83056,-0.004891639709910005,0.004891639709910005
NVDA,2013-02-01,2.85601,0.008950973933601596,0.008950973933601596
NVDA,2013-02-04,2.80738,-0.017173881808406642,0.017173881808406642
NVDA,2013-02-05,2.8713,0.022513224824471878,0.022513224824471878
NVDA,2013-02-06,2.84924,-0.007712596835818835,0.007712596835818835
NVDA,2013-02-07,2.83745,-0.0041465305451222345,0.0041465305451222345
NVDA,2013-02-08,2.85601,0.0065197843648758975,0.0065197843648758975
NVDA,2013-02-11,2.88777,0.011059032098190456,0.011059032098190456
NVDA,2013-02-12,2.8693,-0.006416480386490702,0.006416480386490702
NVDA,2013-02-13,2.85601,-0.004642551711699825,0.004642551711699825
NVDA,2013-02-14,2.93842,0.028446476053653993,0.028446476053653993
NVDA,2013-02-15,2.93872,0.00010209047266550601,0.00010209047266550601
NVDA,2013-02-19,2.89927,-0.013515131231429122,0.013515131231429122
NVDA,2013-02-20,2.85831,-0.014228440081390488,0.014228440081390488
NVDA,2013-02-21,2.83745,-0.007324779578375726,0.007324779578375726
NVDA,2013-02-22,2.89007,0.01837496177740093,0.01837496177740093
NVDA,2013-02-25,2.83965,-0.017599918142401867,0.017599918142401867
NVDA,2013-02-26,2.87279,0.011602877857252636,0.011602877857252636
NVDA,2013-02-27,2.92602,0.018359454845421196,0.018359454845421196
NVDA,2013-02-28,2.94022,0.004841270638377974,0.004841270638377974
NVDA,2013-03-01,2.95139,0.003791837335990191,0.003791837335990191
NVDA,2013-03-04,2.93802,-0.004540360738477851,0.004540360738477851
NVDA,2013-03-05,2.97287,0.011791931104246917,0.011791931104246917
NVDA,2013-03-06,2.97068,-0.0007369333476155021,0.0007369333476155021
NVDA,2013-03-07,2.96338,-0.0024603740718865323,0.0024603740718865323
NVDA,2013-03-08,2.97735,0.004703134379358658,0.004703134379358658
NVDA,2013-03-11,2.948,-0.00990666881746907,0.00990666881746907
NVDA,2013-03-12,2.95868,0.0036162485994682657,0.0036162485994682657
NVDA,2013-03-13,2.95868,0.0,0.0
NVDA,2013-03-14,2.96118,0.0008446146187982223,0.0008446146187982223
NVDA,2013-03-15,2.93542,-0.00873729399212503,0.00873729399212503
NVDA,2013-03-18,2.91542,-0.006836651796876663,0.006836651796876663
NVDA,2013-03-19,2.89607,-0.006659246254287232,0.006659246254287232
NVDA,2013-03-20,2.93102,0.011995839813096527,0.011995839813096527
NVDA,2013-03-21,2.88447,-0.01600931107045855,0.01600931107045855
NVDA,2013-03-22,2.89857,0.004876337683960474,0.004876337683960474
NVDA,2013-03-25,2.88207,-0.005708725957890294,0.005708725957890294
NVDA,2013-03-26,2.90326,0.007325457582763243,0.007325457582763243
NVDA,2013-03-27,2.93802,0.011901641526916638,0.011901641526916638
NVDA,2013-03-28,2.97935,0.01396927083968581,0.01396927083968581
NVDA,2013-04-01,2.88207,-0.03319636994936562,0.03319636994936562
NVDA,2013-04-02,2.85043,-0.011038925878053217,0.011038925878053217
NVDA,2013-04-03,2.81736,-0.01166958383648329,0.01166958383648329
NVDA,2013-04-04,2.84344,0.009214310529743627,0.009214310529743627
NVDA,2013-04-05,2.89347,0.017441887125669218,0.017441887125669218
NVDA,2013-04-08,2.88677,-0.002318243879363325,0.002318243879363325
NVDA,2013-04-09,2.93322,0.015962565673722375,0.015962565673722375
NVDA,2013-04-10,2.97935,0.015604360214130175,0.015604360214130175
NVDA,2013-04-11,2.96598,-0.004497655315470277,0.004497655315470277
NVDA,2013-04-12,3.03929,0.02441643490421695,0.02441643490421695
NVDA,2013-04-15,2.97735,-0.020590292364328966,0.020590292364328966
NVDA,2013-04-16,3.00913,0.010617357292261858,0.010617357292261858
NVDA,2013-04-17,2.96968,-0.01319679753477028,0.01319679753477028
NVDA,2013-04-18,2.91303,-0.019260426316609996,0.019260426316609996
NVDA,2013-04-19,2.91972,0.0022939446860113337,0.0022939446860113337
NVDA,2013-04-22,2.92422,0.0015400571838233663,0.0015400571838233663
NVDA,2013-04-23,3.00014,0.025631175790646003,0.025631175790646003
NVDA,2013-04-24,3.1025,0.033549283850703986,0.033549283850703986
NVDA,2013-04-25,3.12788,0.008147220679198633,0.008147220679198633
NVDA,2013-04-26,3.11418,-0.004389583566365316,0.004389583566365316
NVDA,2013-04-29,3.15132,0.011855537471197816,0.011855537471197816
NVDA,2013-04-30,3.19779,0.014638533533721307,0.014638533533721307
NVDA,2013-05-01,3.16962,-0.008848239327663461,0.008848239327663461
NVDA,2013-05-02,3.20729,0.011814636926532254,0.011814636926532254
NVDA,2013-05-03,3.22126,0.00434624355131617,0.00434624355131617
NVDA,2013-05-06,3.21177,-0.0029504003196298527,0.0029504003196298527
NVDA,2013-05-07,3.16962,-0.01321048015821873,0.01321048015821873
NVDA,2013-05-08,3.22785,0.018204574039811388,0.018204574039811388
NVDA,2013-05-09,3.22985,0.0006194156012034283,0.0006194156012034283
NVDA,2013-05-10,3.37717,0.044602384147598845,0.044602384147598845
NVDA,2013-05-13,3.30725,-0.020921052314975794,0.020921052314975794
NVDA,2013-05-14,3.35637,0.014743004465463847,0.014743004465463847
NVDA,2013-05-15,3.41053,0.016007671612302522,0.016007671612302522
NVDA,2013-05-16,3.39733,-0.003877875438597531,0.003877875438597531
NVDA,2013-05-17,3.45277,0.01618697844385523,0.01618697844385523
NVDA,2013-05-20,3.44578,-0.002026513511443958,0.002026513511443958
NVDA,2013-05-21,3.48302,0.010749439611730319,0.010749439611730319
NVDA,2013-05-22,3.36187,-0.035402366764689545,0.035402366764689545
NVDA,2013-05-23,3.41412,0.01542240636043639,0.01542240636043639
NVDA,2013-05-24,3.39353,-0.006049095586575499,0.006049095586575499
NVDA,2013-05-28,3.39153,-0.0005895305444387252,0.0005895305444387252
NVDA,2013-05-29,3.37157,-0.005902635759442818,0.005902635759442818
NVDA,2013-05-30,3.41412,0.012541261890457072,0.012541261890457072
NVDA,2013-05-31,3.37837,-0.010526428484408101,0.010526428484408101
NVDA,2013-06-03,3.37417,-0.001243976501173504,0.001243976501173504
NVDA,2013-06-04,3.37787,0.0010959651809976294,0.0010959651809976294
NVDA,2013-06-05,3.30525,-0.021733219926756545,0.021733219926756545
NVDA,2013-06-06,3.32663,0.006447666142362696,0.006447666142362696
NVDA,2013-06-07,3.37287,0.013804234428502623,0.013804234428502623
NVDA,2013-06-10,3.37157,-0.00038550272998179585,0.00038550272998179585
NVDA,2013-06-11,3.30765,-0.019140543796402808,0.019140543796402808
NVDA,2013-06-12,3.27928,-0.008614081347947562,0.008614081347947562
NVDA,2013-06-13,3.35458,0.02270269019346464,0.02270269019346464
NVDA,2013-06-14,3.34958,-0.0014916114552885437,0.0014916114552885437
NVDA,2013-06-17,3.38254,0.009791941722907387,0.009791941722907387
NVDA,2013-06-18,3.36187,-0.006129539786712619,0.006129539786712619
NVDA,2013-06-19,3.46345,0.029767835333450923,0.029767835333450923
NVDA,2013-06-20,3.37157,-0.026886690863471497,0.026886690863471497
NVDA,2013-06-21,3.36657,-0.0014840893533579298,0.0014840893533579298
NVDA,2013-06-24,3.29547,-0.02134562374910527,0.02134562374910527
NVDA,2013-06-25,3.31944,0.007247295855936019,0.007247295855936019
NVDA,2013-06-26,3.30027,-0.0057918106950973465,0.0057918106950973465
NVDA,2013-06-27,3.26949,-0.009370273864458791,0.009370273864458791
NVDA,2013-06-28,3.27669,0.002199757080727654,0.002199757080727654
NVDA,2013-07-01,3.29047,0.004196645193431088,0.004196645193431088
NVDA,2013-07-02,3.28797,-0.0007600586523102031,0.0007600586523102031
NVDA,2013-07-03,3.29797,0.00303677460924283,0.00303677460924283
NVDA,2013-07-05,3.32424,0.007933948878855408,0.007933948878855408
NVDA,2013-07-08,3.30645,-0.005365970264496244,0.005365970264496244
NVDA,2013-07-09,3.32444,0.00542613258244825,0.00542613258244825
NVDA,2013-07-10,3.36917,0.013365184357755452,0.013365184357755452
NVDA,2013-07-11,3.41412,0.013253349910886338,0.013253349910886338
NVDA,2013-07-12,3.41652,0.0007027160262469112,0.0007027160262469112
NVDA,2013-07-15,3.40933,-0.0021066981135556585,0.0021066981135556585
NVDA,2013-07-16,3.4285,0.005607056690181315,0.005607056690181315
NVDA,2013-07-17,3.40933,-0.005607056690181397,0.005607056690181397
NVDA,2013-07-18,3.39583,-0.003967582748803115,0.003967582748803115
NVDA,2013-07-19,3.32424,-0.02130713175048179,0.02130713175048179
NVDA,2013-07-22,3.32194,-0.0006921269336117921,0.0006921269336117921
NVDA,2013-07-23,3.31724,-0.0014158377345195627,0.0014158377345195627
NVDA,2013-07-24,3.31724,0.0,0.0
NVDA,2013-07-25,3.32893,0.0035178191515896156,0.0035178191515896156
NVDA,2013-07-26,3.31464,-0.0043019105806283925,0.0043019105806283925
NVDA,2013-07-29,3.30765,-0.0021110530030960914,0.0021110530030960914
NVDA,2013-07-30,3.36417,0.016943308458586874,0.016943308458586874
NVDA,2013-07-31,3.37037,0.001841254711268323,0.001841254711268323
NVDA,2013-08-01,3.41652,0.013599958543251437,0.013599958543251437
NVDA,2013-08-02,3.44448,0.008150460510638214,0.008150460510638214
NVDA,2013-08-05,3.46125,0.004856845826739942,0.004856845826739942
NVDA,2013-08-06,3.40933,-0.015114004450933836,0.015114004450933836
NVDA,2013-08-07,3.40713,-0.0006454963650894897,0.0006454963650894897
NVDA,2013-08-08,3.43109,0.0070077002646750965,0.0070077002646750965
NVDA,2013-08-09,3.38254,-0.014251088386000518,0.014251088386000518
NVDA,2013-08-12,3.35458,-0.008300330267618861,0.008300330267618861
NVDA,2013-08-13,3.36657,0.0035678455975276173,0.0035678455975276173
NVDA,2013-08-14,3.5084,0.041265671199495035,0.041265671199495035
NVDA,2013-08-15,3.53116,0.00646633576706861,0.00646633576706861
NVDA,2013-08-16,3.54515,0.003954043343824327,0.003954043343824327
NVDA,2013-08-19,3.48942,-0.015844938914335065,0.015844938914335065
NVDA,2013-08-20,3.5074,0.005139488961407962,0.005139488961407962
NVDA,2013-08-21,3.49072,-0.0047670035914780685,0.0047670035914780685
NVDA,2013-08-22,3.5097,0.005422545077951446,0.005422545077951446
NVDA,2013-08-23,3.5097,0.0,0.0
NVDA,2013-08-26,3.51668,0.0019867989764441405,0.0019867989764441405
NVDA,2013-08-27,3.47324,-0.01242948682105556,0.01242948682105556
NVDA,2013-08-28,3.47204,-0.000345558425849281,0.000345558425849281
NVDA,2013-08-29,3.46445,-0.002188427584896267,0.002188427584896267
NVDA,2013-08-30,3.46005,-0.0012708500518993204,0.0012708500518993204
NVDA,2013-09-03,3.46225,0.0006356269084178815,0.0006356269084178815
NVDA,2013-09-04,3.49542,0.009534873398866222,0.009534873398866222
NVDA,2013-09-05,3.505,0.002736980346997247,0.002736980346997247
NVDA,2013-09-06,3.49072,-0.004082501824976234,0.004082501824976234
NVDA,2013-09-09,3.54864,0.016456412833185344,0.016456412833185344
NVDA,2013-09-10,3.62483,0.021242959160473935,0.021242959160473935
NVDA,2013-09-11,3.68578,0.01667478151544341,0.01667478151544341
NVDA,2013-09-12,3.68328,-0.0006785126178677571,0.0006785126178677571
NVDA,2013-09-13,3.70665,0.006324844188527969,0.006324844188527969
NVDA,2013-09-16,3.70885,0.0005933517806069824,0.0005933517806069824
NVDA,2013-09-17,3.72112,0.003302842717861641,0.003302842717861641
NVDA,2013-09-18,3.75358,0.008685353004771777,0.008685353004771777
NVDA,2013-09-19,3.7361,-0.004667764640914118,0.004667764640914118
NVDA,2013-09-20,3.70665,-0.0079137828623263,0.0079137828623263
NVDA,2013-09-23,3.669,-0.010209358368195061,0.010209358368195061
NVDA,2013-09-24,3.68328,0.0038845141796671765,0.0038845141796671765
NVDA,2013-09-25,3.69058,0.00197996771971065,0.00197996771971065
NVDA,2013-09-26,3.6761,-0.003931219667044329,0.003931219667044329
NVDA,2013-09-27,3.65481,-0.005808299339061147,0.005808299339061147
NVDA,2013-09-30,3.65022,-0.0012566685158171397,0.0012566685158171397
NVDA,2013-10-01,3.64803,-0.0006001438881188686,0.0006001438881188686
NVDA,2013-10-02,3.64553,-0.0006855363081699746,0.0006855363081699746
NVDA,2013-10-03,3.60758,-0.010464572112130505,0.010464572112130505
NVDA,2013-10-04,3.65721,0.013663374194491746,0.013663374194491746
NVDA,2013-10-07,3.65721,0.0,0.0
NVDA,2013-10-08,3.62723,-0.008231290057224885,0.008231290057224885
NVDA,2013-10-09,3.57032,-0.015814043950611104,0.015814043950611104
NVDA,2013-10-10,3.61008,0.011074705135229257,0.011074705135229257
NVDA,2013-10-11,3.5801,-0.008339199780680769,0.008339199780680769
NVDA,2013-10-14,3.63403,0.014951492322507103,0.014951492322507103
NVDA,2013-10-15,3.61505,-0.0052365385321704256,0.0052365385321704256
NVDA,2013-10-16,3.65951,0.012223571895434587,0.012223571895434587
NVDA,2013-10-17,3.6665,0.0019082698825609152,0.0019082698825609152
NVDA,2013-10-18,3.70885,0.011484326970229955,0.011484326970229955
NVDA,2013-10-21,3.71863,0.0026334653616404435,0.0026334653616404435
NVDA,2013-10-22,3.69996,-0.005033312102656699,0.005033312102656699
NVDA,2013-10-23,3.63623,-0.017374578140662813,0.017374578140662813
NVDA,2013-10-24,3.60888,-0.007549955740230582,0.007549955740230582
NVDA,2013-10-25,3.57511,-0.00940152999666015,0.00940152999666015
NVDA,2013-10-28,3.56792,-0.0020131519616440343,0.0020131519616440343
NVDA,2013-10-29,3.57262,0.0013164272390466221,0.0013164272390466221
NVDA,2013-10-30,3.57032,-0.0006439925519433445,0.0006439925519433445
NVDA,2013-10-31,3.56293,-0.002071987563552017,0.002071987563552017
NVDA,2013-11-01,3.5801,0.004807492918100665,0.004807492918100665
NVDA,2013-11-04,3.47673,-0.029298536122089092,0.029298536122089092
NVDA,2013-11-05,3.47204,-0.001349879392228165,0.001349879392228165
NVDA,2013-11-06,3.49542,0.006711222670488435,0.006711222670488435
NVDA,2013-11-07,3.41253,-0.023999588458329335,0.023999588458329335
NVDA,2013-11-08,3.65022,0.06733348806937314,0.06733348806937314
NVDA,2013-11-11,3.68079,0.00833996330413575,0.00833996330413575
NVDA,2013-11-12,3.68828,0.0020328216665830233,0.0020328216665830233
NVDA,2013-11-13,3.78935,0.027034275706747095,0.027034275706747095
NVDA,2013-11-14,3.80503,0.004129375217182593,0.004129375217182593
NVDA,2013-11-15,3.79405,-0.0028898255160487423,0.0028898255160487423
NVDA,2013-11-18,3.70225,-0.02449330719372414,0.02449330719372414
NVDA,2013-11-19,3.64203,-0.016399524431695223,0.016399524431695223
NVDA,2013-11-20,3.58808,-0.014923978011759183,0.014923978011759183
NVDA,2013-11-21,3.61585,0.00770971887660952,0.00770971887660952
NVDA,2013-11-22,3.5806,-0.009796575233595072,0.009796575233595072
NVDA,2013-11-25,3.65821,0.021443572605739685,0.021443572605739685
NVDA,2013-11-26,3.68928,0.008457360321676445,0.008457360321676445
NVDA,2013-11-27,3.70315,0.0037524917450715884,0.0037524917450715884
NVDA,2013-11-29,3.67969,-0.006355299305433426,0.006355299305433426
NVDA,2013-12-02,3.71514,0.009587853018133802,0.009587853018133802
NVDA,2013-12-03,3.71264,-0.0006731486647158835,0.0006731486647158835
NVDA,2013-12-04,3.76437,0.013837302717718694,0.013837302717718694
NVDA,2013-12-05,3.70315,-0.016396707765702997,0.016396707765702997
NVDA,2013-12-06,3.64853,-0.01485946206057537,0.01485946206057537
NVDA,2013-12-09,3.58558,-0.017404100565002432,0.017404100565002432
NVDA,2013-12-10,3.67,0.023271415884533388,0.023271415884533388
NVDA,2013-12-11,3.63483,-0.009629319712458284,0.009629319712458284
NVDA,2013-12-12,3.56363,-0.019782654071854457,0.019782654071854457
NVDA,2013-12-13,3.54235,-0.00598933957407972,0.00598933957407972
NVDA,2013-12-16,3.54665,0.0012131472781404867,0.0012131472781404867
NVDA,2013-12-17,3.56363,0.004776192295939382,0.004776192295939382
NVDA,2013-12-18,3.61328,0.013836258804690816,0.013836258804690816
NVDA,2013-12-19,3.62803,0.004073854150588066,0.004073854150588066
NVDA,2013-12-20,3.69996,0.019632207543485613,0.019632207543485613
NVDA,2013-12-23,3.72242,0.006051985630650439,0.006051985630650439
NVDA,2013-12-24,3.7321,0.0025970834985589637,0.0025970834985589637
NVDA,2013-12-26,3.69627,-0.009646874850814125,0.009646874850814125
NVDA,2013-12-27,3.71743,0.005708366256786882,0.005708366256786882
NVDA,2013-12-30,3.76677,0.01318530098609585,0.01318530098609585
NVDA,2013-12-31,3.77906,0.003257431155296327,0.003257431155296327
NVDA,2014-01-02,3.74109,-0.01009828864230611,0.01009828864230611
NVDA,2014-01-03,3.69627,-0.012052809755872742,0.012052809755872742
NVDA,2014-01-06,3.74609,0.013388426301295669,0.013388426301295669
NVDA,2014-01-07,3.80653,0.01600538362819814,0.01600538362819814
NVDA,2014-01-08,3.85834,0.013519026175646424,0.013519026175646424
NVDA,2014-01-09,3.71514,-0.03782067664424279,0.03782067664424279
NVDA,2014-01-10,3.71014,-0.0013467507638025616,0.0013467507638025616
NVDA,2014-01-13,3.62303,-0.02375891944718119,0.02375891944718119
NVDA,2014-01-14,3.7364,0.03081188870731662,0.03081188870731662
NVDA,2014-01-15,3.77656,0.010690961355331345,0.010690961355331345
NVDA,2014-01-16,3.78855,0.0031698177658671762,0.0031698177658671762
NVDA,2014-01-17,3.77176,-0.004441624114033758,0.004441624114033758
NVDA,2014-01-21,3.78635,0.003860758343698306,0.003860758343698306
NVDA,2014-01-22,3.78156,-0.0012658714597919534,0.0012658714597919534
NVDA,2014-01-23,3.76677,-0.003918752605419004,0.003918752605419004
NVDA,2014-01-24,3.67,-0.026026208235729886,0.026026208235729886
NVDA,2014-01-27,3.64653,-0.006415631591119773,0.006415631591119773
NVDA,2014-01-28,3.68199,0.00967733641657544,0.00967733641657544
NVDA,2014-01-29,3.64653,-0.009677336416575453,0.009677336416575453
NVDA,2014-01-30,3.70765,0.016622222266173558,0.016622222266173558
NVDA,2014-01-31,3.70315,-0.001214443934009281,0.001214443934009281
NVDA,2014-02-03,3.65351,-0.013495459460724219,0.013495459460724219
NVDA,2014-02-04,3.6747,0.0057831473328133,0.0057831473328133
NVDA,2014-02-05,3.64203,-0.008930278175832003,0.008930278175832003
NVDA,2014-02-06,3.68928,0.012890098558671495,0.012890098558671495
NVDA,2014-02-07,3.74359,0.01461372700938667,0.01461372700938667
NVDA,2014-02-10,3.75508,0.003064545844077261,0.003064545844077261
NVDA,2014-02-11,3.83218,0.020324241949633524,0.020324241949633524
NVDA,2014-02-12,3.96941,0.03518363717973282,0.03518363717973282
NVDA,2014-02-13,4.09455,0.03103935211150017,0.03103935211150017
NVDA,2014-02-14,4.22359,0.031028656142185643,0.031028656142185643
NVDA,2014-02-18,4.22129,-0.0005447087600697337,0.0005447087600697337
NVDA,2014-02-19,4.27832,0.01341964063286031,0.01341964063286031
NVDA,2014-02-20,4.42953,0.03473307444870727,0.03473307444870727
NVDA,2014-02-21,4.39686,-0.007402833819527179,0.007402833819527179
NVDA,2014-02-24,4.4603,0.014325378542865351,0.014325378542865351
NVDA,2014-02-25,4.44052,-0.00444454164022731,0.00444454164022731
NVDA,2014-02-26,4.43313,-0.0016656058574478576,0.0016656058574478576
NVDA,2014-02-27,4.3835,-0.011258388799625388,0.011258388799625388
NVDA,2014-02-28,4.35435,-0.0066721466128269,0.0066721466128269
NVDA,2014-03-03,4.33435,-0.0046036887735193,0.0046036887735193
NVDA,2014-03-04,4.37851,0.010136827204553155,0.010136827204553155
NVDA,2014-03-05,4.41586,0.008494121708985915,0.008494121708985915
NVDA,2014-03-06,4.35435,-0.014027260140019728,0.014027260140019728
NVDA,2014-03-07,4.35005,-0.0009880061462683816,0.0009880061462683816
NVDA,2014-03-10,4.28582,-0.014875440318116382,0.014875440318116382
NVDA,2014-03-11,4.32935,0.010105516303210374,0.010105516303210374
NVDA,2014-03-12,4.34005,0.0024684535107755046,0.0024684535107755046
NVDA,2014-03-13,4.20331,-0.03201355863984766,0.03201355863984766
NVDA,2014-03-14,4.22129,0.004268458395468167,0.004268458395468167
NVDA,2014-03-17,4.22129,0.0,0.0
NVDA,2014-03-18,4.32207,0.02359368562009953,0.02359368562009953
NVDA,2014-03-19,4.39756,0.017315387493473493,0.017315387493473493
NVDA,2014-03-20,4.39936,0.00040923414675144446,0.00040923414675144446
NVDA,2014-03-21,4.39298,-0.0014512635134169161,0.0014512635134169161
NVDA,2014-03-24,4.37121,-0.004967953632825555,0.004967953632825555
NVDA,2014-03-25,4.37121,0.0,0.0
NVDA,2014-03-26,4.27164,-0.023042030208895312,0.023042030208895312
NVDA,2014-03-27,4.2143,-0.013514324328861007,0.013514324328861007
NVDA,2014-03-28,4.24057,0.006214190055471449,0.006214190055471449
NVDA,2014-03-31,4.24277,0.0005186636511843202,0.0005186636511843202
NVDA,2014-04-01,4.41816,0.040506962002399886,0.040506962002399886
NVDA,2014-04-02,4.39048,-0.006284759306571839,0.006284759306571839
NVDA,2014-04-03,4.43812,0.010792302833991687,0.010792302833991687
NVDA,2014-04-04,4.3004,-0.03152282172276334,0.03152282172276334
NVDA,2014-04-07,4.31479,0.0033406142829915733,0.0033406142829915733
NVDA,2014-04-08,4.46849,0.03500188803744387,0.03500188803744387
NVDA,2014-04-09,4.464,-0.0010053188703613466,0.0010053188703613466
NVDA,2014-04-10,4.35435,-0.024869879645333645,0.024869879645333645
NVDA,2014-04-11,4.29311,-0.014163933412134769,0.014163933412134769
NVDA,2014-04-14,4.34005,0.01087445676173578,0.01087445676173578
NVDA,2014-04-15,4.37121,0.007153989869702491,0.007153989869702491
NVDA,2014-04-16,4.381,0.002237150178781477,0.002237150178781477
NVDA,2014-04-17,4.39756,0.00377283282070973,0.00377283282070973
NVDA,2014-04-21,4.43313,0.008056039193657442,0.008056039193657442
NVDA,2014-04-22,4.47079,0.008459245944534855,0.008459245944534855
NVDA,2014-04-23,4.52331,0.011678899936969678,0.011678899936969678
NVDA,2014-04-24,4.56406,0.008968551548622883,0.008968551548622883
NVDA,2014-04-25,4.43812,-0.02798171492455675,0.02798171492455675
NVDA,2014-04-28,4.41816,-0.004507543527419915,0.004507543527419915
NVDA,2014-04-29,4.42814,0.0022563115051413883,0.0022563115051413883
NVDA,2014-04-30,4.37601,-0.011842281020395569,0.011842281020395569
NVDA,2014-05-01,4.39936,0.00532172549019739,0.00532172549019739
NVDA,2014-05-02,4.36653,-0.007490432459933633,0.007490432459933633
NVDA,2014-05-05,4.41336,0.01066766077928135,0.01066766077928135
NVDA,2014-05-06,4.32456,-0.020325903014038957,0.020325903014038957
NVDA,2014-05-07,4.32935,0.0011070141679704554,0.0011070141679704554
NVDA,2014-05-08,4.3835,0.012430076774001212,0.012430076774001212
NVDA,2014-05-09,4.27644,-0.024726604271081948,0.024726604271081948
NVDA,2014-05-12,4.40186,0.028906291097520315,0.028906291097520315
NVDA,2014-05-13,4.33175,-0.016055561464122257,0.016055561464122257
NVDA,2014-05-14,4.28811,-0.010125540984275958,0.010125540984275958
NVDA,2014-05-15,4.26466,-0.00548361729869424,0.00548361729869424
NVDA,2014-05-16,4.25486,-0.0023006001094947226,0.0023006001094947226
NVDA,2014-05-19,4.39298,0.031945953269451245,0.031945953269451245
NVDA,2014-05-20,4.34105,-0.011891557951290802,0.011891557951290802
NVDA,2014-05-21,4.34105,0.0,0.0
NVDA,2014-05-22,4.36033,0.004431488235625024,0.004431488235625024
NVDA,2014-05-23,4.40056,0.009184062982861887,0.009184062982861887
NVDA,2014-05-27,4.47928,0.017730513672253062,0.017730513672253062
NVDA,2014-05-28,4.51792,0.008589391713808887,0.008589391713808887
NVDA,2014-05-29,4.51064,-0.0016126606186904644,0.0016126606186904644
NVDA,2014-05-30,4.52291,0.0027165416797689202,0.0027165416797689202
NVDA,2014-06-02,4.50834,-0.0032265771937318283,0.0032265771937318283
NVDA,2014-06-03,4.48918,-0.004258957793143578,0.004258957793143578
NVDA,2014-06-04,4.49395,0.0010619907422713692,0.0010619907422713692
NVDA,2014-06-05,4.51292,0.0042123463645151165,0.0042123463645151165
NVDA,2014-06-06,4.53011,0.0038018276407790204,0.0038018276407790204
NVDA,2014-06-09,4.53491,0.0010590159643567322,0.0010590159643567322
NVDA,2014-06-10,4.55888,0.0052717415979510246,0.0052717415979510246
NVDA,2014-06-11,4.6171,0.012689823053143758,0.012689823053143758
NVDA,2014-06-12,4.64587,0.006211850521481074,0.006211850521481074
NVDA,2014-06-13,4.65067,0.0010326423436116388,0.0010326423436116388
NVDA,2014-06-16,4.63637,-0.0030795627673435373,0.0030795627673435373
NVDA,2014-06-17,4.66735,0.006659726324927617,0.006659726324927617
NVDA,2014-06-18,4.66265,-0.0010075027647514635,0.0010075027647514635
NVDA,2014-06-19,4.55609,-0.02311915647405967,0.02311915647405967
NVDA,2014-06-20,4.50594,-0.011068273217977676,0.011068273217977676
NVDA,2014-06-23,4.45351,-0.011703977029959142,0.011703977029959142
NVDA,2014-06-24,4.3847,-0.015571340879794176,0.015571340879794176
NVDA,2014-06-25,4.42953,0.010172275188046885,0.010172275188046885
NVDA,2014-06-26,4.37002,-0.013525897864400645,0.013525897864400645
NVDA,2014-06-27,4.37471,0.0010726461422323006,0.0010726461422323006
NVDA,2014-06-30,4.41216,0.008524133567957016,0.008524133567957016
NVDA,2014-07-01,4.4631,0.011479226382916343,0.011479226382916343
NVDA,2014-07-02,4.44661,-0.003701583739189211,0.003701583739189211
NVDA,2014-07-03,4.48668,0.008970999202277053,0.008970999202277053
NVDA,2014-07-07,4.45131,-0.007914572433523262,0.007914572433523262
NVDA,2014-07-08,4.41456,-0.008290266038375073,0.008290266038375073
NVDA,2014-07-09,4.54911,0.0300234405938597,0.0300234405938597
NVDA,2014-07-10,4.52291,-0.005776017434077388,0.005776017434077388
NVDA,2014-07-11,4.53491,0.002649645725046698,0.002649645725046698
NVDA,2014-07-14,4.59172,0.012449443823231989,0.012449443823231989
NVDA,2014-07-15,4.6099,0.0039514832508921625,0.0039514832508921625
NVDA,2014-07-16,4.60542,-0.0009722940392592077,0.0009722940392592077
NVDA,2014-07-17,4.59392,-0.0025001806630581148,0.0025001806630581148
NVDA,2014-07-18,4.38948,-0.04552292105084963,0.04552292105084963
NVDA,2014-07-21,4.41456,0.005697399794213747,0.005697399794213747
NVDA,2014-07-22,4.39656,-0.004085751877183729,0.004085751877183729
NVDA,2014-07-23,4.3034,-0.021417009025962778,0.021417009025962778
NVDA,2014-07-24,4.31059,0.0016693777610077831,0.0016693777610077831
NVDA,2014-07-25,4.23358,-0.01802681488274747,0.01802681488274747
NVDA,2014-07-28,4.217,-0.00392399605105114,0.00392399605105114
NVDA,2014-07-29,4.23128,0.0033805729922880244,0.0033805729922880244
NVDA,2014-07-30,4.3034,0.016900860180502904,0.016900860180502904
NVDA,2014-07-31,4.16536,-0.032602701479830735,0.032602701479830735
NVDA,2014-08-01,4.21,0.010659941236907005,0.010659941236907005
NVDA,2014-08-04,4.20162,-0.001992482487885423,0.001992482487885423
NVDA,2014-08-05,4.20361,0.00047351471338269235,0.00047351471338269235
NVDA,2014-08-06,4.19903,-0.001090133685025202,0.001090133685025202
NVDA,2014-08-07,4.15567,-0.010379879422765161,0.010379879422765161
NVDA,2014-08-08,4.52291,0.08468192518814555,0.08468192518814555
NVDA,2014-08-11,4.49865,-0.005378240232870356,0.005378240232870356
NVDA,2014-08-12,4.49865,0.0,0.0
NVDA,2014-08-13,4.52531,0.005908731325324706,0.005908731325324706
NVDA,2014-08-14,4.47448,-0.011295939234969469,0.011295939234969469
NVDA,2014-08-15,4.53231,0.012841599440105293,0.012841599440105293
NVDA,2014-08-18,4.59392,0.013501946799263314,0.013501946799263314
NVDA,2014-08-19,4.63067,0.007967875955219106,0.007967875955219106
NVDA,2014-08-20,4.60192,-0.006227958336337223,0.006227958336337223
NVDA,2014-08-21,4.55988,-0.009177300325323243,0.009177300325323243
NVDA,2014-08-22,4.56206,0.00047796851141371444,0.00047796851141371444
NVDA,2014-08-25,4.56926,0.0015769902910289912,0.0015769902910289912
NVDA,2014-08-26,4.64987,0.01748799602621652,0.01748799602621652
NVDA,2014-08-27,4.59742,-0.011343985635552946,0.011343985635552946
NVDA,2014-08-28,4.63537,0.008220746648336132,0.008220746648336132
NVDA,2014-08-29,4.64987,0.003123238987216747,0.003123238987216747
NVDA,2014-09-02,4.66035,0.0022512903940663945,0.0022512903940663945
NVDA,2014-09-03,4.70529,0.009596855081462592,0.009596855081462592
NVDA,2014-09-04,4.7887,0.01757156814538589,0.01757156814538589
NVDA,2014-09-05,4.77452,-0.0029655305204762655,0.0029655305204762655
NVDA,2014-09-08,4.73096,-0.009165303578504199,0.009165303578504199
NVDA,2014-09-09,4.67134,-0.012682173317649962,0.012682173317649962
NVDA,2014-09-10,4.68761,0.0034768892643596452,0.0034768892643596452
NVDA,2014-09-11,4.64037,-0.010128753249558574,0.010128753249558574
NVDA,2014-09-12,4.57186,-0.014873980146926343,0.014873980146926343
NVDA,2014-09-15,4.50914,-0.013813676321351628,0.013813676321351628
NVDA,2014-09-16,4.57646,0.014819325530753135,0.014819325530753135
NVDA,2014-09-17,4.57896,0.0005461246042532331,0.0005461246042532331
NVDA,2014-09-18,4.64737,0.014829570089237486,0.014829570089237486
NVDA,2014-09-19,4.56206,-0.01852719229229723,0.01852719229229723
NVDA,2014-09-22,4.51632,-0.010076772957539925,0.010076772957539925
NVDA,2014-09-23,4.49695,-0.004298113741129185,0.004298113741129185
NVDA,2014-09-24,4.52391,0.005977274953484576,0.005977274953484576
NVDA,2014-09-25,4.42514,-0.022074747779295755,0.022074747779295755
NVDA,2014-09-26,4.43383,0.0019618539823985457,0.0019618539823985457
NVDA,2014-09-29,4.42514,-0.001961853982398508,0.001961853982398508
NVDA,2014-09-30,4.41036,-0.0033455975974356336,0.0033455975974356336
NVDA,2014-10-01,4.36773,-0.009712895434775116,0.009712895434775116
NVDA,2014-10-02,4.34855,-0.004400967145921747,0.004400967145921747
NVDA,2014-10-03,4.35803,0.0021776641910727186,0.0021776641910727186
NVDA,2014-10-06,4.33275,-0.005817676043080195,0.005817676043080195
NVDA,2014-10-07,4.28512,-0.011053888022283163,0.011053888022283163
NVDA,2014-10-08,4.36533,0.018545231483431877,0.018545231483431877
NVDA,2014-10-09,4.28182,-0.019315634956134718,0.019315634956134718
NVDA,2014-10-10,4.02595,-0.0616172449865959,0.0616172449865959
NVDA,2014-10-13,4.01286,-0.003256703808028082,0.003256703808028082
NVDA,2014-10-14,4.10555,0.02283551281936551,0.02283551281936551
NVDA,2014-10-15,4.16956,0.015470797778915824,0.015470797778915824
NVDA,2014-10-16,4.17186,0.0005514648724769027,0.0005514648724769027
NVDA,2014-10-17,4.16466,-0.0017273398948774066,0.0017273398948774066
NVDA,2014-10-20,4.20102,0.008692713313539163,0.008692713313539163
NVDA,2014-10-21,4.38,0.041721371441197294,0.041721371441197294
NVDA,2014-10-22,4.27683,-0.023836643420091386,0.023836643420091386
NVDA,2014-10-23,4.37151,0.021896406212249944,0.021896406212249944
NVDA,2014-10-24,4.41756,0.010479020281916041,0.010479020281916041
NVDA,2014-10-27,4.42015,0.00058612470292588,0.00058612470292588
NVDA,2014-10-28,4.52631,0.02373340585112641,0.02373340585112641
NVDA,2014-10-29,4.49565,-0.006796775430413682,0.006796775430413682
NVDA,2014-10-30,4.46829,-0.0061044774872074745,0.0061044774872074745
NVDA,2014-10-31,4.67134,0.04444018332463786,0.04444018332463786
NVDA,2014-11-03,4.74993,0.016683912672357918,0.016683912672357918
NVDA,2014-11-04,4.81165,0.01291017954167763,0.01291017954167763
NVDA,2014-11-05,4.81165,0.0,0.0
NVDA,2014-11-06,4.83403,0.004640427665046182,0.004640427665046182
NVDA,2014-11-07,4.73096,-0.02155234656143181,0.02155234656143181
NVDA,2014-11-10,4.7867,0.011713096974873827,0.011713096974873827
NVDA,2014-11-11,4.72856,-0.012220522309668027,0.012220522309668027
NVDA,2014-11-12,4.6973,-0.006632840845459245,0.006632840845459245
NVDA,2014-11-13,4.67363,-0.005051803895580036,0.005051803895580036
NVDA,2014-11-14,4.72856,0.011684644741039429,0.011684644741039429
NVDA,2014-11-17,4.70778,-0.004404257072118976,0.004404257072118976
NVDA,2014-11-18,4.82155,0.02387899379703405,0.02387899379703405
NVDA,2014-11-19,4.80385,-0.0036777733810274995,0.0036777733810274995
NVDA,2014-11-20,4.88297,0.016335961546328936,0.016335961546328936
NVDA,2014-11-21,4.91064,0.0056506382477056845,0.0056506382477056845
NVDA,2014-11-24,4.9406,0.006082501770069443,0.006082501770069443
NVDA,2014-11-25,4.9384,-0.00044538921679688543,0.00044538921679688543
NVDA,2014-11-26,5.0209,0.016567808405361782,0.016567808405361782
NVDA,2014-11-28,5.03427,0.0026593300519883734,0.0026593300519883734
NVDA,2014-12-01,4.9406,-0.01878174924055335,0.01878174924055335
NVDA,2014-12-02,4.94789,0.0014744417642515155,0.0014744417642515155
NVDA,2014-12-03,5.07552,0.025467759654460576,0.025467759654460576
NVDA,2014-12-04,5.02929,-0.009150161665955033,0.009150161665955033
NVDA,2014-12-05,5.05856,0.0058030367500440305,0.0058030367500440305
NVDA,2014-12-08,4.99353,-0.012938783323988528,0.012938783323988528
NVDA,2014-12-09,4.97685,-0.0033459137086530163,0.0033459137086530163
NVDA,2014-12-10,4.86628,-0.022467375949600913,0.022467375949600913
NVDA,2014-12-11,4.86369,-0.0005323757547395986,0.0005323757547395986
NVDA,2014-12-12,4.71228,-0.031625541745916856,0.031625541745916856
NVDA,2014-12-15,4.6978,-0.0030775533106501456,0.0030775533106501456
NVDA,2014-12-16,4.64407,-0.011503177088805081,0.011503177088805081
NVDA,2014-12-17,4.83502,0.04029412846656284,0.04029412846656284
NVDA,2014-12-18,4.85421,0.0039611042552346876,0.0039611042552346876
NVDA,2014-12-19,4.90215,0.009827514736369367,0.009827514736369367
NVDA,2014-12-22,4.98843,0.01744734660578092,0.01744734660578092
NVDA,2014-12-23,4.95788,-0.006143000986432216,0.006143000986432216
NVDA,2014-12-24,4.9384,-0.003936837914759612,0.003936837914759612
NVDA,2014-12-26,4.94289,0.0009087882875664175,0.0009087882875664175
NVDA,2014-12-29,4.93591,-0.0014131273356171462,0.0014131273356171462
NVDA,2014-12-30,4.89047,-0.009248639661994759,0.009248639661994759
NVDA,2014-12-31,4.81295,-0.01597821165155415,0.01597821165155415
NVDA,2015-01-02,4.83273,0.004101323644651067,0.004101323644651067
NVDA,2015-01-05,4.75093,-0.017071137024624,0.017071137024624
NVDA,2015-01-06,4.60642,-0.03088940570428551,0.03088940570428551
NVDA,2015-01-07,4.59412,-0.002673757698505452,0.002673757698505452
NVDA,2015-01-08,4.76802,0.03715389943193817,0.03715389943193817
NVDA,2015-01-09,4.7877,0.004119004705989609,0.004119004705989609
NVDA,2015-01-12,4.72676,-0.012810150728896172,0.012810150728896172
NVDA,2015-01-13,4.71858,-0.0017320714860552002,0.0017320714860552002
NVDA,2015-01-14,4.73895,0.0043076853045264235,0.0043076853045264235
NVDA,2015-01-15,4.70479,-0.007234453508200633,0.007234453508200633
NVDA,2015-01-16,4.7915,0.018262376129191873,0.018262376129191873
NVDA,2015-01-20,4.80615,0.003052833011811627,0.003052833011811627
NVDA,2015-01-21,4.87328,0.013870873867697581,0.013870873867697581
NVDA,2015-01-22,4.95788,0.017211008331119635,0.017211008331119635
NVDA,2015-01-23,4.97456,0.0033586944759493443,0.0033586944759493443
NVDA,2015-01-26,4.94918,-0.0051150181958798824,0.0051150181958798824
NVDA,2015-01-27,4.71228,-0.04905003895812977,0.04905003895812977
NVDA,2015-01-28,4.63587,-0.0163479836649238,0.0163479836649238
NVDA,2015-01-29,4.74854,0.024013318708817948,0.024013318708817948
NVDA,2015-01-30,4.6089,-0.02984798555555526,0.02984798555555526
NVDA,2015-02-02,4.70978,0.021651980985322394,0.021651980985322394
NVDA,2015-02-03,4.82773,0.02473518008562087,0.02473518008562087
NVDA,2015-02-04,4.84002,0.0025424750578773737,0.0025424750578773737
NVDA,2015-02-05,4.91842,0.016068487765509402,0.016068487765509402
NVDA,2015-02-06,4.89765,-0.004231842478019062,0.004231842478019062
NVDA,2015-02-09,4.89295,-0.0009601046638690789,0.0009601046638690789
NVDA,2015-02-10,5.02929,0.027483427492074202,0.027483427492074202
NVDA,2015-02-11,4.99602,-0.006637225609222671,0.006637225609222671
NVDA,2015-02-12,5.35379,0.06916312586020484,0.06916312586020484
NVDA,2015-02-13,5.35639,0.00048551939389907705,0.00048551939389907705
NVDA,2015-02-17,5.37235,0.0029751884700012494,0.0029751884700012494
NVDA,2015-02-18,5.31083,-0.011517297291869734,0.011517297291869734
NVDA,2015-02-19,5.32312,0.0023114657247762962,0.0023114657247762962
NVDA,2015-02-20,5.36129,0.007145020152835648,0.007145020152835648
NVDA,2015-02-23,5.32062,-0.00761477985120759,0.00761477985120759
NVDA,2015-02-24,5.37675,0.010494264502433917,0.010494264502433917
NVDA,2015-02-25,5.33639,-0.007534708020690672,0.007534708020690672
NVDA,2015-02-26,5.35039,0.0026200610490418157,0.0026200610490418157
NVDA,2015-02-27,5.31682,-0.006294075175038103,0.006294075175038103
NVDA,2015-03-02,5.44357,0.023559715357714124,0.023559715357714124
NVDA,2015-03-03,5.34559,-0.018163173708772202,0.018163173708772202
NVDA,2015-03-04,5.40621,0.01127637090554098,0.01127637090554098
NVDA,2015-03-05,5.50938,0.018903801320895235,0.018903801320895235
NVDA,2015-03-06,5.43417,-0.01374529912787062,0.01374529912787062
NVDA,2015-03-09,5.44846,0.002626204917950881,0.002626204917950881
NVDA,2015-03-10,5.54314,0.017228127261990415,0.017228127261990415
NVDA,2015-03-11,5.51398,-0.005274441735628505,0.005274441735628505
NVDA,2015-03-12,5.46343,-0.009209887817310618,0.009209887817310618
NVDA,2015-03-13,5.47102,0.00138827306705293,0.00138827306705293
NVDA,2015-03-16,5.53594,0.011796309392516375,0.011796309392516375
NVDA,2015-03-17,5.60317,0.012071128905335415,0.012071128905335415
NVDA,2015-03-18,5.51168,-0.016463032137984567,0.016463032137984567
NVDA,2015-03-19,5.59599,0.01518079293723313,0.01518079293723313
NVDA,2015-03-20,5.65638,0.010733841816468411,0.010733841816468411
NVDA,2015-03-23,5.47342,-0.0328804620482326,0.0328804620482326
NVDA,2015-03-24,5.39893,-0.013702863791023626,0.013702863791023626
NVDA,2015-03-25,5.07103,-0.06265683299985914,0.06265683299985914
NVDA,2015-03-26,5.05386,-0.003391645036980982,0.003391645036980982
NVDA,2015-03-27,5.15344,0.019512145102623994,0.019512145102623994
NVDA,2015-03-30,5.1749,0.004155562439304247,0.004155562439304247
NVDA,2015-03-31,5.04276,-0.02586646405092623,0.02586646405092623
NVDA,2015-04-01,5.06353,0.0041103172859506855,0.0041103172859506855
NVDA,2015-04-02,5.07582,0.0024242197022223007,0.0024242197022223007
NVDA,2015-04-06,5.22233,0.02845557422826723,0.02845557422826723
NVDA,2015-04-07,5.26848,0.008798233444584158,0.008798233444584158
NVDA,2015-04-08,5.30713,0.0073093035911549475,0.0073093035911549475
NVDA,2015-04-09,5.42719,0.022370305108456112,0.022370305108456112
NVDA,2015-04-10,5.48542,0.010672158663105384,0.010672158663105384
NVDA,2015-04-13,5.43417,-0.00938686824627062,0.00938686824627062
NVDA,2015-04-14,5.38924,-0.008302421895852728,0.008302421895852728
NVDA,2015-04-15,5.45345,0.011844062796760303,0.011844062796760303
NVDA,2015-04-16,5.42019,-0.006117565732998575,0.006117565732998575
NVDA,2015-04-17,5.35039,-0.012961414740378539,0.012961414740378539
NVDA,2015-04-20,5.32442,-0.004865669971844443,0.004865669971844443
NVDA,2015-04-21,5.31682,-0.00142840520319361,0.00142840520319361
NVDA,2015-04-22,5.37675,0.01120872214668698,0.01120872214668698
NVDA,2015-04-23,5.35539,-0.0039805720395020994,0.0039805720395020994
NVDA,2015-04-24,5.30963,-0.008581377402699096,0.008581377402699096
NVDA,2015-04-27,5.35039,0.0076473024705521015,0.0076473024705521015
NVDA,2015-04-28,5.37605,0.004784448325530916,0.004784448325530916
NVDA,2015-04-29,5.33639,-0.007404509374572726,0.007404509374572726
NVDA,2015-04-30,5.34809,0.0021900934208490376,0.0021900934208490376
NVDA,2015-05-01,5.48302,0.024916556234300332,0.024916556234300332
NVDA,2015-05-04,5.44846,-0.006323044115687431,0.006323044115687431
NVDA,2015-05-05,5.30963,-0.02581084696097248,0.02581084696097248
NVDA,2015-05-06,5.32681,0.003230406967029674,0.003230406967029674
NVDA,2015-05-07,5.42019,0.017378310243901095,0.017378310243901095
NVDA,2015-05-08,5.01991,-0.07671886493161219,0.07671886493161219
NVDA,2015-05-11,4.97187,-0.00961597836938225,0.00961597836938225
NVDA,2015-05-12,5.01991,0.009615978369382203,0.009615978369382203
NVDA,2015-05-13,5.04886,0.005750469973249348,0.005750469973249348
NVDA,2015-05-14,5.13176,0.016286205036925256,0.016286205036925256
NVDA,2015-05-15,5.13426,0.00048704367406632483,0.00048704367406632483
NVDA,2015-05-18,5.12698,-0.0014189320630730387,0.0014189320630730387
NVDA,2015-05-19,5.0943,-0.006394524239011483,0.006394524239011483
NVDA,2015-05-20,5.0943,0.0,0.0
NVDA,2015-05-21,5.05786,-0.0071787986979991916,0.0071787986979991916
NVDA,2015-05-22,5.05026,-0.0015037418297603148,0.0015037418297603148
NVDA,2015-05-26,5.01881,-0.00624687330087664,0.00624687330087664
NVDA,2015-05-27,5.28776,0.052201861930704974,0.052201861930704974
NVDA,2015-05-28,5.36079,0.013716636541562141,0.013716636541562141
NVDA,2015-05-29,5.35839,-0.0004477954545224343,0.0004477954545224343
NVDA,2015-06-01,5.41839,0.011135166526251156,0.011135166526251156
NVDA,2015-06-02,5.31113,-0.019994104713365424,0.019994104713365424
NVDA,2015-06-03,5.25382,-0.010849187575472534,0.010849187575472534
NVDA,2015-06-04,5.34859,0.017877543705522154,0.017877543705522154
NVDA,2015-06-05,5.38964,0.007645617567554195,0.007645617567554195
NVDA,2015-06-08,5.26599,-0.023209430240065245,0.023209430240065245
NVDA,2015-06-09,5.29275,0.005068797469151348,0.005068797469151348
NVDA,2015-06-10,5.19807,-0.018050556720320673,0.018050556720320673
NVDA,2015-06-11,5.25382,0.010668028218158128,0.010668028218158128
NVDA,2015-06-12,5.11148,-0.02746644060324224,0.02746644060324224
NVDA,2015-06-15,5.10178,-0.0018994920165596033,0.0018994920165596033
NVDA,2015-06-16,5.16472,0.012261391621364505,0.012261391621364505
NVDA,2015-06-17,5.22463,0.011533091880046108,0.011533091880046108
NVDA,2015-06-18,5.31243,0.01666537574677787,0.01666537574677787
NVDA,2015-06-19,5.29524,-0.003241053887912074,0.003241053887912074
NVDA,2015-06-22,5.27097,-0.004593897467987123,0.004593897467987123
NVDA,2015-06-23,5.13875,-0.02540454710728624,0.02540454710728624
NVDA,2015-06-24,5.08681,-0.010158944194974547,0.010158944194974547
NVDA,2015-06-25,5.12628,0.0077293349031944516,0.0077293349031944516
NVDA,2015-06-26,5.0211,-0.02073121673260598,0.02073121673260598
NVDA,2015-06-29,4.87128,-0.030292296970221275,0.030292296970221275
NVDA,2015-06-30,4.86898,-0.0004722666628505262,0.0004722666628505262
NVDA,2015-07-01,4.9389,0.014258164767455632,0.014258164767455632
NVDA,2015-07-02,4.94359,0.0009491535740686347,0.0009491535740686347
NVDA,2015-07-06,4.88327,-0.012276710486429058,0.012276710486429058
NVDA,2015-07-07,4.7912,-0.019034175459472797,0.019034175459472797
NVDA,2015-07-08,4.75723,-0.007115335886490828,0.007115335886490828
NVDA,2015-07-09,4.6988,-0.012358409114030902,0.012358409114030902
NVDA,2015-07-10,4.78191,0.01753289131426533,0.01753289131426533
NVDA,2015-07-13,4.81265,0.006407819677474048,0.006407819677474048
NVDA,2015-07-14,4.81505,0.0004985614528316306,0.0004985614528316306
NVDA,2015-07-15,4.78191,-0.006906381130305701,0.006906381130305701
NVDA,2015-07-16,4.88827,0.021998409377786167,0.021998409377786167
NVDA,2015-07-17,4.859,-0.006005802235879557,0.006005802235879557
NVDA,2015-07-20,4.76972,-0.01854505245608438,0.01854505245608438
NVDA,2015-07-21,4.7912,0.004493299000433888,0.004493299000433888
NVDA,2015-07-22,4.6988,-0.019473745000521656,0.019473745000521656
NVDA,2015-07-23,4.75723,0.012358409114030825,0.012358409114030825
NVDA,2015-07-24,4.701,-0.011890314039631431,0.011890314039631431
NVDA,2015-07-27,4.67503,-0.005539672209633234,0.005539672209633234
NVDA,2015-07-28,4.77692,0.021560407522945416,0.021560407522945416
NVDA,2015-07-29,4.83473,0.012029297177861007,0.012029297177861007
NVDA,2015-07-30,4.84731,0.002598627371762869,0.002598627371762869
NVDA,2015-07-31,4.83003,-0.003571233079613294,0.003571233079613294
NVDA,2015-08-03,4.91224,0.016877370760770793,0.016877370760770793
NVDA,2015-08-04,4.93161,0.003935457163593774,0.003935457163593774
NVDA,2015-08-05,4.98244,0.010254224135108564,0.010254224135108564
NVDA,2015-08-06,4.95118,-0.006293798874719026,0.006293798874719026
NVDA,2015-08-07,5.56331,0.11656732285854797,0.11656732285854797
NVDA,2015-08-10,5.75727,0.03427014915209531,0.03427014915209531
NVDA,2015-08-11,5.72862,-0.004988739996455753,0.004988739996455753
NVDA,2015-08-12,5.74329,0.002557552839320624,0.002557552839320624
NVDA,2015-08-13,5.69415,-0.008592884835222915,0.008592884835222915
NVDA,2015-08-14,5.69904,0.0008584075750993215,0.0008584075750993215
NVDA,2015-08-17,5.66288,-0.006365142878184246,0.006365142878184246
NVDA,2015-08-18,5.61146,-0.009121661495339198,0.009121661495339198
NVDA,2015-08-19,5.58899,-0.004012344172813243,0.004012344172813243
NVDA,2015-08-20,5.38794,-0.03663546842846554,0.03663546842846554
NVDA,2015-08-21,5.21965,-0.03173277279047317,0.03173277279047317
NVDA,2015-08-24,5.03507,-0.0360029210830636,0.0360029210830636
NVDA,2015-08-25,4.93041,-0.02100527985827268,0.02100527985827268
NVDA,2015-08-26,5.30263,0.07278077499671518,0.07278077499671518
NVDA,2015-08-27,5.5019,0.03689056323463864,0.03689056323463864
NVDA,2015-08-28,5.52616,0.004399692989336673,0.004399692989336673
NVDA,2015-08-31,5.46542,-0.011052208743055413,0.011052208743055413
NVDA,2015-09-01,5.24162,-0.04181036051638338,0.04181036051638338
NVDA,2015-09-02,5.40042,0.029846117465377298,0.029846117465377298
NVDA,2015-09-03,5.41439,0.0025834957378209193,0.0025834957378209193
NVDA,2015-09-04,5.28796,-0.02362768583703761,0.02362768583703761
NVDA,2015-09-08,5.51398,0.041854147239832315,0.041854147239832315
NVDA,2015-09-09,5.40521,-0.019923382213702222,0.019923382213702222
NVDA,2015-09-10,5.48971,0.01551212756073504,0.01551212756073504
NVDA,2015-09-11,5.50698,0.0031409477212093182,0.0031409477212093182
NVDA,2015-09-14,5.51648,0.0017235971921468862,0.0017235971921468862
NVDA,2015-09-15,5.57679,0.01087336632094636,0.01087336632094636
NVDA,2015-09-16,5.61616,0.007034814300743633,0.007034814300743633
NVDA,2015-09-17,5.66707,0.009024072979602978,0.009024072979602978
NVDA,2015-09-18,5.66238,-0.0008279307941522772,0.0008279307941522772
NVDA,2015-09-21,5.72103,0.010304560579515004,0.010304560579515004
NVDA,2015-09-22,5.56491,-0.027668047021139362,0.027668047021139362
NVDA,2015-09-23,5.59149,0.004764986965648256,0.004764986965648256
NVDA,2015-09-24,5.69864,0.018981750824963547,0.018981750824963547
NVDA,2015-09-25,5.7406,0.00733618460475477,0.00733618460475477
NVDA,2015-09-28,5.66468,-0.013313328802970821,0.013313328802970821
NVDA,2015-09-29,5.76455,0.017476687750030688,0.017476687750030688
NVDA,2015-09-30,5.99328,0.038911748126932266,0.038911748126932266
NVDA,2015-10-01,5.87662,-0.019657074858855494,0.019657074858855494
NVDA,2015-10-02,6.02974,0.025722125364390586,0.025722125364390586
NVDA,2015-10-05,6.18034,0.024669394072607525,0.024669394072607525
NVDA,2015-10-06,6.26025,0.012846834279324027,0.012846834279324027
NVDA,2015-10-07,6.32606,0.01045748908811514,0.01045748908811514
NVDA,2015-10-08,6.36201,0.005666755653540203,0.005666755653540203
NVDA,2015-10-09,6.33774,-0.0038221271357308643,0.0038221271357308643
NVDA,2015-10-12,6.40625,0.010751838315938525,0.010751838315938525
NVDA,2015-10-13,6.41845,0.001902579191737419,0.001902579191737419
NVDA,2015-10-14,6.65155,0.035673254684556774,0.035673254684556774
NVDA,2015-10-15,6.66823,0.0025045471800780785,0.0025045471800780785
NVDA,2015-10-16,6.7737,0.015693009040200812,0.015693009040200812
NVDA,2015-10-19,6.76151,-0.0018012285433020585,0.0018012285433020585
NVDA,2015-10-20,6.75171,-0.001450431757651372,0.001450431757651372
NVDA,2015-10-21,6.66383,-0.013101411799232165,0.013101411799232165
NVDA,2015-10-22,6.90504,0.03555718541310045,0.03555718541310045
NVDA,2015-10-23,6.95057,0.006572090854024318,0.006572090854024318
NVDA,2015-10-26,6.91901,-0.00455097479100138,0.00455097479100138
NVDA,2015-10-27,6.91452,-0.0006491474204589592,0.0006491474204589592
NVDA,2015-10-28,6.97017,0.008016066328164172,0.008016066328164172
NVDA,2015-10-29,6.72996,-0.03507041461632848,0.03507041461632848
NVDA,2015-10-30,6.89754,0.024595626192528936,0.024595626192528936
NVDA,2015-11-02,6.97733,0.011501495809203746,0.011501495809203746
NVDA,2015-11-03,6.92899,-0.0069522626697976955,0.0069522626697976955
NVDA,2015-11-04,6.81584,-0.016464744361416435,0.016464744361416435
NVDA,2015-11-05,6.73744,-0.011569284257959516,0.011569284257959516
NVDA,2015-11-06,7.67079,0.1297395779562538,0.1297395779562538
NVDA,2015-11-09,7.63661,-0.004465821342081462,0.004465821342081462
NVDA,2015-11-10,7.49058,-0.01930755631612075,0.01930755631612075
NVDA,2015-11-11,7.41748,-0.00980685426023087,0.00980685426023087
NVDA,2015-11-12,7.39071,-0.0036155707297422825,0.0036155707297422825
NVDA,2015-11-13,7.24531,-0.019869443136202484,0.019869443136202484
NVDA,2015-11-16,7.39071,0.01986944313620255,0.01986944313620255
NVDA,2015-11-17,7.39071,0.0,0.0
NVDA,2015-11-18,7.57309,0.02437736826375525,0.02437736826375525
NVDA,2015-11-19,7.59475,0.0028560447266543407,0.0028560447266543407
NVDA,2015-11-20,7.66079,0.00865789248029375,0.00865789248029375
NVDA,2015-11-23,7.54614,-0.015078937348198289,0.015078937348198289
NVDA,2015-11-24,7.60724,0.008064251160025624,0.008064251160025624
NVDA,2015-11-25,7.59725,-0.0013140856993663248,0.0013140856993663248
NVDA,2015-11-27,7.66079,0.0083287718875388,0.0083287718875388
NVDA,2015-11-30,7.74108,0.01042610115735997,0.01042610115735997
NVDA,2015-12-01,7.99235,0.03194362142985577,0.03194362142985577
NVDA,2015-12-02,7.93124,-0.007675442536663521,0.007675442536663521
NVDA,2015-12-03,7.91527,-0.00201558644857808,0.00201558644857808
NVDA,2015-12-04,8.23666,0.03980111674728564,0.03980111674728564
NVDA,2015-12-07,8.08035,-0.019159733516629973,0.019159733516629973
NVDA,2015-12-08,8.19002,0.013481151437898232,0.013481151437898232
NVDA,2015-12-09,7.98258,-0.02565467238490113,0.02565467238490113
NVDA,2015-12-10,8.0488,0.008261344516166532,0.008261344516166532
NVDA,2015-12-11,7.92894,-0.015003654892605158,0.015003654892605158
NVDA,2015-12-14,7.94843,0.0024550677838247902,0.0024550677838247902
NVDA,2015-12-15,8.0463,0.012237933553337308,0.012237933553337308
NVDA,2015-12-16,8.09493,0.006025581338793023,0.006025581338793023
NVDA,2015-12-17,7.97289,-0.015190902917270509,0.015190902917270509
NVDA,2015-12-18,7.84365,-0.016342749614979345,0.016342749614979345
NVDA,2015-12-21,8.02911,0.023369400198175107,0.023369400198175107
NVDA,2015-12-22,8.0363,0.000895090816860066,0.000895090816860066
NVDA,2015-12-23,8.06846,0.003993855574172183,0.003993855574172183
NVDA,2015-12-24,8.09493,0.0032753059430426167,0.0032753059430426167
NVDA,2015-12-28,8.08764,-0.0009009694372568247,0.0009009694372568247
NVDA,2015-12-29,8.21938,0.0161578100908692,0.0161578100908692
NVDA,2015-12-30,8.14888,-0.008614285936226897,0.008614285936226897
NVDA,2015-12-31,8.0438,-0.012978886147242878,0.012978886147242878
NVDA,2016-01-04,7.90039,-0.017989483006127585,0.017989483006127585
NVDA,2016-01-05,8.02652,0.015838933837249918,0.015838933837249918
NVDA,2016-01-06,7.69513,-0.042163397945109996,0.042163397945109996
NVDA,2016-01-07,7.38952,-0.0405248810233131,0.0405248810233131
NVDA,2016-01-08,7.23131,-0.021642570965811608,0.021642570965811608
NVDA,2016-01-11,7.24361,0.001699491667032343,0.001699491667032343
NVDA,2016-01-12,7.36534,0.01666551222650284,0.01666551222650284
NVDA,2016-01-13,7.14103,-0.030928189489186627,0.030928189489186627
NVDA,2016-01-14,6.99681,-0.020402692750146133,0.020402692750146133
NVDA,2016-01-15,6.6159,-0.055978488166161945,0.055978488166161945
NVDA,2016-01-19,6.66923,0.008028568250574799,0.008028568250574799
NVDA,2016-01-20,6.70619,0.005526569494236636,0.005526569494236636
NVDA,2016-01-21,6.78487,0.011664152712773582,0.011664152712773582
NVDA,2016-01-22,6.94288,0.023021540835076213,0.023021540835076213
NVDA,2016-01-25,6.93588,-0.0010087357362716812,0.0010087357362716812
NVDA,2016-01-26,7.0043,0.00981630788284644,0.00981630788284644
NVDA,2016-01-27,6.92101,-0.011962533436770055,0.011962533436770055
NVDA,2016-01-28,6.84641,-0.010837285435601083,0.010837285435601083
NVDA,2016-01-29,7.14822,0.04313894736251969,0.04313894736251969
NVDA,2016-02-01,7.15082,0.000363660781234746,0.000363660781234746
NVDA,2016-02-02,6.84881,-0.043152120889870485,0.043152120889870485
NVDA,2016-02-03,6.88206,0.004843111178225686,0.004843111178225686
NVDA,2016-02-04,6.88455,0.00036174483437135396,0.00036174483437135396
NVDA,2016-02-05,6.4502,-0.06516863248858165,0.06516863248858165
NVDA,2016-02-08,6.15536,-0.04678789111958238,0.04678789111958238
NVDA,2016-02-09,6.22029,0.010493282499138697,0.010493282499138697
NVDA,2016-02-10,6.20661,-0.0022016762870886736,0.0022016762870886736
NVDA,2016-02-11,6.17434,-0.005212858960759783,0.005212858960759783
NVDA,2016-02-12,6.27951,0.01688995774765778,0.01688995774765778
NVDA,2016-02-16,6.58663,0.04774988487624366,0.04774988487624366
NVDA,2016-02-17,6.75061,0.024591034337154826,0.024591034337154826
NVDA,2016-02-18,7.3308,0.08245177928993154,0.08245177928993154
NVDA,2016-02-19,7.42848,0.013236611296481704,0.013236611296481704
NVDA,2016-02-22,7.69273,0.0349544652615387,0.0349544652615387
NVDA,2016-02-23,7.71192,0.0024914567908518397,0.0024914567908518397
NVDA,2016-02-24,7.76576,0.006957143081230152,0.006957143081230152
NVDA,2016-02-25,7.78293,0.002208547083921245,0.002208547083921245
NVDA,2016-02-26,7.73139,-0.00664420865430388,0.00664420865430388
NVDA,2016-02-29,7.68114,-0.006520691677478703,0.006520691677478703
NVDA,2016-03-01,8.02132,0.04333502322007032,0.04333502322007032
NVDA,2016-03-02,8.06846,0.005859636972115839,0.005859636972115839
NVDA,2016-03-03,7.99715,-0.008877405628281765,0.008877405628281765
NVDA,2016-03-04,7.97259,-0.0030758195641039446,0.0030758195641039446
NVDA,2016-03-07,7.92124,-0.0064616494158487945,0.0064616494158487945
NVDA,2016-03-08,7.77694,-0.01838481460195187,0.01838481460195187
NVDA,2016-03-09,7.77196,-0.0006405598042666579,0.0006405598042666579
NVDA,2016-03-10,7.75976,-0.0015709789397578132,0.0015709789397578132
NVDA,2016-03-11,7.89259,0.01697293873410823,0.01697293873410823
NVDA,2016-03-14,7.91227,0.002490374501415712,0.002490374501415712
NVDA,2016-03-15,7.87261,-0.0050250725321561145,0.0050250725321561145
NVDA,2016-03-16,8.10731,0.029376477248596527,0.029376477248596527
NVDA,2016-03-17,8.0388,-0.008486305513679624,0.008486305513679624
NVDA,2016-03-18,8.2818,0.02978051775536545,0.02978051775536545
NVDA,2016-03-21,8.30627,0.00295031522650149,0.00295031522650149
NVDA,2016-03-22,8.29159,-0.0017689031993079695,0.0017689031993079695
NVDA,2016-03-23,8.43341,0.01695944983048943,0.01695944983048943
NVDA,2016-03-24,8.4458,0.0014680784497970276,0.0014680784497970276
NVDA,2016-03-28,8.53179,0.010129910702447306,0.010129910702447306
NVDA,2016-03-29,8.66822,0.015864276977309483,0.015864276977309483
NVDA,2016-03-30,8.75911,0.010430837550652328,0.010430837550652328
NVDA,2016-03-31,8.72744,-0.003622216460885945,0.003622216460885945
NVDA,2016-04-01,8.85448,0.0144514604732172,0.0144514604732172
NVDA,2016-04-04,8.76919,-0.009679103826326751,0.009679103826326751
NVDA,2016-04-05,8.75671,-0.0014241781716675759,0.0014241781716675759
NVDA,2016-04-06,8.76919,0.0014241781716675585,0.0014241781716675585
NVDA,2016-04-07,8.678,-0.010453354423185453,0.010453354423185453
NVDA,2016-04-08,8.73493,0.0065388424399144265,0.0065388424399144265
NVDA,2016-04-11,8.78898,0.006168734192108308,0.006168734192108308
NVDA,2016-04-12,8.77898,-0.0011384362305049353,0.0011384362305049353
NVDA,2016-04-13,8.99941,0.02479879185412758,0.02479879185412758
NVDA,2016-04-14,9.02359,0.002683239694562166,0.002683239694562166
NVDA,2016-04-15,9.09398,0.007770396821779802,0.007770396821779802
NVDA,2016-04-18,9.05452,-0.004348575604895745,0.004348575604895745
NVDA,2016-04-19,8.89394,-0.01789393459848134,0.01789393459848134
NVDA,2016-04-20,8.92838,0.0038648215124334226,0.0038648215124334226
NVDA,2016-04-21,8.91861,-0.0010948626043901183,0.0010948626043901183
NVDA,2016-04-22,8.88385,-0.0039050832495298913,0.0039050832495298913
NVDA,2016-04-25,8.92838,0.004999945853920039,0.004999945853920039
NVDA,2016-04-26,8.93567,0.0008161643529514089,0.0008161643529514089
NVDA,2016-04-27,9.13813,0.022404637537458996,0.022404637537458996
NVDA,2016-04-28,8.86665,-0.030158721929083893,0.030158721929083893
NVDA,2016-04-29,8.70276,-0.018656830689086842,0.018656830689086842
NVDA,2016-05-02,8.81792,0.013145797813142663,0.013145797813142663
NVDA,2016-05-03,8.71266,-0.012008874205628014,0.012008874205628014
NVDA,2016-05-04,8.51431,-0.023028862976040478,0.023028862976040478
NVDA,2016-05-05,8.56245,0.005638086794319655,0.005638086794319655
NVDA,2016-05-06,8.65324,0.010547453130031125,0.010547453130031125
NVDA,2016-05-09,8.64105,-0.0014097140754271609,0.0014097140754271609
NVDA,2016-05-10,8.80795,0.01913061953684269,0.01913061953684269
NVDA,2016-05-11,8.83271,0.0028071530497485258,0.0028071530497485258
NVDA,2016-05-12,8.71266,-0.013684735459474396,0.013684735459474396
NVDA,2016-05-13,10.0384,0.14164059867726522,0.14164059867726522
NVDA,2016-05-16,10.3339,0.029012014008904925,0.029012014008904925
NVDA,2016-05-17,10.3558,0.002116996203816772,0.002116996203816772
NVDA,2016-05-18,10.6207,0.02525817778565647,0.02525817778565647
NVDA,2016-05-19,10.6666,0.00431243709948556,0.00431243709948556
NVDA,2016-05-20,10.8594,0.017913700248658185,0.017913700248658185
NVDA,2016-05-23,10.8764,0.001564239960467625,0.001564239960467625
NVDA,2016-05-24,11.1389,0.023848182034984663,0.023848182034984663
NVDA,2016-05-25,11.0922,-0.004201327751878301,0.004201327751878301
NVDA,2016-05-26,11.2099,0.010555157833360659,0.010555157833360659
NVDA,2016-05-27,11.2718,0.0055067149210917335,0.0055067149210917335
NVDA,2016-05-31,11.4728,0.017674985074095234,0.017674985074095234
NVDA,2016-06-01,11.4957,0.0019940359699480267,0.0019940359699480267
NVDA,2016-06-02,11.5765,0.0070041288063024875,0.0070041288063024875
NVDA,2016-06-03,11.4118,-0.01432927342328144,0.01432927342328144
NVDA,2016-06-06,11.3558,-0.004919281165353135,0.004919281165353135
NVDA,2016-06-07,11.3778,0.0019354617717993801,0.0019354617717993801
NVDA,2016-06-08,11.3408,-0.003257245843765416,0.003257245843765416
NVDA,2016-06-09,11.6353,0.025636738144925574,0.025636738144925574
NVDA,2016-06-10,11.3458,-0.025195949302088096,0.025195949302088096
NVDA,2016-06-13,11.4897,0.012603350467873885,0.012603350467873885
NVDA,2016-06-14,11.5127,0.001999791992581071,0.001999791992581071
NVDA,2016-06-15,11.6313,0.010248966311481738,0.010248966311481738
NVDA,2016-06-16,11.6773,0.003947046130625658,0.003947046130625658
NVDA,2016-06-17,11.4728,-0.017667769861049624,0.017667769861049624
NVDA,2016-06-20,11.6793,0.017839027664401694,0.017839027664401694
NVDA,2016-06-21,11.6083,-0.00609768460398918,0.00609768460398918
NVDA,2016-06-22,11.5994,-0.0007669868566295124,0.0007669868566295124
NVDA,2016-06-23,11.9092,0.026357838029520676,0.026357838029520676
NVDA,2016-06-24,11.2279,-0.05890945851185896,0.05890945851185896
NVDA,2016-06-27,11.11,-0.010556148502771645,0.010556148502771645
NVDA,2016-06-28,11.2698,0.014280978013753762,0.014280978013753762
NVDA,2016-06-29,11.4478,0.015670990135760867,0.015670990135760867
NVDA,2016-06-30,11.5445,0.008411561275867877,0.008411561275867877
NVDA,2016-07-01,11.4578,-0.0075384122961141215,0.0075384122961141215
NVDA,2016-07-05,11.6283,0.014771061376615161,0.014771061376615161
NVDA,2016-07-06,11.7043,0.006514513494374627,0.006514513494374627
NVDA,2016-07-07,12.0069,0.025525188887045996,0.025525188887045996
NVDA,2016-07-08,12.4874,0.03923865139575688,0.03923865139575688
NVDA,2016-07-11,12.7749,0.0227621723358816,0.0227621723358816
NVDA,2016-07-12,12.9668,0.014909936409291911,0.014909936409291911
NVDA,2016-07-13,12.9618,-0.00038567451092435943,0.00038567451092435943
NVDA,2016-07-14,13.0934,0.010101716286038733,0.010101716286038733
NVDA,2016-07-15,12.9429,-0.011560911208471282,0.011560911208471282
NVDA,2016-07-18,13.0087,0.005070989149299233,0.005070989149299233
NVDA,2016-07-19,13.1434,0.010301367092836505,0.010301367092836505
NVDA,2016-07-20,13.3162,0.013061607636817503,0.013061607636817503
NVDA,2016-07-21,13.0696,-0.01869241639520784,0.01869241639520784
NVDA,2016-07-22,13.4252,0.02684461513294225,0.02684461513294225
NVDA,2016-07-25,13.6749,0.018428497803943913,0.018428497803943913
NVDA,2016-07-26,13.9076,0.016873417639323773,0.016873417639323773
NVDA,2016-07-27,13.7679,-0.010095657642569512,0.010095657642569512
NVDA,2016-07-28,13.7979,0.002176611006688752,0.002176611006688752
NVDA,2016-07-29,14.0232,0.016196694255709028,0.016196694255709028
NVDA,2016-08-01,13.9326,-0.00648168302763644,0.00648168302763644
NVDA,2016-08-02,13.7629,-0.012254851785299017,0.012254851785299017
NVDA,2016-08-03,13.7999,0.0026847796468277103,0.0026847796468277103
NVDA,2016-08-04,14.0552,0.018331088308614994,0.018331088308614994
NVDA,2016-08-05,14.2919,0.016700509146622765,0.016700509146622765
NVDA,2016-08-08,14.4247,0.009249071735531222,0.009249071735531222
NVDA,2016-08-09,14.4617,0.0025617605679306003,0.0025617605679306003
NVDA,2016-08-10,14.3689,-0.006437626722482752,0.006437626722482752
NVDA,2016-08-11,14.6605,0.020090653492591055,0.020090653492591055
NVDA,2016-08-12,15.4805,0.05442436509265721,0.05442436509265721
NVDA,2016-08-15,15.4655,-0.000969430697004066,0.000969430697004066
NVDA,2016-08-16,15.3716,-0.006090085658013659,0.006090085658013659
NVDA,2016-08-17,15.0171,-0.023332099230903784,0.023332099230903784
NVDA,2016-08-18,15.2489,0.015317817508667132,0.015317817508667132
NVDA,2016-08-19,15.2889,0.0026197056026423995,0.0026197056026423995
NVDA,2016-08-22,15.3528,0.004170792914954616,0.004170792914954616
NVDA,2016-08-23,15.4765,0.008024876584416722,0.008024876584416722
NVDA,2016-08-24,15.2389,-0.01547137523049898,0.01547137523049898
NVDA,2016-08-25,15.138,-0.006643230288842544,0.006643230288842544
NVDA,2016-08-26,15.2599,0.008020333867916219,0.008020333867916219
NVDA,2016-08-29,15.2499,-0.000655527100020075,0.000655527100020075
NVDA,2016-08-30,15.162,-0.005780648020759498,0.005780648020759498
NVDA,2016-08-31,15.091,-0.004693757997698869,0.004693757997698869
NVDA,2016-09-01,15.5365,0.029093554710852773,0.029093554710852773
NVDA,2016-09-02,15.3826,-0.009955093842015716,0.009955093842015716
NVDA,2016-09-06,15.5285,0.009440044740013368,0.009440044740013368
NVDA,2016-09-07,15.3018,-0.0147065767079231,0.0147065767079231
NVDA,2016-09-08,15.4106,0.00708511579270938,0.00708511579270938
NVDA,2016-09-09,14.6436,-0.051052204386393095,0.051052204386393095
NVDA,2016-09-12,14.9484,0.02060089075425309,0.02060089075425309
NVDA,2016-09-13,14.7335,-0.014480458129155587,0.014480458129155587
NVDA,2016-09-14,14.8595,0.00851557877926814,0.00851557877926814
NVDA,2016-09-15,15.4226,0.03719457476568103,0.03719457476568103
NVDA,2016-09-16,15.4595,0.0023897349960535995,0.0023897349960535995
NVDA,2016-09-19,15.6633,0.013096695222228541,0.013096695222228541
NVDA,2016-09-20,15.5215,-0.009094236762637585,0.009094236762637585
NVDA,2016-09-21,15.957,0.027671444858942063,0.027671444858942063
NVDA,2016-09-22,15.9968,0.0024910978088238315,0.0024910978088238315
NVDA,2016-09-23,15.9789,-0.0011196003133512144,0.0011196003133512144
NVDA,2016-09-26,15.8282,-0.009475942645187863,0.009475942645187863
NVDA,2016-09-27,16.3704,0.03368166674790721,0.03368166674790721
NVDA,2016-09-28,16.4293,0.0035915001242058636,0.0035915001242058636
NVDA,2016-09-29,16.5812,0.009203197294475449,0.009203197294475449
NVDA,2016-09-30,16.8588,0.01660325221830558,0.01660325221830558
NVDA,2016-10-03,16.8408,-0.0010682620394172537,0.0010682620394172537
NVDA,2016-10-04,16.8028,-0.002258974435517567,0.002258974435517567
NVDA,2016-10-05,16.7858,-0.0010122482896927265,0.0010122482896927265
NVDA,2016-10-06,16.5662,-0.013168815875206854,0.013168815875206854
NVDA,2016-10-07,16.4473,-0.00720314502227178,0.00720314502227178
NVDA,2016-10-10,16.5052,0.0035141527705160906,0.0035141527705160906
NVDA,2016-10-11,16.2686,-0.014438613184264554,0.014438613184264554
NVDA,2016-10-12,16.3424,0.004526087883573634,0.004526087883573634
NVDA,2016-10-13,16.0778,-0.016323519000917316,0.016323519000917316
NVDA,2016-10-14,16.2346,0.009705328653512948,0.009705328653512948
NVDA,2016-10-17,16.1418,-0.005732586336769082,0.005732586336769082
NVDA,2016-10-18,16.3873,0.01509446380422565,0.01509446380422565
NVDA,2016-10-19,16.3534,-0.0020708177964678513,0.0020708177964678513
NVDA,2016-10-20,16.663,0.018754865761714333,0.018754865761714333
NVDA,2016-10-21,16.6161,-0.0028185877051664938,0.0028185877051664938
NVDA,2016-10-24,17.3961,0.045873938315468835,0.045873938315468835
NVDA,2016-10-25,17.6838,0.016402923074805006,0.016402923074805006
NVDA,2016-10-26,17.7537,0.003944978661226835,0.003944978661226835
NVDA,2016-10-27,17.3891,-0.020750371757448566,0.020750371757448566
NVDA,2016-10-28,17.3603,-0.0016575829564939857,0.0016575829564939857
NVDA,2016-10-31,17.5071,0.008420522746517644,0.008420522746517644
NVDA,2016-11-01,16.9886,-0.03006398205933366,0.03006398205933366
NVDA,2016-11-02,16.9167,-0.004241231180866844,0.004241231180866844
NVDA,2016-11-03,16.719,-0.011755502439686339,0.011755502439686339
NVDA,2016-11-04,16.6231,-0.0057525029589867134,0.0057525029589867134
NVDA,2016-11-07,17.5341,0.05335426205880962,0.05335426205880962
NVDA,2016-11-08,17.5071,-0.0015410434199359551,0.0015410434199359551
NVDA,2016-11-09,17.2125,-0.016970648880622767,0.016970648880622767
NVDA,2016-11-10,16.673,-0.03184521947645138,0.03184521947645138
NVDA,2016-11-11,21.6419,0.2608406059154179,0.2608406059154179
NVDA,2016-11-14,20.5761,-0.05050104241923646,0.05050104241923646
NVDA,2016-11-15,21.2044,0.030078499238340772,0.030078499238340772
NVDA,2016-11-16,22.5436,0.06124250460587163,0.06124250460587163
NVDA,2016-11-17,22.7303,0.008247624274828124,0.008247624274828124
NVDA,2016-11-18,22.9691,0.010450998198706027,0.010450998198706027
NVDA,2016-11-21,22.8762,-0.004052765590197211,0.004052765590197211
NVDA,2016-11-22,23.04,0.007134767025637965,0.007134767025637965
NVDA,2016-11-23,23.155,0.004978904105024991,0.004978904105024991
NVDA,2016-11-25,23.201,0.0019846412588977974,0.0019846412588977974
NVDA,2016-11-28,23.189,-0.0005173528893146981,0.0005173528893146981
NVDA,2016-11-29,22.9761,-0.009223483078268407,0.009223483078268407
NVDA,2016-11-30,22.7173,-0.011327796461046374,0.011327796461046374
NVDA,2016-12-01,21.5929,-0.05076219181147179,0.05076219181147179
NVDA,2016-12-02,21.7926,0.009205905676210458,0.009205905676210458
NVDA,2016-12-05,22.6386,0.03808595133941535,0.03808595133941535
NVDA,2016-12-06,23.0111,0.016320294239542555,0.016320294239542555
NVDA,2016-12-07,23.4255,0.017848464407193117,0.017848464407193117
NVDA,2016-12-08,23.0301,-0.017023116628309496,0.017023116628309496
NVDA,2016-12-09,22.6236,-0.017808446767162874,0.017808446767162874
NVDA,2016-12-12,22.0742,-0.024584103475665038,0.024584103475665038
NVDA,2016-12-13,22.4637,0.017491167310635377,0.017491167310635377
NVDA,2016-12-14,23.7651,0.05631744487246304,0.05631744487246304
NVDA,2016-12-15,24.3247,0.023274177079432277,0.023274177079432277
NVDA,2016-12-16,24.7419,0.017005867716753664,0.017005867716753664
NVDA,2016-12-19,25.0435,0.012116150099900039,0.012116150099900039
NVDA,2016-12-20,25.9145,0.03418834478835751,0.03418834478835751
NVDA,2016-12-21,26.0743,0.006147497278623916,0.006147497278623916
NVDA,2016-12-22,26.3899,0.012031206305017446,0.012031206305017446
NVDA,2016-12-23,27.0371,0.02422863570860037,0.02422863570860037
NVDA,2016-12-27,28.9107,0.06700177190766406,0.06700177190766406
NVDA,2016-12-28,26.9171,-0.07144999643390837,0.07144999643390837
NVDA,2016-12-29,27.4545,0.019768316569714346,0.019768316569714346
NVDA,2016-12-30,26.301,-0.04292312767143129,0.04292312767143129
NVDA,2017-01-03,25.1364,-0.04528996645697449,0.04528996645697449
NVDA,2017-01-04,25.7217,0.02301799879057977,0.02301799879057977
NVDA,2017-01-05,25.0694,-0.025687014711994405,0.025687014711994405
NVDA,2017-01-06,25.4011,0.013144501277211305,0.013144501277211305
NVDA,2017-01-09,26.4298,0.03969968125565447,0.03969968125565447
NVDA,2017-01-10,26.234,-0.007435882036080795,0.007435882036080795
NVDA,2017-01-11,25.9115,-0.012369393789134252,0.012369393789134252
NVDA,2017-01-12,25.4851,-0.016592917942722864,0.016592917942722864
NVDA,2017-01-13,25.4821,-0.00011772277085912768,0.00011772277085912768
NVDA,2017-01-17,24.9166,-0.02244199687641539,0.02244199687641539
NVDA,2017-01-18,25.3632,0.017765056560101633,0.017765056560101633
NVDA,2017-01-19,25.9115,0.021387581029895544,0.021387581029895544
NVDA,2017-01-20,25.6277,-0.011013087842180592,0.011013087842180592
NVDA,2017-01-23,25.8945,0.01035679318093707,0.01035679318093707
NVDA,2017-01-24,26.4428,0.020953318585169946,0.020953318585169946
NVDA,2017-01-25,26.5578,0.004339580324481903,0.004339580324481903
NVDA,2017-01-26,27.0151,0.01707247908418271,0.01707247908418271
NVDA,2017-01-27,27.5384,0.01918542536338409,0.01918542536338409
NVDA,2017-01-30,27.105,-0.015863181587493728,0.015863181587493728
NVDA,2017-01-31,26.8991,-0.007625383913284968,0.007625383913284968
NVDA,2017-02-01,28.0807,0.04298967882280592,0.04298967882280592
NVDA,2017-02-02,28.4364,0.012587507022523946,0.012587507022523946
NVDA,2017-02-03,28.1876,-0.0087878497159018,0.0087878497159018
NVDA,2017-02-06,28.9107,0.02532960388173895,0.02532960388173895
NVDA,2017-02-07,29.3572,0.015326062540917645,0.015326062540917645
NVDA,2017-02-08,29.2302,-0.004335409966031472,0.004335409966031472
NVDA,2017-02-09,28.681,-0.01896753875802043,0.01896753875802043
NVDA,2017-02-10,27.9978,-0.024108946967313007,0.024108946967313007
NVDA,2017-02-13,26.6995,-0.047481097020637415,0.047481097020637415
NVDA,2017-02-14,26.7991,0.0037234662242689696,0.0037234662242689696
NVDA,2017-02-15,26.8551,0.002087442188481086,0.002087442188481086
NVDA,2017-02-16,26.4198,-0.01634201800903247,0.01634201800903247
NVDA,2017-02-17,26.4178,-7.570366560758106e-05,7.570366560758106e-05
NVDA,2017-02-21,27.3647,0.03521583624975443,0.03521583624975443
NVDA,2017-02-22,27.3217,-0.0015726033844566376,0.0015726033844566376
NVDA,2017-02-23,24.7949,-0.09704327138072597,0.09704327138072597
NVDA,2017-02-24,25.0195,0.009017533964511819,0.009017533964511819
NVDA,2017-02-27,25.7595,0.02914797028359695,0.02914797028359695
NVDA,2017-02-28,25.0395,-0.028348913128473978,0.028348913128473978
NVDA,2017-03-01,25.3532,0.01245037683071211,0.01245037683071211
NVDA,2017-03-02,24.4244,-0.03732232217988778,0.03732232217988778
NVDA,2017-03-03,24.2837,-0.005777289253571381,0.005777289253571381
NVDA,2017-03-06,24.0957,-0.007771942037892755,0.007771942037892755
NVDA,2017-03-07,24.3606,0.010933671739465883,0.010933671739465883
NVDA,2017-03-08,24.3147,-0.001885967363531018,0.001885967363531018
NVDA,2017-03-09,24.3107,-0.0001645230685616887,0.0001645230685616887
NVDA,2017-03-10,24.4493,0.005685003006039408,0.005685003006039408
NVDA,2017-03-13,25.1294,0.02743688977067716,0.02743688977067716
NVDA,2017-03-14,25.1114,-0.0007165491301955111,0.0007165491301955111
NVDA,2017-03-15,25.3012,0.007529899144037987,0.007529899144037987
NVDA,2017-03-16,25.6097,0.012119360529963792,0.012119360529963792
NVDA,2017-03-17,26.1672,0.021535532109473,0.021535532109473
NVDA,2017-03-20,26.9991,0.03129681403728305,0.03129681403728305
NVDA,2017-03-21,26.1272,-0.03282661484964427,0.03282661484964427
NVDA,2017-03-22,26.6626,0.020284917110681058,0.020284917110681058
NVDA,2017-03-23,26.4178,-0.00922380899925585,0.00922380899925585
NVDA,2017-03-24,26.5128,0.003589609866829104,0.003589609866829104
NVDA,2017-03-27,26.7025,0.007129558737675572,0.007129558737675572
NVDA,2017-03-28,26.5677,-0.005061001750605184,0.005061001750605184
NVDA,2017-03-29,26.4798,-0.003314014060914538,0.003314014060914538
NVDA,2017-03-30,26.9871,0.018976795884187703,0.018976795884187703
NVDA,2017-03-31,26.8721,-0.0042704004056755285,0.0042704004056755285
NVDA,2017-04-03,26.7353,-0.005103784065410588,0.005103784065410588
NVDA,2017-04-04,24.8667,-0.07245523056001456,0.07245523056001456
NVDA,2017-04-05,24.679,-0.007576879445569716,0.007576879445569716
NVDA,2017-04-06,24.8617,0.007375787111336131,0.007375787111336131
NVDA,2017-04-07,24.7549,-0.004305017471782,0.004305017471782
NVDA,2017-04-10,24.1207,-0.025953056220525444,0.025953056220525444
NVDA,2017-04-11,24.2077,0.003600371374983109,0.003600371374983109
NVDA,2017-04-12,24.0069,-0.008329475343982502,0.008329475343982502
NVDA,2017-04-13,23.5585,-0.018854599503796202,0.018854599503796202
NVDA,2017-04-17,24.4812,0.03841878652660273,0.03841878652660273
NVDA,2017-04-18,24.4962,0.0006125274297527896,0.0006125274297527896
NVDA,2017-04-19,24.5931,0.003947912309077806,0.003947912309077806
NVDA,2017-04-20,24.9836,0.01575369381667666,0.01575369381667666
NVDA,2017-04-21,25.0864,0.004106257017994685,0.004106257017994685
NVDA,2017-04-24,25.3961,0.012269752304375084,0.012269752304375084
NVDA,2017-04-25,25.8415,0.017386107836771685,0.017386107836771685
NVDA,2017-04-26,25.6617,-0.006982118797925191,0.006982118797925191
NVDA,2017-04-27,26.0594,0.015378939673125992,0.015378939673125992
NVDA,2017-04-28,25.7316,-0.012658739059348315,0.012658739059348315
NVDA,2017-05-01,26.309,0.022191277386977376,0.022191277386977376
NVDA,2017-05-02,25.5281,-0.03013127973244155,0.03013127973244155
NVDA,2017-05-03,25.7197,0.007477428991158593,0.007477428991158593
NVDA,2017-05-04,25.6197,-0.0038956484285859252,0.0038956484285859252
NVDA,2017-05-05,25.6217,7.806187969164021e-05,7.806187969164021e-05
NVDA,2017-05-08,25.3512,-0.010613582482923408,0.010613582482923408
NVDA,2017-05-09,25.3931,0.00165141738175144,0.00165141738175144
NVDA,2017-05-10,29.9214,0.16409645987876478,0.16409645987876478
NVDA,2017-05-11,31.2088,0.04212616287306151,0.04212616287306151
NVDA,2017-05-12,31.5502,0.01087982178284264,0.01087982178284264
NVDA,2017-05-15,33.1364,0.049052447932084776,0.049052447932084776
NVDA,2017-05-16,33.7587,0.018605785833903644,0.018605785833903644
NVDA,2017-05-17,31.5082,-0.06899033246214004,0.06899033246214004
NVDA,2017-05-18,32.8268,0.040997425523069744,0.040997425523069744
NVDA,2017-05-19,33.5917,0.023033757705964608,0.023033757705964608
NVDA,2017-05-22,34.3009,0.020892580250483135,0.020892580250483135
NVDA,2017-05-23,33.8433,-0.013430545180737158,0.013430545180737158
NVDA,2017-05-24,34.2181,0.011013696122695031,0.011013696122695031
NVDA,2017-05-25,34.1412,-0.0022498777032141015,0.0022498777032141015
NVDA,2017-05-26,35.03,0.025699971075940364,0.025699971075940364
NVDA,2017-05-30,35.7791,0.02115908683765719,0.02115908683765719
NVDA,2017-05-31,35.6493,-0.0036344127231421456,0.0036344127231421456
NVDA,2017-06-01,35.6513,5.610050968791833e-05,5.610050968791833e-05
NVDA,2017-06-02,35.4735,-0.004999672979553109,0.004999672979553109
NVDA,2017-06-05,36.5551,0.030034772491376885,0.030034772491376885
NVDA,2017-06-06,36.3903,-0.00451845573225208,0.00451845573225208
NVDA,2017-06-07,36.8298,0.012005044473371118,0.012005044473371118
NVDA,2017-06-08,39.5003,0.0700009667284026,0.0700009667284026
NVDA,2017-06-09,36.9497,-0.06675073853353046,0.06675073853353046
NVDA,2017-06-12,37.0415,0.0024813774368528147,0.0024813774368528147
NVDA,2017-06-13,37.3939,0.009468683795428928,0.009468683795428928
NVDA,2017-06-14,37.4739,0.002137101142226735,0.002137101142226735
NVDA,2017-06-15,37.6337,0.004255234919638663,0.004255234919638663
NVDA,2017-06-16,37.4479,-0.004949291950935955,0.004949291950935955
NVDA,2017-06-19,38.8483,0.036713684187862465,0.036713684187862465
NVDA,2017-06-20,38.7934,-0.0014141887452150104,0.0014141887452150104
NVDA,2017-06-21,39.3826,0.01507396532637373,0.01507396532637373
NVDA,2017-06-22,39.1081,-0.006994487731908989,0.006994487731908989
NVDA,2017-06-23,37.9934,-0.02891714623072661,0.02891714623072661
NVDA,2017-06-26,37.5777,-0.01100167108608629,0.01100167108608629
NVDA,2017-06-27,36.2004,-0.03734062085048935,0.03734062085048935
NVDA,2017-06-28,37.4809,0.03476130139431432,0.03476130139431432
NVDA,2017-06-29,36.2254,-0.034070939644967664,0.034070939644967664
NVDA,2017-06-30,35.7012,-0.01457622857772882,0.01457622857772882
NVDA,2017-07-03,34.4079,-0.036898112489700735,0.036898112489700735
NVDA,2017-07-05,35.3316,0.026491558460517733,0.026491558460517733
NVDA,2017-07-06,35.4365,0.0029646147580613055,0.0029646147580613055
NVDA,2017-07-07,36.2453,0.02256735532738092,0.02256735532738092
NVDA,2017-07-10,37.9605,0.046236427692415975,0.046236427692415975
NVDA,2017-07-11,38.4937,0.013948446125484208,0.013948446125484208
NVDA,2017-07-12,40.1336,0.0417192971625971,0.0417192971625971
NVDA,2017-07-13,39.6621,-0.011817816937321528,0.011817816937321528
NVDA,2017-07-14,40.7529,0.027130931033401882,0.027130931033401882
NVDA,2017-07-17,40.566,-0.004596725462293243,0.004596725462293243
NVDA,2017-07-18,40.9825,0.010214868981878525,0.010214868981878525
NVDA,2017-07-19,40.7759,-0.005053925706734842,0.005053925706734842
NVDA,2017-07-20,41.3681,0.014418831806661965,0.014418831806661965
NVDA,2017-07-21,41.514,0.003520667326327594,0.003520667326327594
NVDA,2017-07-24,41.0305,-0.011715027159669766,0.011715027159669766
NVDA,2017-07-25,40.8388,-0.004683082678166479,0.004683082678166479
NVDA,2017-07-26,41.3082,0.01142841756770081,0.01142841756770081
NVDA,2017-07-27,39.9418,-0.033637632901036184,0.033637632901036184
NVDA,2017-07-28,40.601,0.016369302272674566,0.016369302272674566
NVDA,2017-07-31,40.1336,-0.011578808143423274,0.011578808143423274
NVDA,2017-08-01,40.626,0.01219436702875465,0.01219436702875465
NVDA,2017-08-02,40.601,-0.0006155588853312608,0.0006155588853312608
NVDA,2017-08-03,41.1124,0.012517082315726716,0.012517082315726716
NVDA,2017-08-04,41.2952,0.004436491290349388,0.004436491290349388
NVDA,2017-08-07,42.5616,0.03020616785940705,0.03020616785940705
NVDA,2017-08-08,42.0581,-0.011900442619096185,0.011900442619096185
NVDA,2017-08-09,42.5017,0.01049207943777351,0.01049207943777351
NVDA,2017-08-10,40.6889,-0.043588747151416356,0.043588747151416356
NVDA,2017-08-11,38.5116,-0.05499583336527721,0.05499583336527721
NVDA,2017-08-14,41.5887,0.07686900113876977,0.07686900113876977
NVDA,2017-08-15,41.2382,-0.008463484500978953,0.008463484500978953
NVDA,2017-08-16,40.7889,-0.010955025679618452,0.010955025679618452
NVDA,2017-08-17,39.8739,-0.022688011054265614,0.022688011054265614
NVDA,2017-08-18,39.8819,0.0002006123699300326,0.0002006123699300326
NVDA,2017-08-21,39.3026,-0.014631912439834117,0.014631912439834117
NVDA,2017-08-22,40.1796,0.022068729687940533,0.022068729687940533
NVDA,2017-08-23,40.9805,0.01973693967437346,0.01973693967437346
NVDA,2017-08-24,40.8358,-0.003537196154577967,0.003537196154577967
NVDA,2017-08-25,40.4911,-0.008476950778611337,0.008476950778611337
NVDA,2017-08-28,40.7809,0.007131637667933337,0.007131637667933337
NVDA,2017-08-29,40.7129,-0.0016688389983484972,0.0016688389983484972
NVDA,2017-08-30,40.9525,0.005867862950238352,0.005867862950238352
NVDA,2017-08-31,41.8833,0.022474320963005348,0.022474320963005348
NVDA,2017-09-01,42.136,0.006015302721433541,0.006015302721433541
NVDA,2017-09-05,41.0085,-0.027123119890824512,0.027123119890824512
NVDA,2017-09-06,40.9825,-0.0006342159717894052,0.0006342159717894052
NVDA,2017-09-07,41.1754,0.004695844330708567,0.004695844330708567
NVDA,2017-09-08,40.4611,-0.01749997193362614,0.01749997193362614
NVDA,2017-09-11,41.7766,0.03199535545136932,0.03199535545136932
NVDA,2017-09-12,41.9263,0.0035769408135540074,0.0035769408135540074
NVDA,2017-09-13,42.113,0.004443166641043359,0.004443166641043359
NVDA,2017-09-14,41.8733,-0.005708089315299291,0.005708089315299291
NVDA,2017-09-15,44.5231,0.06135976330318638,0.06135976330318638
NVDA,2017-09-18,46.3607,0.04044396197161701,0.04044396197161701
NVDA,2017-09-19,46.3107,-0.0010790816768009072,0.0010790816768009072
NVDA,2017-09-20,45.9342,-0.008163098246246735,0.008163098246246735
NVDA,2017-09-21,44.6809,-0.027663820419028467,0.027663820419028467
NVDA,2017-09-22,44.2484,-0.009726904630826368,0.009726904630826368
NVDA,2017-09-25,42.2659,-0.045838598238880875,0.045838598238880875
NVDA,2017-09-26,42.5017,0.005563460761148529,0.005563460761148529
NVDA,2017-09-27,43.4375,0.02177904819461845,0.02177904819461845
NVDA,2017-09-28,43.4255,-0.0002762971593507603,0.0002762971593507603
NVDA,2017-09-29,44.1915,0.01748563673218918,0.01748563673218918
NVDA,2017-10-02,44.2484,0.0012867497102754262,0.0012867497102754262
NVDA,2017-10-03,44.3413,0.0020973100496636163,0.0020973100496636163
NVDA,2017-10-04,44.7079,0.008233697126920542,0.008233697126920542
NVDA,2017-10-05,44.6829,-0.0005593416918028502,0.0005593416918028502
NVDA,2017-10-06,44.8148,0.0029475639149843134,0.0029475639149843134
NVDA,2017-10-09,45.8295,0.02238954656927369,0.02238954656927369
NVDA,2017-10-10,46.6984,0.018781914268787423,0.018781914268787423
NVDA,2017-10-11,47.1928,0.010531435736905308,0.010531435736905308
NVDA,2017-10-12,47.2157,0.0004851258191608498,0.0004851258191608498
NVDA,2017-10-13,48.0965,0.018482944989426073,0.018482944989426073
NVDA,2017-10-16,48.9266,0.017111806472976488,0.017111806472976488
NVDA,2017-10-17,48.8827,-0.0008976652107293582,0.0008976652107293582
NVDA,2017-10-18,48.8397,-0.000880043936194929,0.000880043936194929
NVDA,2017-10-19,48.8947,0.0011254994312327616,0.0011254994312327616
NVDA,2017-10-20,48.6698,-0.0046102916193906905,0.0046102916193906905
NVDA,2017-10-23,48.5999,-0.0014372412381756774,0.0014372412381756774
NVDA,2017-10-24,49.1064,0.010367899247159645,0.010367899247159645
NVDA,2017-10-25,47.869,-0.025521259262275033,0.025521259262275033
NVDA,2017-10-26,48.3672,0.010353784763204867,0.010353784763204867
NVDA,2017-10-27,49.8943,0.03108486973674021,0.03108486973674021
NVDA,2017-10-30,50.3856,0.009798652191513614,0.009798652191513614
NVDA,2017-10-31,51.1248,0.014564282407367972,0.014564282407367972
NVDA,2017-11-01,51.2198,0.001856473664164889,0.001856473664164889
NVDA,2017-11-02,50.9081,-0.006104129583360382,0.006104129583360382
NVDA,2017-11-03,51.5893,0.013292240187795862,0.013292240187795862
NVDA,2017-11-06,51.8188,0.004438731140152795,0.004438731140152795
NVDA,2017-11-07,52.4002,0.011157390329978612,0.011157390329978612
NVDA,2017-11-08,51.7041,-0.013373326068544035,0.013373326068544035
NVDA,2017-11-09,50.7552,-0.01852300631795773,0.01852300631795773
NVDA,2017-11-10,53.4279,0.05131900570823159,0.05131900570823159
NVDA,2017-11-13,52.5581,-0.016413857075238535,0.016413857075238535
NVDA,2017-11-14,52.9454,0.007341969503697938,0.007341969503697938
NVDA,2017-11-15,51.9038,-0.019869188645841897,0.019869188645841897
NVDA,2017-11-16,52.3062,0.007722905671926623,0.007722905671926623
NVDA,2017-11-17,52.2433,-0.001203257932157311,0.001203257932157311
NVDA,2017-11-20,52.9195,0.012860238020664135,0.012860238020664135
NVDA,2017-11-21,53.4059,0.009149335775921792,0.009149335775921792
NVDA,2017-11-22,53.1682,-0.004460753487994991,0.004460753487994991
NVDA,2017-11-24,53.6706,0.009404892289784248,0.009404892289784248
NVDA,2017-11-27,52.9723,-0.013096230138089023,0.013096230138089023
NVDA,2017-11-28,52.1186,-0.016247244611922177,0.016247244611922177
NVDA,2017-11-29,48.57,-0.07051583444843265,0.07051583444843265
NVDA,2017-11-30,49.6457,0.021905724139284936,0.021905724139284936
NVDA,2017-12-01,48.8997,-0.015140519004256113,0.015140519004256113
NVDA,2017-12-04,46.171,-0.057419366122352745,0.057419366122352745
NVDA,2017-12-05,46.4387,0.005781267958158249,0.005781267958158249
NVDA,2017-12-06,46.8102,0.00796796456569065,0.00796796456569065
NVDA,2017-12-07,47.4874,0.014363284800027918,0.014363284800027918
NVDA,2017-12-08,47.3626,-0.0026315249766831602,0.0026315249766831602
NVDA,2017-12-11,48.1475,0.016436328098706928,0.016436328098706928
NVDA,2017-12-12,47.1998,-0.01987956052183332,0.01987956052183332
NVDA,2017-12-13,46.0542,-0.024570691540297014,0.024570691540297014
NVDA,2017-12-14,46.124,0.0015144581547700854,0.0015144581547700854
NVDA,2017-12-15,47.3895,0.0270672632658643,0.0270672632658643
NVDA,2017-12-18,48.9525,0.032449755020611065,0.032449755020611065
NVDA,2017-12-19,48.5071,-0.009140261213557252,0.009140261213557252
NVDA,2017-12-20,48.6668,0.003286893780713184,0.003286893780713184
NVDA,2017-12-21,48.4531,-0.004400752984449893,0.004400752984449893
NVDA,2017-12-22,48.3003,-0.003158547958689353,0.003158547958689353
NVDA,2017-12-26,48.8397,0.011105734898134167,0.011105734898134167
NVDA,2017-12-27,48.7598,-0.0016373038355610384,0.0016373038355610384
NVDA,2017-12-28,48.8297,0.0014325314086813987,0.0014325314086813987
NVDA,2017-12-29,47.862,-0.020016864133569005,0.020016864133569005
NVDA,2018-01-02,49.3091,0.029786778036532444,0.029786778036532444
NVDA,2018-01-03,52.5561,0.0637725223165092,0.0637725223165092
NVDA,2018-01-04,52.8356,0.005304035427064995,0.005304035427064995
NVDA,2018-01-05,53.2861,0.008490303231047686,0.008490303231047686
NVDA,2018-01-08,54.9101,0.030021793282822395,0.030021793282822395
NVDA,2018-01-09,54.8941,-0.0002914278345133882,0.0002914278345133882
NVDA,2018-01-10,55.3294,0.007898538207962031,0.007898538207962031
NVDA,2018-01-11,55.4294,0.0018057260853684728,0.0018057260853684728
NVDA,2018-01-12,55.1538,-0.004984492592191629,0.004984492592191629
NVDA,2018-01-16,54.4417,-0.012995241982996395,0.012995241982996395
NVDA,2018-01-17,55.5862,0.020804564675959484,0.020804564675959484
NVDA,2018-01-18,55.5194,-0.001202459786885552,0.001202459786885552
NVDA,2018-01-19,56.9165,0.02485277229708832,0.02485277229708832
NVDA,2018-01-22,57.8024,0.015445015786830808,0.015445015786830808
NVDA,2018-01-23,59.0928,0.0220787922716766,0.0220787922716766
NVDA,2018-01-24,58.325,-0.013078271671829424,0.013078271671829424
NVDA,2018-01-25,58.4616,0.0023393105423711045,0.0023393105423711045
NVDA,2018-01-26,60.1925,0.02917763138598189,0.02917763138598189
NVDA,2018-01-29,61.0663,0.014412399351234876,0.014412399351234876
NVDA,2018-01-30,60.0406,-0.016939159133978796,0.016939159133978796
NVDA,2018-01-31,60.8036,0.012627997692460284,0.012627997692460284
NVDA,2018-02-01,59.4883,-0.02186934318535645,0.02186934318535645
NVDA,2018-02-02,57.7594,-0.02949354784122391,0.02949354784122391
NVDA,2018-02-05,52.8626,-0.08859001222199954,0.08859001222199954
NVDA,2018-02-06,55.7949,0.053986372863781724,0.053986372863781724
NVDA,2018-02-07,56.5968,0.014269979147616758,0.014269979147616758
NVDA,2018-02-08,53.8065,-0.050558168794664585,0.050558168794664585
NVDA,2018-02-09,57.406,0.06475454976568874,0.06475454976568874
NVDA,2018-02-12,56.4093,-0.017514788951829386,0.017514788951829386
NVDA,2018-02-13,57.5427,0.019893242373975363,0.019893242373975363
NVDA,2018-02-14,59.7181,0.03710787612601821,0.03710787612601821
NVDA,2018-02-15,60.9794,0.02090094519256165,0.02090094519256165
NVDA,2018-02-16,60.3204,-0.010865747242683193,0.010865747242683193
NVDA,2018-02-20,61.6086,0.021131116207012544,0.021131116207012544
NVDA,2018-02-21,59.7409,-0.03078459322708496,0.03078459322708496
NVDA,2018-02-22,59.9348,0.003240426747758793,0.003240426747758793
NVDA,2018-02-23,60.8735,0.015540635736948898,0.015540635736948898
NVDA,2018-02-26,61.0363,0.0026708287073794568,0.0026708287073794568
NVDA,2018-02-27,60.9065,-0.0021288677809919356,0.0021288677809919356
NVDA,2018-02-28,59.8978,-0.01670012480135238,0.01670012480135238
NVDA,2018-03-01,57.4728,-0.04132798416243803,0.04132798416243803
NVDA,2018-03-02,58.5466,0.01851122592729714,0.01851122592729714
NVDA,2018-03-05,58.325,-0.0037922004244842667,0.0037922004244842667
NVDA,2018-03-06,59.9378,0.02727653993740161,0.02727653993740161
NVDA,2018-03-07,59.8608,-0.0012854909924400178,0.0012854909924400178
NVDA,2018-03-08,59.6951,-0.0027719268743307875,0.0027719268743307875
NVDA,2018-03-09,60.7268,0.01713517629871403,0.01713517629871403
NVDA,2018-03-12,61.8184,0.017815938500479588,0.017815938500479588
NVDA,2018-03-13,61.315,-0.008176543563328816,0.008176543563328816
NVDA,2018-03-14,61.5666,0.004095004485475889,0.004095004485475889
NVDA,2018-03-15,61.7134,0.0023815715344910936,0.0023815715344910936
NVDA,2018-03-16,61.9983,0.004605878080379128,0.004605878080379128
NVDA,2018-03-19,59.6512,-0.038592699621546024,0.038592699621546024
NVDA,2018-03-20,61.7734,0.03495858540129821,0.03495858540129821
NVDA,2018-03-21,61.5217,-0.004082892988504383,0.004082892988504383
NVDA,2018-03-22,59.8628,-0.027334680964760594,0.027334680964760594
NVDA,2018-03-23,57.6625,-0.03744822825688372,0.03744822825688372
NVDA,2018-03-26,60.514,0.04826769434153687,0.04826769434153687
NVDA,2018-03-27,55.8149,-0.08083388439345877,0.08083388439345877
NVDA,2018-03-28,54.7842,-0.01863902761846937,0.01863902761846937
NVDA,2018-03-29,57.3202,0.0452512609238672,0.0452512609238672
NVDA,2018-04-02,54.7102,-0.04660292842953935,0.04660292842953935
NVDA,2018-04-03,55.7749,0.01927378369113946,0.01927378369113946
NVDA,2018-04-04,55.9948,0.003934881881785596,0.003934881881785596
NVDA,2018-04-05,54.7922,-0.021710981223950657,0.021710981223950657
NVDA,2018-04-06,53.0313,-0.0326655427824882,0.0326655427824882
NVDA,2018-04-09,53.318,0.005391679955307583,0.005391679955307583
NVDA,2018-04-10,56.4093,0.056360053297907095,0.056360053297907095
NVDA,2018-04-11,55.9948,-0.007375209246775687,0.007375209246775687
NVDA,2018-04-12,58.067,0.03633868698114392,0.03633868698114392
NVDA,2018-04-13,57.2982,-0.01332830664723392,0.01332830664723392
NVDA,2018-04-16,57.2962,-3.490571965477257e-05,3.490571965477257e-05
NVDA,2018-04-17,58.7962,0.025842923070844966,0.025842923070844966
NVDA,2018-04-18,58.5046,-0.00497184334082883,0.00497184334082883
NVDA,2018-04-19,56.6837,-0.03161869217521843,0.03161869217521843
NVDA,2018-04-20,56.6068,-0.0013575721143532966,0.0013575721143532966
NVDA,2018-04-23,55.4134,-0.02130767757353185,0.02130767757353185
NVDA,2018-04-24,54.7472,-0.012095215925643455,0.012095215925643455
NVDA,2018-04-25,53.6278,-0.020658635499056596,0.020658635499056596
NVDA,2018-04-26,55.7419,0.03866451796730947,0.03866451796730947
NVDA,2018-04-27,56.0177,0.004935603919091484,0.004935603919091484
NVDA,2018-04-30,55.666,-0.006298164594641746,0.006298164594641746
NVDA,2018-05-01,56.2195,0.009894124177649974,0.009894124177649974
NVDA,2018-05-02,56.0117,-0.003703074322634458,0.003703074322634458
NVDA,2018-05-03,57.6675,0.029133159108265177,0.029133159108265177
NVDA,2018-05-04,59.1667,0.025665127035175216,0.025665127035175216
NVDA,2018-05-07,61.5506,0.03950071712768347,0.03950071712768347
NVDA,2018-05-08,61.9783,0.0069247230256289346,0.0069247230256289346
NVDA,2018-05-09,63.3054,0.02118630978768102,0.02118630978768102
NVDA,2018-05-10,64.3812,0.016851031457459007,0.016851031457459007
NVDA,2018-05-11,62.997,-0.0217345588158454,0.0217345588158454
NVDA,2018-05-14,63.2036,0.003274155345762887,0.003274155345762887
NVDA,2018-05-15,60.7816,-0.039074149964857106,0.039074149964857106
NVDA,2018-05-16,60.8935,0.0018393250804406799,0.0018393250804406799
NVDA,2018-05-17,61.315,0.006898074542551933,0.006898074542551933
NVDA,2018-05-18,60.8765,-0.007177289457727316,0.007177289457727316
NVDA,2018-05-21,60.454,-0.006964476495872891,0.006964476495872891
NVDA,2018-05-22,60.0725,-0.006330579152126228,0.006330579152126228
NVDA,2018-05-23,61.31,0.020390795666333755,0.020390795666333755
NVDA,2018-05-24,61.3479,0.0006179789676190907,0.0006179789676190907
NVDA,2018-05-25,61.7364,0.006312767593858645,0.006312767593858645
NVDA,2018-05-29,61.5666,-0.002754192636609067,0.002754192636609067
NVDA,2018-05-30,62.6554,0.01753035506466953,0.01753035506466953
NVDA,2018-05-31,62.4576,-0.00316194423918455,0.00316194423918455
NVDA,2018-06-01,63.8029,0.021310717338221874,0.021310717338221874
NVDA,2018-06-04,65.5966,0.02772522147539548,0.02772522147539548
NVDA,2018-06-05,65.6515,0.000836583587905902,0.000836583587905902
NVDA,2018-06-06,65.6715,0.0003045924956729667,0.0003045924956729667
NVDA,2018-06-07,65.1111,-0.008569999829832068,0.008569999829832068
NVDA,2018-06-08,64.9556,-0.0023910820230899376,0.0023910820230899376
NVDA,2018-06-11,64.5439,-0.0063583471293126685,0.0063583471293126685
NVDA,2018-06-12,65.0314,0.007524617734709269,0.007524617734709269
NVDA,2018-06-13,64.9855,-0.0007060620874187659,0.0007060620874187659
NVDA,2018-06-14,66.1031,0.017051476309157945,0.017051476309157945
NVDA,2018-06-15,65.6965,-0.006169992775355741,0.006169992775355741
NVDA,2018-06-18,65.6565,-0.0006090458723662802,0.0006090458723662802
NVDA,2018-06-19,64.4321,-0.018824649616905335,0.018824649616905335
NVDA,2018-06-20,64.9636,0.008215156905340755,0.008215156905340755
NVDA,2018-06-21,63.6751,-0.020033521697717663,0.020033521697717663
NVDA,2018-06-22,62.1499,-0.024244382394389145,0.024244382394389145
NVDA,2018-06-25,59.2196,-0.04829664076917301,0.04829664076917301
NVDA,2018-06-26,59.9328,0.011971366377603482,0.011971366377603482
NVDA,2018-06-27,58.3788,-0.02627112432326931,0.02627112432326931
NVDA,2018-06-28,59.6532,0.021594983144794955,0.021594983144794955
NVDA,2018-06-29,58.6743,-0.016545981832562492,0.016545981832562492
NVDA,2018-07-02,59.9947,0.02225441344478805,0.02225441344478805
NVDA,2018-07-03,58.6583,-0.022527142423761873,0.022527142423761873
NVDA,2018-07-05,60.1175,0.02457189795710199,0.02457189795710199
NVDA,2018-07-06,61.2581,0.018795105058721166,0.018795105058721166
NVDA,2018-07-09,61.7284,0.007648031164585683,0.007648031164585683
NVDA,2018-07-10,62.7191,0.015921909705605957,0.015921909705605957
NVDA,2018-07-11,61.308,-0.022755686312740348,0.022755686312740348
NVDA,2018-07-12,62.2199,0.01476454413128099,0.01476454413128099
NVDA,2018-07-13,61.7464,-0.007639210054484806,0.007639210054484806
NVDA,2018-07-16,61.4698,-0.004489676919484266,0.004489676919484266
NVDA,2018-07-17,62.8271,0.02184051176088441,0.02184051176088441
NVDA,2018-07-18,62.3377,-0.00782012984607489,0.00782012984607489
NVDA,2018-07-19,62.4196,0.0013129494108189757,0.0013129494108189757
NVDA,2018-07-20,62.136,-0.004553797502255335,0.004553797502255335
NVDA,2018-07-23,61.7684,-0.0059336242867020494,0.0059336242867020494
NVDA,2018-07-24,61.5936,-0.002833937792640289,0.002833937792640289
NVDA,2018-07-25,62.3796,0.01268032980945605,0.01268032980945605
NVDA,2018-07-26,63.1147,0.01171540711783428,0.01171540711783428
NVDA,2018-07-27,62.4176,-0.011106419076845946,0.011106419076845946
NVDA,2018-07-30,60.464,-0.03179914028131504,0.03179914028131504
NVDA,2018-07-31,60.647,0.003022023421035485,0.003022023421035485
NVDA,2018-08-01,61.0463,0.006562422631317514,0.006562422631317514
NVDA,2018-08-02,62.0701,0.016631798849037104,0.016631798849037104
NVDA,2018-08-03,62.4356,0.005871234006803662,0.005871234006803662
NVDA,2018-08-06,62.912,0.007601299009374461,0.007601299009374461
NVDA,2018-08-07,63.6351,0.011428280380320104,0.011428280380320104
NVDA,2018-08-08,63.9997,0.005713190943664104,0.005713190943664104
NVDA,2018-08-09,63.5132,-0.007630637537101024,0.007630637537101024
NVDA,2018-08-10,63.1017,-0.006500047764412946,0.006500047764412946
NVDA,2018-08-13,63.4273,0.005146657583790357,0.005146657583790357
NVDA,2018-08-14,64.7437,0.02054203041769903,0.02054203041769903
NVDA,2018-08-15,64.1615,-0.009033056211318457,0.009033056211318457
NVDA,2018-08-16,63.7569,-0.00632592886170599,0.00632592886170599
NVDA,2018-08-17,60.637,-0.050172145660829004,0.050172145660829004
NVDA,2018-08-20,61.3848,0.01225697968773911,0.01225697968773911
NVDA,2018-08-21,62.7371,0.021790731686114225,0.021790731686114225
NVDA,2018-08-22,65.0911,0.03683484793020724,0.03683484793020724
NVDA,2018-08-23,66.0861,0.015170610182000503,0.015170610182000503
NVDA,2018-08-24,67.4202,0.019986238979436098,0.019986238979436098
NVDA,2018-08-27,68.3342,0.013465697036395757,0.013465697036395757
NVDA,2018-08-28,67.9587,-0.005510205595281164,0.005510205595281164
NVDA,2018-08-29,69.0074,0.0153135775021707,0.0153135775021707
NVDA,2018-08-30,68.8375,-0.002465090634989575,0.002465090634989575
NVDA,2018-08-31,69.5487,0.01027857201737693,0.01027857201737693
NVDA,2018-09-04,70.3027,0.010782978300999566,0.010782978300999566
NVDA,2018-09-05,68.9904,-0.018842840424036507,0.018842840424036507
NVDA,2018-09-06,67.5821,-0.020624209397259542,0.020624209397259542
NVDA,2018-09-07,67.3694,-0.0031522461940355507,0.0031522461940355507
NVDA,2018-09-10,68.0846,0.010560140658456223,0.010560140658456223
NVDA,2018-09-11,67.6021,-0.007112001894935083,0.007112001894935083
NVDA,2018-09-12,66.4585,-0.017061354950320552,0.017061354950320552
NVDA,2018-09-13,67.2396,0.01168466697789895,0.01168466697789895
NVDA,2018-09-14,68.5041,0.01863123780885392,0.01863123780885392
NVDA,2018-09-17,67.8847,-0.009082919687536337,0.009082919687536337
NVDA,2018-09-18,67.1596,-0.010738801538604794,0.010738801538604794
NVDA,2018-09-19,67.3992,0.003561272146160298,0.003561272146160298
NVDA,2018-09-20,65.9832,-0.02123298424193,0.02123298424193
NVDA,2018-09-21,65.282,-0.010683816728244826,0.010683816728244826
NVDA,2018-09-24,65.8393,0.008500577036102748,0.008500577036102748
NVDA,2018-09-25,66.5105,0.01014290545704342,0.01014290545704342
NVDA,2018-09-26,66.143,-0.005540765078786349,0.005540765078786349
NVDA,2018-09-27,66.2607,0.0017778964032472864,0.0017778964032472864
NVDA,2018-09-28,69.6337,0.04965168429885506,0.04965168429885506
NVDA,2018-10-01,71.7019,0.029268600999219706,0.029268600999219706
NVDA,2018-10-02,70.9889,-0.009993719766041199,0.009993719766041199
NVDA,2018-10-03,71.0508,0.0008715873649212727,0.0008715873649212727
NVDA,2018-10-04,69.2031,-0.026349454847905456,0.026349454847905456
NVDA,2018-10-05,66.87,-0.03429522324221158,0.03429522324221158
NVDA,2018-10-08,65.8563,-0.015275340471092577,0.015275340471092577
NVDA,2018-10-09,65.8014,-0.0008339808941220548,0.0008339808941220548
NVDA,2018-10-10,60.8835,-0.07767891265519061,0.07767891265519061
NVDA,2018-10-11,58.265,-0.043960632020255304,0.043960632020255304
NVDA,2018-10-12,61.0963,0.047449737853894475,0.047449737853894475
NVDA,2018-10-15,58.327,-0.04638619994659241,0.04638619994659241
NVDA,2018-10-16,60.9194,0.04348657106365904,0.04348657106365904
NVDA,2018-10-17,60.2325,-0.011339605247597839,0.011339605247597839
NVDA,2018-10-18,59.3544,-0.014685818962368504,0.014685818962368504
NVDA,2018-10-19,56.7837,-0.04427694207439679,0.04427694207439679
NVDA,2018-10-22,57.2962,0.00898499118323121,0.00898499118323121
NVDA,2018-10-23,54.7772,-0.04496025491155488,0.04496025491155488
NVDA,2018-10-24,49.409,-0.10314145514870299,0.10314145514870299
NVDA,2018-10-25,51.5074,0.041592892832959236,0.041592892832959236
NVDA,2018-10-26,49.1324,-0.04720679169049935,0.04720679169049935
NVDA,2018-10-29,45.9972,-0.0659381699060074,0.0659381699060074
NVDA,2018-10-30,50.3029,0.08948220444805743,0.08948220444805743
NVDA,2018-10-31,52.2433,0.037848923438414214,0.037848923438414214
NVDA,2018-11-01,54.0491,0.0339812397400179,0.0339812397400179
NVDA,2018-11-02,53.2612,-0.01468478158567498,0.01468478158567498
NVDA,2018-11-05,52.4762,-0.014848377634441605,0.014848377634441605
NVDA,2018-11-06,52.3002,-0.003359538322280072,0.003359538322280072
NVDA,2018-11-07,52.9793,0.012901076068262431,0.012901076068262431
NVDA,2018-11-08,51.0478,-0.03713882254644506,0.03713882254644506
NVDA,2018-11-09,50.9679,-0.001566425880280929,0.001566425880280929
NVDA,2018-11-12,46.966,-0.0817720871252566,0.0817720871252566
NVDA,2018-11-13,49.386,0.050243047546938376,0.050243047546938376
NVDA,2018-11-14,48.8647,-0.010611728810161529,0.010611728810161529
NVDA,2018-11-15,50.1511,0.02598519395640097,0.02598519395640097
NVDA,2018-11-16,40.7459,-0.20768522723673957,0.20768522723673957
NVDA,2018-11-19,35.8588,-0.1277662169800355,0.1277662169800355
NVDA,2018-11-20,36.9427,0.029779059451743528,0.029779059451743528
NVDA,2018-11-21,35.8608,-0.029723286692260403,0.029723286692260403
NVDA,2018-11-23,35.9328,0.002005750488573192,0.002005750488573192
NVDA,2018-11-26,37.9275,0.05402591524402825,0.05402591524402825
NVDA,2018-11-27,38.0952,0.004411847303893402,0.004411847303893402
NVDA,2018-11-28,39.6641,0.040358206523546554,0.040358206523546554
NVDA,2018-11-29,39.0311,-0.016087732223543795,0.016087732223543795
NVDA,2018-11-30,40.536,0.03783170392960178,0.03783170392960178
NVDA,2018-12-03,42.178,0.03970828991596385,0.03970828991596385
NVDA,2018-12-04,38.9682,-0.07915282918216023,0.07915282918216023
NVDA,2018-12-06,39.2627,0.0075290298635127375,0.0075290298635127375
NVDA,2018-12-07,36.6151,-0.06981423514049633,0.06981423514049633
NVDA,2018-12-10,37.6677,0.028342239665825674,0.028342239665825674
NVDA,2018-12-11,36.759,-0.024419869660835324,0.024419869660835324
NVDA,2018-12-12,36.9357,0.004795469379038604,0.004795469379038604
NVDA,2018-12-13,36.9327,-8.122553085346482e-05,8.122553085346482e-05
NVDA,2018-12-14,36.3283,-0.016500285629121172,0.016500285629121172
NVDA,2018-12-17,35.6133,-0.01987788826030483,0.01987788826030483
NVDA,2018-12-18,36.4503,0.023230525279293625,0.023230525279293625
NVDA,2018-12-19,34.3579,-0.05911771120375239,0.05911771120375239
NVDA,2018-12-20,33.5118,-0.0249343620542531,0.0249343620542531
NVDA,2018-12-21,32.1377,-0.04186781978339089,0.04186781978339089
NVDA,2018-12-24,31.5202,-0.019401185684862942,0.019401185684862942
NVDA,2018-12-26,33.0127,0.04626372576893223,0.04626372576893223
NVDA,2018-12-27,32.5311,-0.014695781062541663,0.014695781062541663
NVDA,2018-12-28,33.1494,0.01882806206695802,0.01882806206695802
NVDA,2018-12-31,33.1125,-0.001113762322373354,0.001113762322373354
NVDA,2019-01-02,33.7886,0.020212612893223243,0.020212612893223243
NVDA,2019-01-03,31.7462,-0.06235043435490651,0.06235043435490651
NVDA,2019-01-04,33.7817,0.06214620261332811,0.06214620261332811
NVDA,2019-01-07,35.5694,0.05156648192094693,0.05156648192094693
NVDA,2019-01-08,34.6875,-0.025106326164126693,0.025106326164126693
NVDA,2019-01-09,35.3715,0.019527019632542067,0.019527019632542067
NVDA,2019-01-10,36.0228,0.01824566017933112,0.01824566017933112
NVDA,2019-01-11,36.9178,0.02454174824164671,0.02454174824164671
NVDA,2019-01-14,37.318,0.010781964414884021,0.010781964414884021
NVDA,2019-01-15,37.1763,-0.003804322502538543,0.003804322502538543
NVDA,2019-01-16,36.9197,-0.006926177548020583,0.006926177548020583
NVDA,2019-01-17,37.6337,0.019154641651062652,0.019154641651062652
NVDA,2019-01-18,38.9252,0.033741930217364303,0.033741930217364303
NVDA,2019-01-22,36.9028,-0.05335442686643504,0.05335442686643504
NVDA,2019-01-23,37.0315,0.0034814728750791543,0.0034814728750791543
NVDA,2019-01-24,39.1509,0.05565450887675847,0.05565450887675847
NVDA,2019-01-25,39.7241,0.014534645729467957,0.014534645729467957
NVDA,2019-01-28,34.2331,-0.1487650441334628,0.1487650441334628
NVDA,2019-01-29,32.638,-0.0477157585655899,0.0477157585655899
NVDA,2019-01-30,34.0783,0.04318356437908442,0.04318356437908442
NVDA,2019-01-31,35.6563,0.04526503125224162,0.04526503125224162
NVDA,2019-02-01,35.9008,0.006833730028439562,0.006833730028439562
NVDA,2019-02-04,37.0056,0.0303096731746073,0.0303096731746073
NVDA,2019-02-05,37.1962,0.005137352980629187,0.005137352980629187
NVDA,2019-02-06,37.9535,0.020155120679246956,0.020155120679246956
NVDA,2019-02-07,36.5681,-0.03718545054591612,0.03718545054591612
NVDA,2019-02-08,36.754,0.0050707876161566155,0.0050707876161566155
NVDA,2019-02-11,36.3283,-0.011650011418749391,0.011650011418749391
NVDA,2019-02-12,37.4978,0.031685212734258957,0.031685212734258957
NVDA,2019-02-13,37.9235,0.011288708116793927,0.011288708116793927
NVDA,2019-02-14,38.3288,0.010630599126671208,0.010630599126671208
NVDA,2019-02-15,39.0251,0.018003457025967003,0.018003457025967003
NVDA,2019-02-19,38.8533,-0.0044120135669504686,0.0044120135669504686
NVDA,2019-02-20,39.3276,0.012133547170050227,0.012133547170050227
NVDA,2019-02-21,38.6384,-0.017679961841781063,0.017679961841781063
NVDA,2019-02-22,39.4873,0.021732500601930126,0.021732500601930126
NVDA,2019-02-25,39.3626,-0.0031629743084629317,0.0031629743084629317
NVDA,2019-02-26,38.9652,-0.01014718681911116,0.01014718681911116
NVDA,2019-02-27,38.5485,-0.010751751347380477,0.010751751347380477
NVDA,2019-02-28,38.3018,-0.006420296275176857,0.006420296275176857
NVDA,2019-03-01,38.8453,0.014090198902943583,0.014090198902943583
NVDA,2019-03-04,38.9282,0.002131832343828171,0.002131832343828171
NVDA,2019-03-05,38.8633,-0.001668563147833627,0.001668563147833627
NVDA,2019-03-06,37.7556,-0.028916551506273248,0.028916551506273248
NVDA,2019-03-07,37.0615,-0.018555114120271034,0.018555114120271034
NVDA,2019-03-08,37.4059,0.009249751045640627,0.009249751045640627
NVDA,2019-03-11,40.0098,0.06729597811701128,0.06729597811701128
NVDA,2019-03-12,40.3514,0.00850166641415755,0.00850166641415755
NVDA,2019-03-13,41.8683,0.036902886823369875,0.036902886823369875
NVDA,2019-03-14,41.1084,-0.018316497162289554,0.018316497162289554
NVDA,2019-03-15,42.166,0.02540172891622615,0.02540172891622615
NVDA,2019-03-18,41.9503,-0.005128624839477991,0.005128624839477991
NVDA,2019-03-19,43.6333,0.039335036047188715,0.039335036047188715
NVDA,2019-03-20,43.3055,-0.0075409725783056195,0.0075409725783056195
NVDA,2019-03-21,45.6756,0.05328459073958183,0.05328459073958183
NVDA,2019-03-22,44.0736,-0.035703274725913066,0.035703274725913066
NVDA,2019-03-25,43.1509,-0.021157688955024494,0.021157688955024494
NVDA,2019-03-26,43.9198,0.017661968670993917,0.017661968670993917
NVDA,2019-03-27,43.827,-0.0021151776383583443,0.0021151776383583443
NVDA,2019-03-28,44.0116,0.004203169717451569,0.004203169717451569
NVDA,2019-03-29,44.588,0.013011528991438804,0.013011528991438804
NVDA,2019-04-01,45.2631,0.015027366483150385,0.015027366483150385
NVDA,2019-04-02,45.4431,0.003968862906350942,0.003968862906350942
NVDA,2019-04-03,46.8302,0.030067300036054675,0.030067300036054675
NVDA,2019-04-04,46.7433,-0.0018573639969073881,0.0018573639969073881
NVDA,2019-04-05,47.4095,0.014151700604139205,0.014151700604139205
NVDA,2019-04-08,47.6192,0.004413410693428994,0.004413410693428994
NVDA,2019-04-09,46.99,-0.013301228138869631,0.013301228138869631
NVDA,2019-04-10,47.6972,0.014937882847002799,0.014937882847002799
NVDA,2019-04-11,47.5573,-0.0029373961459362623,0.0029373961459362623
NVDA,2019-04-12,47.1758,-0.008054250570359363,0.008054250570359363
NVDA,2019-04-15,45.8615,-0.028255064108099023,0.028255064108099023
NVDA,2019-04-16,46.7303,0.01876679141315815,0.01876679141315815
NVDA,2019-04-17,46.5037,-0.004860897230222884,0.004860897230222884
NVDA,2019-04-18,46.2608,-0.0052369291083569375,0.0052369291083569375
NVDA,2019-04-22,46.7962,0.01150705283387265,0.01150705283387265
NVDA,2019-04-23,47.3396,0.011545151490203858,0.011545151490203858
NVDA,2019-04-24,47.4655,0.002655976820032798,0.002655976820032798
NVDA,2019-04-25,46.4137,-0.02240845708336956,0.02240845708336956
NVDA,2019-04-26,44.2214,-0.04838583946210785,0.04838583946210785
NVDA,2019-04-29,44.5311,0.00697898666575559,0.00697898666575559
NVDA,2019-04-30,44.9435,0.00921832386820629,0.00921832386820629
NVDA,2019-05-01,44.8128,-0.002912332446404701,0.002912332446404701
NVDA,2019-05-02,45.4911,0.015022889530165331,0.015022889530165331
NVDA,2019-05-03,45.4461,-0.000989694067402637,0.000989694067402637
NVDA,2019-05-06,44.6579,-0.017495784997991055,0.017495784997991055
NVDA,2019-05-07,42.9841,-0.038200943492007686,0.038200943492007686
NVDA,2019-05-08,43.1858,0.004681457640593111,0.004681457640593111
NVDA,2019-05-09,42.2579,-0.02172041893875544,0.02172041893875544
NVDA,2019-05-10,41.9183,-0.008068832817342197,0.008068832817342197
NVDA,2019-05-13,39.3426,-0.06341458448519025,0.06341458448519025
NVDA,2019-05-14,40.2335,0.02239208065869794,0.02239208065869794
NVDA,2019-05-15,39.6222,-0.01531041468869966,0.01531041468869966
NVDA,2019-05-16,39.772,0.00377357987765962,0.00377357987765962
NVDA,2019-05-17,38.8653,-0.02306132543803315,0.02306132543803315
NVDA,2019-05-20,37.6807,-0.030953794649498902,0.030953794649498902
NVDA,2019-05-21,38.5017,0.02155436913275886,0.02155436913275886
NVDA,2019-05-22,37.7936,-0.018562620041747472,0.018562620041747472
NVDA,2019-05-23,36.5801,-0.03263539942804231,0.03263539942804231
NVDA,2019-05-24,36.0408,-0.014852746641220481,0.014852746641220481
NVDA,2019-05-28,35.5894,-0.012603789340216396,0.012603789340216396
NVDA,2019-05-29,34.8502,-0.020988964640843218,0.020988964640843218
NVDA,2019-05-30,34.5826,-0.0077082106723883725,0.0077082106723883725
NVDA,2019-05-31,33.6737,-0.026633548153198208,0.026633548153198208
NVDA,2019-06-03,33.2543,-0.01253303519680158,0.01253303519680158
NVDA,2019-06-04,35.5464,0.06665480325013975,0.06665480325013975
NVDA,2019-06-05,35.124,-0.011954227800986258,0.011954227800986258
NVDA,2019-06-06,35.7412,0.017419427495283184,0.017419427495283184
NVDA,2019-06-07,36.1705,0.011939784486156098,0.011939784486156098
NVDA,2019-06-10,36.8978,0.019908059193708704,0.019908059193708704
NVDA,2019-06-11,37.4759,0.01554613103805834,0.01554613103805834
NVDA,2019-06-12,36.3453,-0.030633162578129668,0.030633162578129668
NVDA,2019-06-13,36.8558,0.013948103961212944,0.013948103961212944
NVDA,2019-06-14,35.9558,-0.024722594752343972,0.024722594752343972
NVDA,2019-06-17,36.0528,0.0026941242760250574,0.0026941242760250574
NVDA,2019-06-18,38.0034,0.05269109879034497,0.05269109879034497
NVDA,2019-06-19,38.0633,0.0015749339035719043,0.0015749339035719043
NVDA,2019-06-20,38.3058,0.006350757441016715,0.006350757441016715
NVDA,2019-06-21,37.7256,-0.01526241165265273,0.01526241165265273
NVDA,2019-06-24,37.9505,0.005943769885411915,0.005943769885411915
NVDA,2019-06-25,37.6557,-0.007798341776178435,0.007798341776178435
NVDA,2019-06-26,39.5872,0.05002149647714107,0.05002149647714107
NVDA,2019-06-27,40.576,0.024670925128385285,0.024670925128385285
NVDA,2019-06-28,40.8259,0.006139925114143996,0.006139925114143996
NVDA,2019-07-01,41.3082,0.011744343545688748,0.011744343545688748
NVDA,2019-07-02,40.3264,-0.024054686149048984,0.024054686149048984
NVDA,2019-07-03,40.4561,0.0032110942703202456,0.0032110942703202456
NVDA,2019-07-05,39.827,-0.01567236134948352,0.01567236134948352
NVDA,2019-07-08,39.0781,-0.01898286647274112,0.01898286647274112
NVDA,2019-07-09,39.1031,0.0006395399623465256,0.0006395399623465256
NVDA,2019-07-10,39.784,0.0172630736764507,0.0172630736764507
NVDA,2019-07-11,41.3352,0.03824961579507195,0.03824961579507195
NVDA,2019-07-12,41.6636,0.007913408718069111,0.007913408718069111
NVDA,2019-07-15,41.5787,-0.002039829015738125,0.002039829015738125
NVDA,2019-07-16,41.5308,-0.0011526962694700068,0.0011526962694700068
NVDA,2019-07-17,42.186,0.01565309180470881,0.01565309180470881
NVDA,2019-07-18,42.3028,0.002764865269864442,0.002764865269864442
NVDA,2019-07-19,41.8703,-0.010276532674929433,0.010276532674929433
NVDA,2019-07-22,42.5866,0.016962904762216645,0.016962904762216645
NVDA,2019-07-23,43.6703,0.025128587376244908,0.025128587376244908
NVDA,2019-07-24,44.4132,0.01686848537291598,0.01686848537291598
NVDA,2019-07-25,43.1009,-0.029992843989175132,0.029992843989175132
NVDA,2019-07-26,43.5235,0.009757143545848482,0.009757143545848482
NVDA,2019-07-29,43.4605,-0.0014485425139322088,0.0014485425139322088
NVDA,2019-07-30,43.6173,0.0036013810517472114,0.0036013810517472114
NVDA,2019-07-31,41.9403,-0.03920668212186679,0.03920668212186679
NVDA,2019-08-01,40.9955,-0.022784873940907738,0.022784873940907738
NVDA,2019-08-02,40.0667,-0.022916739203698834,0.022916739203698834
NVDA,2019-08-05,37.4859,-0.06658070310876579,0.06658070310876579
NVDA,2019-08-06,37.8735,0.010286796814238674,0.010286796814238674
NVDA,2019-08-07,38.2538,0.009991242658366695,0.009991242658366695
NVDA,2019-08-08,39.3406,0.028014162753623884,0.028014162753623884
NVDA,2019-08-09,38.3258,-0.026133765853787405,0.026133765853787405
NVDA,2019-08-12,37.6477,-0.01785143524061125,0.01785143524061125
NVDA,2019-08-13,38.7934,0.029978265664800875,0.029978265664800875
NVDA,2019-08-14,37.3061,-0.03909327691453169,0.03909327691453169
NVDA,2019-08-15,36.9826,-0.008709320390529712,0.008709320390529712
NVDA,2019-08-16,39.6621,0.0699485400032762,0.0699485400032762
NVDA,2019-08-19,42.4527,0.06799444320948786,0.06799444320948786
NVDA,2019-08-20,41.7286,-0.017203769939806,0.017203769939806
NVDA,2019-08-21,42.5646,0.019836176864471738,0.019836176864471738
NVDA,2019-08-22,42.6266,0.0014555496564488775,0.0014555496564488775
NVDA,2019-08-23,40.3794,-0.05415871762280242,0.05415871762280242
NVDA,2019-08-26,41.1284,0.018379126506914516,0.018379126506914516
NVDA,2019-08-27,40.2195,-0.02234692779902591,0.02234692779902591
NVDA,2019-08-28,40.1136,-0.002636523708031604,0.002636523708031604
NVDA,2019-08-29,41.5537,0.035271137741802655,0.035271137741802655
NVDA,2019-08-30,41.6806,0.0030492260600258583,0.0030492260600258583
NVDA,2019-09-03,40.8508,-0.02010938777739263,0.02010938777739263
NVDA,2019-09-04,41.9933,0.027583676790988006,0.027583676790988006
NVDA,2019-09-05,44.7279,0.06308738623727228,0.06308738623727228
NVDA,2019-09-06,44.4551,-0.006117776949516446,0.006117776949516446
NVDA,2019-09-09,44.9167,0.010329972199425072,0.010329972199425072
NVDA,2019-09-10,45.5828,0.014720789146968592,0.014720789146968592
NVDA,2019-09-11,45.8675,0.0062263528880197195,0.0062263528880197195
NVDA,2019-09-12,45.8515,-0.0003488917271732424,0.0003488917271732424
NVDA,2019-09-13,45.2761,-0.012628614100151864,0.012628614100151864
NVDA,2019-09-16,44.8448,-0.0095716596893896,0.0095716596893896
NVDA,2019-09-17,45.0594,0.004773979582194456,0.004773979582194456
NVDA,2019-09-18,44.7878,-0.006045838430062837,0.006045838430062837
NVDA,2019-09-19,44.0286,-0.017096358146396564,0.017096358146396564
NVDA,2019-09-20,42.9711,-0.024311626045215386,0.024311626045215386
NVDA,2019-09-23,43.5075,0.012405540311649279,0.012405540311649279
NVDA,2019-09-24,42.9311,-0.013336832010604878,0.013336832010604878
NVDA,2019-09-25,44.3512,0.03254326087113537,0.03254326087113537
NVDA,2019-09-26,44.1286,-0.005031667558984922,0.005031667558984922
NVDA,2019-09-27,42.7384,-0.03201028479493155,0.03201028479493155
NVDA,2019-09-30,43.3155,0.01341272508793499,0.01341272508793499
NVDA,2019-10-01,43.2975,-0.0004156419996798717,0.0004156419996798717
NVDA,2019-10-02,43.058,-0.00554685258192408,0.00554685258192408
NVDA,2019-10-03,45.1194,0.04676426518990835,0.04676426518990835
NVDA,2019-10-04,45.2831,0.0036215852199312677,0.0036215852199312677
NVDA,2019-10-07,45.8675,0.012822910821760894,0.012822910821760894
NVDA,2019-10-08,44.1016,-0.039260742296945116,0.039260742296945116
NVDA,2019-10-09,44.9695,0.019488419223552107,0.019488419223552107
NVDA,2019-10-10,45.5489,0.012801991930525605,0.012801991930525605
NVDA,2019-10-11,46.2808,0.01594071413290462,0.01594071413290462
NVDA,2019-10-14,46.4167,0.0029321200111053786,0.0029321200111053786
NVDA,2019-10-15,48.8627,0.051355015957260615,0.051355015957260615
NVDA,2019-10-16,48.3233,-0.011100478232571586,0.011100478232571586
NVDA,2019-10-17,48.3433,0.0004137933947271796,0.0004137933947271796
NVDA,2019-10-18,47.3975,-0.01975815469724026,0.01975815469724026
NVDA,2019-10-21,48.7728,0.02860329572353304,0.02860329572353304
NVDA,2019-10-22,48.6728,-0.0020524279208877505,0.0020524279208877505
NVDA,2019-10-23,48.5431,-0.002668289383790545,0.002668289383790545
NVDA,2019-10-24,48.9825,0.009011028349873575,0.009011028349873575
NVDA,2019-10-25,50.8981,0.03836250330267899,0.03836250330267899
NVDA,2019-10-28,51.4595,0.01096949575643792,0.01096949575643792
NVDA,2019-10-29,50.4926,-0.01896829963130427,0.01896829963130427
NVDA,2019-10-30,50.5126,0.00039601922002787396,0.00039601922002787396
NVDA,2019-10-31,50.0202,-0.00979588626850625,0.00979588626850625
NVDA,2019-11-01,50.4106,0.007774546581904709,0.007774546581904709
NVDA,2019-11-04,52.3782,0.038289003803908685,0.038289003803908685
NVDA,2019-11-05,52.1585,-0.004203314691756568,0.004203314691756568
NVDA,2019-11-06,51.6692,-0.009425300229016628,0.009425300229016628
NVDA,2019-11-07,51.8468,0.003431356973961411,0.003431356973961411
NVDA,2019-11-08,51.7071,-0.002698113441390192,0.002698113441390192
NVDA,2019-11-11,51.8068,0.0019263119412860712,0.0019263119412860712
NVDA,2019-11-12,52.1585,0.006765744755159422,0.006765744755159422
NVDA,2019-11-13,51.9008,-0.004952955224942882,0.004952955224942882
NVDA,2019-11-14,52.2035,0.005815338138050916,0.005815338138050916
NVDA,2019-11-15,50.8101,-0.027054388729067888,0.027054388729067888
NVDA,2019-11-18,52.8226,0.038843975716191144,0.038843975716191144
NVDA,2019-11-19,51.759,-0.02034079936857083,0.02034079936857083
NVDA,2019-11-20,52.5481,0.01513061055961328,0.01513061055961328
NVDA,2019-11-21,52.3002,-0.004728745472106279,0.004728745472106279
NVDA,2019-11-22,52.4762,0.0033595383222800273,0.0033595383222800273
NVDA,2019-11-25,55.0419,0.047734979900488354,0.047734979900488354
NVDA,2019-11-26,53.9992,-0.01912548173839273,0.01912548173839273
NVDA,2019-11-27,54.3437,0.00635945984540883,0.00635945984540883
NVDA,2019-11-29,53.9743,-0.006820684135469118,0.006820684135469118
NVDA,2019-12-02,52.1066,-0.03521638715093114,0.03521638715093114
NVDA,2019-12-03,51.7141,-0.007561148594939054,0.007561148594939054
NVDA,2019-12-04,52.1486,0.008366863845058463,0.008366863845058463
NVDA,2019-12-05,51.9807,-0.0032248396082097913,0.0032248396082097913
NVDA,2019-12-06,52.8356,0.016312710096516875,0.016312710096516875
NVDA,2019-12-09,52.8356,0.0,0.0
NVDA,2019-12-10,53.2861,0.008490303231047686,0.008490303231047686
NVDA,2019-12-11,54.1239,0.015600353622295421,0.015600353622295421
NVDA,2019-12-12,55.7949,0.030406604570267635,0.030406604570267635
NVDA,2019-12-13,55.7749,-0.000358519961749918,0.000358519961749918
NVDA,2019-12-16,56.0646,0.005180649912439206,0.005180649912439206
NVDA,2019-12-17,56.8465,0.013850055466549275,0.013850055466549275
NVDA,2019-12-18,57.1503,0.00532998679287043,0.00532998679287043
NVDA,2019-12-19,58.6343,0.025635210008762198,0.025635210008762198
NVDA,2019-12-20,59.6082,0.016473298920489605,0.016473298920489605
NVDA,2019-12-23,59.4713,-0.0022993052593203505,0.0022993052593203505
NVDA,2019-12-24,59.4223,-0.0008242664495696235,0.0008242664495696235
NVDA,2019-12-26,59.5633,0.002370035802661123,0.002370035802661123
NVDA,2019-12-27,58.9849,-0.009758133647802585,0.009758133647802585
NVDA,2019-12-30,57.8494,-0.0194383970110157,0.0194383970110157
NVDA,2019-12-31,58.5944,0.012796046941508859,0.012796046941508859
NVDA,2020-01-02,59.7429,0.019411226422489897,0.019411226422489897
NVDA,2020-01-03,58.7862,-0.016143221816965043,0.016143221816965043
NVDA,2020-01-06,59.0328,0.004186088153937997,0.004186088153937997
NVDA,2020-01-07,59.7479,0.012040822114404368,0.012040822114404368
NVDA,2020-01-08,59.8608,0.0018878231020004767,0.0018878231020004767
NVDA,2020-01-09,60.517,0.010902450449093883,0.010902450449093883
NVDA,2020-01-10,60.8416,0.0053494482315807855,0.0053494482315807855
NVDA,2020-01-13,62.7471,0.030838596271368802,0.030838596271368802
NVDA,2020-01-14,61.5766,-0.018830433563829626,0.018830433563829626
NVDA,2020-01-15,61.1532,-0.006899737141430737,0.006899737141430737
NVDA,2020-01-16,61.9883,0.013563466460522386,0.013563466460522386
NVDA,2020-01-17,62.0761,0.001415394176859383,0.001415394176859383
NVDA,2020-01-21,61.7404,-0.005422553901604915,0.005422553901604915
NVDA,2020-01-22,62.2679,0.008507546375969855,0.008507546375969855
NVDA,2020-01-23,62.965,0.011132972246824871,0.011132972246824871
NVDA,2020-01-24,62.3757,-0.00940324000420837,0.00940324000420837
NVDA,2020-01-27,59.8148,-0.041922654479222846,0.041922654479222846
NVDA,2020-01-28,61.7484,0.03181494226683979,0.03181494226683979
NVDA,2020-01-29,61.1462,-0.00980034631204704,0.00980034631204704
NVDA,2020-01-30,61.2121,0.00107716446488524,0.00107716446488524
NVDA,2020-01-31,58.8749,-0.03893002857271788,0.03893002857271788
NVDA,2020-02-03,59.8478,0.01638981894395633,0.01638981894395633
NVDA,2020-02-04,61.5396,0.02787619726997235,0.02787619726997235
NVDA,2020-02-05,62.4456,0.014614907689060585,0.014614907689060585
NVDA,2020-02-06,63.3074,0.013706448226596273,0.013706448226596273
NVDA,2020-02-07,62.6494,-0.010448121669870768,0.010448121669870768
NVDA,2020-02-10,65.4816,0.044215082865319034,0.044215082865319034
NVDA,2020-02-11,66.7103,0.01859017664183951,0.01859017664183951
NVDA,2020-02-12,67.8687,0.017215592478501768,0.017215592478501768
NVDA,2020-02-13,67.4301,-0.006483450501895814,0.006483450501895814
NVDA,2020-02-14,72.1603,0.06779852740884579,0.06779852740884579
NVDA,2020-02-18,73.8473,0.02310941453956765,0.02310941453956765
NVDA,2020-02-19,78.3665,0.05939709240784842,0.05939709240784842
NVDA,2020-02-20,76.8713,-0.019263945233988448,0.019263945233988448
NVDA,2020-02-21,73.2272,-0.04856565824086928,0.04856565824086928
NVDA,2020-02-24,68.0546,-0.07325661247845958,0.07325661247845958
NVDA,2020-02-25,65.252,-0.04205362709370675,0.04205362709370675
NVDA,2020-02-26,66.6503,0.021202850665812872,0.021202850665812872
NVDA,2020-02-27,62.937,-0.057325321681919866,0.057325321681919866
NVDA,2020-02-28,67.2946,0.06694576963205713,0.06694576963205713
NVDA,2020-03-02,68.8755,0.023220531284852765,0.023220531284852765
NVDA,2020-03-03,66.2507,-0.038854496126611834,0.038854496126611834
NVDA,2020-03-04,70.8892,0.06767206386542661,0.06767206386542661
NVDA,2020-03-05,68.0965,-0.04019227788631776,0.04019227788631776
NVDA,2020-03-06,66.2887,-0.026906371567375773,0.026906371567375773
NVDA,2020-03-09,61.1592,-0.08053914472940357,0.08053914472940357
NVDA,2020-03-10,65.0502,0.06167897898124354,0.06167897898124354
NVDA,2020-03-11,61.4148,-0.05750843105948513,0.05750843105948513
NVDA,2020-03-12,53.8994,-0.13053150232475907,0.13053150232475907
NVDA,2020-03-13,60.0107,0.10740353352835942,0.10740353352835942
NVDA,2020-03-16,48.9345,-0.20404021046599205,0.20404021046599205
NVDA,2020-03-17,54.1389,0.10107029709493938,0.10107029709493938
NVDA,2020-03-18,50.5356,-0.0688749278694048,0.0688749278694048
NVDA,2020-03-19,53.0663,0.04886403675508518,0.04886403675508518
NVDA,2020-03-20,51.2678,-0.034479200379487644,0.034479200379487644
NVDA,2020-03-23,52.9973,0.03317809406716112,0.03317809406716112
NVDA,2020-03-24,62.0881,0.15831337530949258,0.15831337530949258
NVDA,2020-03-25,61.2021,-0.014372841512660925,0.014372841512660925
NVDA,2020-03-26,64.0925,0.04614584974578746,0.04614584974578746
NVDA,2020-03-27,62.969,-0.01768481060435501,0.01768481060435501
NVDA,2020-03-30,66.1759,0.04967380652640998,0.04967380652640998
NVDA,2020-03-31,65.6795,-0.007529495875192939,0.007529495875192939
NVDA,2020-04-01,60.567,-0.0810366621515212,0.0810366621515212
NVDA,2020-04-02,63.6501,0.04965070579789373,0.04965070579789373
NVDA,2020-04-03,60.7766,-0.04619604962388045,0.04619604962388045
NVDA,2020-04-06,66.878,0.09566521755287362,0.09566521755287362
NVDA,2020-04-07,64.5389,-0.0356019212383463,0.0356019212383463
NVDA,2020-04-08,66.5155,0.03016686042428456,0.03016686042428456
NVDA,2020-04-09,65.5166,-0.015131457562565242,0.015131457562565242
NVDA,2020-04-13,67.2396,0.025958814036287865,0.025958814036287865
NVDA,2020-04-14,70.7523,0.05092268514612438,0.05092268514612438
NVDA,2020-04-15,69.9751,-0.011045580346557693,0.011045580346557693
NVDA,2020-04-16,73.4278,0.048163146025778335,0.048163146025778335
NVDA,2020-04-17,72.8356,-0.008097763843346704,0.008097763843346704
NVDA,2020-04-20,71.5221,-0.018198353814443954,0.018198353814443954
NVDA,2020-04-21,67.1546,-0.06300906887659208,0.06300906887659208
NVDA,2020-04-22,71.2985,0.05987786535708197,0.05987786535708197
NVDA,2020-04-23,70.7673,-0.00747825973011197,0.00747825973011197
NVDA,2020-04-24,72.1533,0.019395992618988812,0.019395992618988812
NVDA,2020-04-27,74.02,0.025542304738344332,0.025542304738344332
NVDA,2020-04-28,72.5958,-0.019428258040376418,0.019428258040376418
NVDA,2020-04-29,74.3648,0.024075642686076044,0.024075642686076044
NVDA,2020-04-30,72.8256,-0.020915169863211788,0.020915169863211788
NVDA,2020-05-01,70.4605,-0.033015272627775795,0.033015272627775795
NVDA,2020-05-04,72.5758,0.02957926381679098,0.02957926381679098
NVDA,2020-05-05,73.1892,0.008416336168904984,0.008416336168904984
NVDA,2020-05-06,74.1968,0.01367315346029876,0.01367315346029876
NVDA,2020-05-07,75.9625,0.023518774902757226,0.023518774902757226
NVDA,2020-05-08,77.8652,0.024739329030657894,0.024739329030657894
NVDA,2020-05-11,80.383,0.03182358454954194,0.03182358454954194
NVDA,2020-05-12,77.7655,-0.03310482293809551,0.03310482293809551
NVDA,2020-05-13,77.5397,-0.002907824839133256,0.002907824839133256
NVDA,2020-05-14,80.0355,0.0316802229815227,0.0316802229815227
NVDA,2020-05-15,84.6256,0.05576653506473419,0.05576653506473419
NVDA,2020-05-18,87.2115,0.03009938164267761,0.03009938164267761
NVDA,2020-05-19,87.7608,0.006278728742329633,0.006278728742329633
NVDA,2020-05-20,89.3996,0.01850127620081915,0.01850127620081915
NVDA,2020-05-21,87.4611,-0.02192208481270725,0.02192208481270725
NVDA,2020-05-22,89.9621,0.028194347443148627,0.028194347443148627
NVDA,2020-05-26,86.8879,-0.034769688456811734,0.034769688456811734
NVDA,2020-05-27,84.9663,-0.02236407478332021,0.02236407478332021
NVDA,2020-05-28,84.5876,-0.004467023521419681,0.004467023521419681
NVDA,2020-05-29,88.4589,0.044750353598577874,0.044750353598577874
NVDA,2020-06-01,87.7678,-0.007843346586248983,0.007843346586248983
NVDA,2020-06-02,87.9577,0.00216132631773778,0.00216132631773778
NVDA,2020-06-03,87.4042,-0.006312680668687227,0.006312680668687227
NVDA,2020-06-04,87.4142,0.0001144044335252803,0.0001144044335252803
NVDA,2020-06-05,88.9414,0.017319985047294525,0.017319985047294525
NVDA,2020-06-08,87.7958,-0.012964062401612195,0.012964062401612195
NVDA,2020-06-09,90.1989,0.02700356836626044,0.02700356836626044
NVDA,2020-06-10,93.3986,0.03485912395682893,0.03485912395682893
NVDA,2020-06-11,87.7088,-0.06285411940962991,0.06285411940962991
NVDA,2020-06-12,89.0663,0.015358799799975429,0.015358799799975429
NVDA,2020-06-15,91.4712,0.02664313241820709,0.02664313241820709
NVDA,2020-06-16,90.4215,-0.011542097658622142,0.011542097658622142
NVDA,2020-06-17,92.0924,0.01831034987627035,0.01831034987627035
NVDA,2020-06-18,91.9126,-0.0019542953422504944,0.0019542953422504944
NVDA,2020-06-19,92.3451,0.004694520709906487,0.004694520709906487
NVDA,2020-06-22,94.9938,0.028278980089962085,0.028278980089962085
NVDA,2020-06-23,94.2267,-0.008108045401533981,0.008108045401533981
NVDA,2020-06-24,92.0884,-0.022954595636781365,0.022954595636781365
NVDA,2020-06-25,94.6263,0.027186464829858634,0.027186464829858634
NVDA,2020-06-26,91.2835,-0.0359654017274496,0.0359654017274496
NVDA,2020-06-29,91.7327,0.004908864920471102,0.004908864920471102
NVDA,2020-06-30,94.7042,0.03187943649187778,0.03187943649187778
NVDA,2020-07-01,95.0257,0.003389031541328678,0.003389031541328678
NVDA,2020-07-02,95.8477,0.008613092046251629,0.008613092046251629
NVDA,2020-07-06,98.1057,0.023284995481945573,0.023284995481945573
NVDA,2020-07-07,98.4294,0.0032940710611295224,0.0032940710611295224
NVDA,2020-07-08,101.862,0.03427941613654,0.03427941613654
NVDA,2020-07-09,104.788,0.028320305457533893,0.028320305457533893
NVDA,2020-07-10,104.498,-0.0027713290483488235,0.0027713290483488235
NVDA,2020-07-13,100.234,-0.04166048001415876,0.04166048001415876
NVDA,2020-07-14,103.479,0.031861241116425784,0.031861241116425784
NVDA,2020-07-15,101.982,-0.014572366444734003,0.014572366444734003
NVDA,2020-07-16,101.054,-0.009141299692903507,0.009141299692903507
NVDA,2020-07-17,101.722,0.006588574747013693,0.006588574747013693
NVDA,2020-07-20,104.808,0.029886502673989804,0.029886502673989804
NVDA,2020-07-21,102.991,-0.017488499080246387,0.017488499080246387
NVDA,2020-07-22,104.088,0.010595089430051538,0.010595089430051538
NVDA,2020-07-23,101.004,-0.030076575183735313,0.030076575183735313
NVDA,2020-07-24,101.652,0.006395095219974819,0.006395095219974819
NVDA,2020-07-27,103.918,0.022046911366213548,0.022046911366213548
NVDA,2020-07-28,101.862,-0.019983170547076254,0.019983170547076254
NVDA,2020-07-29,104.358,0.024208339597519925,0.024208339597519925
NVDA,2020-07-30,105.838,0.014082327526620945,0.014082327526620945
NVDA,2020-07-31,105.838,0.0,0.0
NVDA,2020-08-03,109.782,0.036586958029791734,0.036586958029791734
NVDA,2020-08-04,111.959,0.019636151635537162,0.019636151635537162
NVDA,2020-08-05,112.539,0.005167095390115244,0.005167095390115244
NVDA,2020-08-06,113.028,0.004335747392544261,0.004335747392544261
NVDA,2020-08-07,111.669,-0.012096437167644079,0.012096437167644079
NVDA,2020-08-10,111.33,-0.0030403747204205372,0.0030403747204205372
NVDA,2020-08-11,108.194,-0.0285728517308664,0.0285728517308664
NVDA,2020-08-12,114.068,0.052868849782636194,0.052868849782636194
NVDA,2020-08-13,114.098,0.0002629664382325605,0.0002629664382325605
NVDA,2020-08-14,115.305,0.010523063238586828,0.010523063238586828
NVDA,2020-08-17,123.005,0.06464421348351101,0.06464421348351101
NVDA,2020-08-18,122.256,-0.006107798047505225,0.006107798047505225
NVDA,2020-08-19,121.036,-0.010029184897807962,0.010029184897807962
NVDA,2020-08-20,121.066,0.0002478294285345792,0.0002478294285345792
NVDA,2020-08-21,126.472,0.043685088357948855,0.043685088357948855
NVDA,2020-08-24,126.831,0.002834551824265442,0.002834551824265442
NVDA,2020-08-25,127.13,0.0023546933438790864,0.0023546933438790864
NVDA,2020-08-26,127.36,0.001807537134041881,0.001807537134041881
NVDA,2020-08-27,125.913,-0.011426529823542614,0.011426529823542614
NVDA,2020-08-28,131.094,0.04032343085941239,0.04032343085941239
NVDA,2020-08-31,133.362,0.017152612198741857,0.017152612198741857
NVDA,2020-09-01,137.859,0.0331641883648389,0.0331641883648389
NVDA,2020-09-02,143.089,0.037235390590131597,0.037235390590131597
NVDA,2020-09-03,129.818,-0.09733334474570068,0.09733334474570068
NVDA,2020-09-04,125.893,-0.030701129717660074,0.030701129717660074
NVDA,2020-09-08,118.832,-0.05772160889535378,0.05772160889535378
NVDA,2020-09-09,126.821,0.06506591250546716,0.06506591250546716
NVDA,2020-09-10,122.795,-0.03226034516068725,0.03226034516068725
NVDA,2020-09-11,121.336,-0.0119527415226247,0.0119527415226247
NVDA,2020-09-14,128.389,0.056501161054968205,0.056501161054968205
NVDA,2020-09-15,129.578,0.009218298618004672,0.009218298618004672
NVDA,2020-09-16,124.814,-0.03745838729121007,0.03745838729121007
NVDA,2020-09-17,124.314,-0.004014006224458128,0.004014006224458128
NVDA,2020-09-18,121.586,-0.0221887915814302,0.0221887915814302
NVDA,2020-09-21,124.844,0.026443126576802006,0.026443126576802006
NVDA,2020-09-22,126.053,0.009637495528272729,0.009637495528272729
NVDA,2020-09-23,120.926,-0.04152366516660303,0.04152366516660303
NVDA,2020-09-24,123.154,0.018256816490193492,0.018256816490193492
NVDA,2020-09-25,128.409,0.04178487750373749,0.04178487750373749
NVDA,2020-09-28,130.017,0.012444728879428135,0.012444728879428135
NVDA,2020-09-29,131.914,0.014484983969829855,0.014484983969829855
NVDA,2020-09-30,134.96,0.022828243131081914,0.022828243131081914
NVDA,2020-10-01,135.8,0.00620477688688287,0.00620477688688287
NVDA,2020-10-02,130.287,-0.041443505733217596,0.041443505733217596
NVDA,2020-10-05,136.08,0.043503238696228186,0.043503238696228186
NVDA,2020-10-06,137.019,0.006876654255872876,0.006876654255872876
NVDA,2020-10-07,139.286,0.016409770879001973,0.016409770879001973
NVDA,2020-10-08,138.039,-0.00899311929593975,0.00899311929593975
NVDA,2020-10-09,137.279,-0.005520902595705032,0.005520902595705032
NVDA,2020-10-12,141.892,0.03305085351508002,0.03305085351508002
NVDA,2020-10-13,142.112,0.0015492742637751712,0.0015492742637751712
NVDA,2020-10-14,140.592,-0.010753400356204259,0.010753400356204259
NVDA,2020-10-15,139.346,-0.008902029937912701,0.008902029937912701
NVDA,2020-10-16,137.769,-0.011381679259678593,0.011381679259678593
NVDA,2020-10-19,134.632,-0.023033239145123972,0.023033239145123972
NVDA,2020-10-20,136.11,0.010918251933210115,0.010918251933210115
NVDA,2020-10-21,134.9,-0.008929619130272088,0.008929619130272088
NVDA,2020-10-22,133.262,-0.012216647937401908,0.012216647937401908
NVDA,2020-10-23,135.56,0.017097231462542332,0.017097231462542332
NVDA,2020-10-26,131.074,-0.03365229752926888,0.03365229752926888
NVDA,2020-10-27,133.622,0.01925286899492181,0.01925286899492181
NVDA,2020-10-28,125.943,-0.05918549456053964,0.05918549456053964
NVDA,2020-10-29,129.908,0.030997083971518048,0.030997083971518048
NVDA,2020-10-30,125.014,-0.038400776584712595,0.038400776584712595
NVDA,2020-11-02,125.483,0.0037445601984523996,0.0037445601984523996
NVDA,2020-11-03,129.858,0.03427125453122559,0.03427125453122559
NVDA,2020-11-04,137.589,0.057829434682810085,0.057829434682810085
NVDA,2020-11-05,141.242,0.026203750811206312,0.026203750811206312
NVDA,2020-11-06,145.247,0.02796101021950891,0.02796101021950891
NVDA,2020-11-09,135.96,-0.06607501664605725,0.06607501664605725
NVDA,2020-11-10,127.37,-0.06526448822624714,0.06526448822624714
NVDA,2020-11-11,133.832,0.049489045427311355,0.049489045427311355
NVDA,2020-11-12,134.222,0.0029098634990518232,0.0029098634990518232
NVDA,2020-11-13,132.623,-0.011984628820691056,0.011984628820691056
NVDA,2020-11-16,134.8,0.016281681770866547,0.016281681770866547
NVDA,2020-11-17,133.882,-0.006833383495542425,0.006833383495542425
NVDA,2020-11-18,133.942,0.0004480554468888209,0.0004480554468888209
NVDA,2020-11-19,134.062,0.0008955090820985215,0.0008955090820985215
NVDA,2020-11-20,130.536,-0.0266533287228823,0.0266533287228823
NVDA,2020-11-23,131.064,0.004036702729192806,0.004036702729192806
NVDA,2020-11-24,129.249,-0.013944977103261173,0.013944977103261173
NVDA,2020-11-25,132.004,0.021091448742845298,0.021091448742845298
NVDA,2020-11-27,132.274,0.002043303596512089,0.002043303596512089
NVDA,2020-11-30,133.672,0.010513509337783932,0.010513509337783932
NVDA,2020-12-01,133.562,-0.0008232485852293405,0.0008232485852293405
NVDA,2020-12-02,135.1,0.011449455459540124,0.011449455459540124
NVDA,2020-12-03,133.662,-0.010701019655361164,0.010701019655361164
NVDA,2020-12-04,135.28,0.012032479279533055,0.012032479279533055
NVDA,2020-12-07,135.76,0.0035419163356459906,0.0035419163356459906
NVDA,2020-12-08,133.202,-0.0190218479173913,0.0190218479173913
NVDA,2020-12-09,129.009,-0.03198460363868191,0.03198460363868191
NVDA,2020-12-10,129.429,0.0032502988705642617,0.0032502988705642617
NVDA,2020-12-11,129.838,0.0031550512736083862,0.0031550512736083862
NVDA,2020-12-14,132.783,0.022428697285828636,0.022428697285828636
NVDA,2020-12-15,133.302,0.0039010140231463754,0.0039010140231463754
NVDA,2020-12-16,132.124,-0.00887635525163586,0.00887635525163586
NVDA,2020-12-17,133.112,0.0074500035417963415,0.0074500035417963415
NVDA,2020-12-18,132.424,-0.005181983155341608,0.005181983155341608
NVDA,2020-12-21,133.022,0.00450563211841378,0.00450563211841378
NVDA,2020-12-22,132.483,-0.00406019276818484,0.00406019276818484
NVDA,2020-12-23,129.798,-0.020474939477306157,0.020474939477306157
NVDA,2020-12-24,129.638,-0.0012334450136846798,0.0012334450136846798
NVDA,2020-12-28,128.709,-0.00719190859008474,0.00719190859008474
NVDA,2020-12-29,129.139,0.0033353014071729288,0.0033353014071729288
NVDA,2020-12-30,131.154,0.015482861641729661,0.015482861641729661
NVDA,2020-12-31,130.247,-0.006939557537257517,0.006939557537257517
NVDA,2021-01-04,130.835,0.004504339588055466,0.004504339588055466
NVDA,2021-01-05,133.742,0.021975583576411745,0.021975583576411745
NVDA,2021-01-06,125.853,-0.06079801170365874,0.06079801170365874
NVDA,2021-01-07,133.142,0.05630166864184383,0.05630166864184383
NVDA,2021-01-08,132.463,-0.00511286669428093,0.00511286669428093
NVDA,2021-01-11,135.91,0.02568954082022179,0.02568954082022179
NVDA,2021-01-12,134.542,-0.010116484012767154,0.010116484012767154
NVDA,2021-01-13,135.01,0.0034724318146659126,0.0034724318146659126
NVDA,2021-01-14,131.704,-0.024791869423434025,0.024791869423434025
NVDA,2021-01-15,128.299,-0.02619350298677327,0.02619350298677327
NVDA,2021-01-19,129.957,0.01284014914965768,0.01284014914965768
NVDA,2021-01-20,133.352,0.02578862213218183,0.02578862213218183
NVDA,2021-01-21,138.368,0.03692455393590153,0.03692455393590153
NVDA,2021-01-22,136.819,-0.011257918143518234,0.011257918143518234
NVDA,2021-01-25,136.229,-0.004321591209192171,0.004321591209192171
NVDA,2021-01-26,134.042,-0.016184109547055445,0.016184109547055445
NVDA,2021-01-27,128.879,-0.03927920399410982,0.03927920399410982
NVDA,2021-01-28,130.207,0.010251512087314455,0.010251512087314455
NVDA,2021-01-29,129.598,-0.004688140069794173,0.004688140069794173
NVDA,2021-02-01,132.064,0.018849301869838284,0.018849301869838284
NVDA,2021-02-02,135.26,0.023912198576622568,0.023912198576622568
NVDA,2021-02-03,135.0,-0.0019240737083643488,0.0019240737083643488
NVDA,2021-02-04,136.339,0.009869652864646526,0.009869652864646526
NVDA,2021-02-05,135.6,-0.00543505579678091,0.00543505579678091
NVDA,2021-02-08,144.059,0.060513562378698,0.060513562378698
NVDA,2021-02-09,142.301,-0.012278405406991733,0.012278405406991733
NVDA,2021-02-10,147.295,0.034492846083164545,0.034492846083164545
NVDA,2021-02-11,152.159,0.032488648184875554,0.032488648184875554
NVDA,2021-02-12,149.264,-0.019209476527436223,0.019209476527436223
NVDA,2021-02-16,152.939,0.02432259886426277,0.02432259886426277
NVDA,2021-02-17,148.715,-0.028007426460779906,0.028007426460779906
NVDA,2021-02-18,147.945,-0.005191139548021713,0.005191139548021713
NVDA,2021-02-19,148.914,0.006528375030143939,0.006528375030143939
NVDA,2021-02-22,143.229,-0.038924210114369875,0.038924210114369875
NVDA,2021-02-23,141.102,-0.014961714887090707,0.014961714887090707
NVDA,2021-02-24,144.657,0.024882389820473666,0.024882389820473666
NVDA,2021-02-25,132.773,-0.08572451980484322,0.08572451980484322
NVDA,2021-02-26,136.839,0.03016414915958617,0.03016414915958617
NVDA,2021-03-01,138.109,0.009238176180343081,0.009238176180343081
NVDA,2021-03-02,133.752,-0.03205588952296448,0.03205588952296448
NVDA,2021-03-03,127.749,-0.045919937670818214,0.045919937670818214
NVDA,2021-03-04,123.414,-0.03452284404044561,0.03452284404044561
NVDA,2021-03-05,124.324,0.007346503909825982,0.007346503909825982
NVDA,2021-03-08,115.665,-0.07219297918087342,0.07219297918087342
NVDA,2021-03-09,124.954,0.07724758762065084,0.07724758762065084
NVDA,2021-03-10,124.434,-0.004170214714391879,0.004170214714391879
NVDA,2021-03-11,129.688,0.04135611097997925,0.04135611097997925
NVDA,2021-03-12,128.309,-0.01069014858753037,0.01069014858753037
NVDA,2021-03-15,131.654,0.025735851821864757,0.025735851821864757
NVDA,2021-03-16,132.653,0.007559427160927563,0.007559427160927563
NVDA,2021-03-17,133.152,0.0037546365659968974,0.0037546365659968974
NVDA,2021-03-18,126.971,-0.04753261887365389,0.04753261887365389
NVDA,2021-03-19,128.209,0.00970303090370349,0.00970303090370349
NVDA,2021-03-22,131.604,0.02613566873549212,0.02613566873549212
NVDA,2021-03-23,130.456,-0.008761408407096206,0.008761408407096206
NVDA,2021-03-24,126.182,-0.03331069596944462,0.03331069596944462
NVDA,2021-03-25,125.104,-0.008579917807373216,0.008579917807373216
NVDA,2021-03-26,128.139,0.023970220833852324,0.023970220833852324
NVDA,2021-03-29,129.229,0.008470412149851453,0.008470412149851453
NVDA,2021-03-30,128.469,-0.005898394271063195,0.005898394271063195
NVDA,2021-03-31,133.222,0.036329279538390956,0.036329279538390956
NVDA,2021-04-01,137.859,0.03421451406233362,0.03421451406233362
NVDA,2021-04-05,139.613,0.012642885506220709,0.012642885506220709
NVDA,2021-04-06,138.358,-0.00902978028206207,0.00902978028206207
NVDA,2021-04-07,141.172,0.02013447619207252,0.02013447619207252
NVDA,2021-04-08,142.89,0.01209609836912397,0.01209609836912397
NVDA,2021-04-09,143.719,0.005784900766394527,0.005784900766394527
NVDA,2021-04-12,151.789,0.054631394320514746,0.054631394320514746
NVDA,2021-04-13,156.473,0.030392072566788157,0.030392072566788157
NVDA,2021-04-14,152.459,-0.02598776369342751,0.02598776369342751
NVDA,2021-04-15,161.048,0.054806749755378775,0.054806749755378775
NVDA,2021-04-16,158.801,-0.014050611174100268,0.014050611174100268
NVDA,2021-04-19,153.308,-0.03520287624859709,0.03520287624859709
NVDA,2021-04-20,151.41,-0.012457580753549283,0.012457580753549283
NVDA,2021-04-21,153.288,0.01232711590711707,0.01232711590711707
NVDA,2021-04-22,148.205,-0.03372205444289831,0.03372205444289831
NVDA,2021-04-23,152.349,0.02757749109239782,0.02757749109239782
NVDA,2021-04-26,154.465,0.013793591880643158,0.013793591880643158
NVDA,2021-04-27,153.508,-0.00621485052450231,0.00621485052450231
NVDA,2021-04-28,152.459,-0.006856975491889559,0.006856975491889559
NVDA,2021-04-29,152.939,0.003143441641719604,0.003143441641719604
NVDA,2021-04-30,149.802,-0.020724726954028282,0.020724726954028282
NVDA,2021-05-03,148.075,-0.011595519965811082,0.011595519965811082
NVDA,2021-05-04,143.229,-0.03327415417318819,0.03327415417318819
NVDA,2021-05-05,144.297,0.00742892755307909,0.00742892755307909
NVDA,2021-05-06,144.947,0.004494482818566099,0.004494482818566099
NVDA,2021-05-07,147.825,0.019660983345407727,0.019660983345407727
NVDA,2021-05-10,142.381,-0.03752257859747974,0.03752257859747974
NVDA,2021-05-11,142.78,0.0027984209649007706,0.0027984209649007706
NVDA,2021-05-12,137.319,-0.03899829777175263,0.03899829777175263
NVDA,2021-05-13,136.389,-0.0067955893064861736,0.0067955893064861736
NVDA,2021-05-14,142.152,0.04138581064669798,0.04138581064669798
NVDA,2021-05-17,141.392,-0.005360732867125106,0.005360732867125106
NVDA,2021-05-18,139.893,-0.010658330095856572,0.010658330095856572
NVDA,2021-05-19,140.392,0.0035606652315135737,0.0035606652315135737
NVDA,2021-05-20,145.837,0.03805104975932039,0.03805104975932039
NVDA,2021-05-21,149.624,0.025635920810073126,0.025635920810073126
NVDA,2021-05-24,155.805,0.04047974486718551,0.04047974486718551
NVDA,2021-05-25,156.164,0.0023015117429439854,0.0023015117429439854
NVDA,2021-05-26,156.683,0.0033179188301070057,0.0033179188301070057
NVDA,2021-05-27,154.565,-0.013609936083493836,0.013609936083493836
NVDA,2021-05-28,162.117,0.04770357694019919,0.04770357694019919
NVDA,2021-06-01,162.326,0.001288362078451476,0.001288362078451476
NVDA,2021-06-02,167.45,0.0310781403841213,0.0310781403841213
NVDA,2021-06-03,169.367,0.011383158805938594,0.011383158805938594
NVDA,2021-06-04,175.441,0.03523484600163623,0.03523484600163623
NVDA,2021-06-07,175.851,0.0023342415208050414,0.0023342415208050414
NVDA,2021-06-08,174.231,-0.00925504061056178,0.00925504061056178
NVDA,2021-06-09,173.283,-0.005455908835829358,0.005455908835829358
NVDA,2021-06-10,173.951,0.0038475542376091004,0.0038475542376091004
NVDA,2021-06-11,177.946,0.022706483119530822,0.022706483119530822
NVDA,2021-06-14,179.884,0.010832065222844875,0.010832065222844875
NVDA,2021-06-15,177.577,-0.01290788103505446,0.01290788103505446
NVDA,2021-06-16,177.796,0.001232507971754377,0.001232507971754377
NVDA,2021-06-17,186.257,0.04649061480714246,0.04649061480714246
NVDA,2021-06-18,186.077,-0.0009668739036600815,0.0009668739036600815
NVDA,2021-06-21,183.959,-0.011447659849761448,0.011447659849761448
NVDA,2021-06-22,188.552,0.024660924221478576,0.024660924221478576
NVDA,2021-06-23,190.25,0.008965165827708699,0.008965165827708699
NVDA,2021-06-24,191.738,0.00779086006095714,0.00779086006095714
NVDA,2021-06-25,189.991,-0.009153154185237858,0.009153154185237858
NVDA,2021-06-28,199.51,0.04888765776945534,0.04888765776945534
NVDA,2021-06-29,199.93,0.002102944896771505,0.002102944896771505
NVDA,2021-06-30,199.68,-0.0012512201026783614,0.0012512201026783614
NVDA,2021-07-01,201.776,0.010442086032455847,0.010442086032455847
NVDA,2021-07-02,204.513,0.013473371931022802,0.013473371931022802
NVDA,2021-07-06,206.611,0.010206255105246451,0.010206255105246451
NVDA,2021-07-07,203.374,-0.015791149747874322,0.015791149747874322
NVDA,2021-07-08,198.691,-0.02329579438365424,0.02329579438365424
NVDA,2021-07-09,200.159,0.007361196584664152,0.007361196584664152
NVDA,2021-07-12,204.763,0.022741162078211682,0.022741162078211682
NVDA,2021-07-13,202.156,-0.012813536204822892,0.012813536204822892
NVDA,2021-07-14,198.091,-0.020313155504055325,0.020313155504055325
NVDA,2021-07-15,189.342,-0.04517161741895519,0.04517161741895519
NVDA,2021-07-16,181.302,-0.043390754513739506,0.043390754513739506
NVDA,2021-07-19,187.485,0.03353469307073269,0.03353469307073269
NVDA,2021-07-20,185.807,-0.008990341620970784,0.008990341620970784
NVDA,2021-07-21,193.776,0.04199435218937055,0.04199435218937055
NVDA,2021-07-22,195.616,0.009450701067620111,0.009450701067620111
NVDA,2021-07-23,195.256,-0.0018420357651245999,0.0018420357651245999
NVDA,2021-07-26,192.618,-0.013602565140161643,0.013602565140161643
NVDA,2021-07-27,191.758,-0.004474792573085989,0.004474792573085989
NVDA,2021-07-28,194.706,0.015256568176374352,0.015256568176374352
NVDA,2021-07-29,196.295,0.008127901196176965,0.008127901196176965
NVDA,2021-07-30,194.666,-0.008333360243775192,0.008333360243775192
NVDA,2021-08-02,197.173,0.012796246462150622,0.012796246462150622
NVDA,2021-08-03,197.822,0.0032861205029102608,0.0032861205029102608
NVDA,2021-08-04,202.396,0.022858537910392936,0.022858537910392936
NVDA,2021-08-05,206.001,0.017654848774557634,0.017654848774557634
NVDA,2021-08-06,203.314,-0.013129441135273489,0.013129441135273489
NVDA,2021-08-09,202.605,-0.0034933113306202255,0.0034933113306202255
NVDA,2021-08-10,199.021,-0.01784792388580328,0.01784792388580328
NVDA,2021-08-11,196.665,-0.011908573175559012,0.011908573175559012
NVDA,2021-08-12,198.711,0.010349734244950353,0.010349734244950353
NVDA,2021-08-13,201.536,0.01411651761413427,0.01411651761413427
NVDA,2021-08-16,199.16,-0.01185950370457751,0.01185950370457751
NVDA,2021-08-17,194.256,-0.02493164497236251,0.02493164497236251
NVDA,2021-08-18,190.08,-0.02173184062733929,0.02173184062733929
NVDA,2021-08-19,197.652,0.039062872414258834,0.039062872414258834
NVDA,2021-08-20,207.789,0.050015233160536056,0.050015233160536056
NVDA,2021-08-23,219.196,0.05344316498310298,0.05344316498310298
NVDA,2021-08-24,217.546,-0.0075559843123222895,0.0075559843123222895
NVDA,2021-08-25,221.742,0.01910422145614609,0.01910422145614609
NVDA,2021-08-26,220.294,-0.006551526026434322,0.006551526026434322
NVDA,2021-08-27,225.966,0.025421527627237716,0.025421527627237716
NVDA,2021-08-30,226.486,0.002298587381431902,0.002298587381431902
NVDA,2021-08-31,223.501,-0.013267244541692305,0.013267244541692305
NVDA,2021-09-01,224.059,0.0024935217138293574,0.0024935217138293574
NVDA,2021-09-02,223.611,-0.0020014749684082733,0.0020014749684082733
NVDA,2021-09-03,228.073,0.01975781808585403,0.01975781808585403
NVDA,2021-09-07,226.266,-0.007954454836156174,0.007954454836156174
NVDA,2021-09-08,223.041,-0.01435568724883784,0.01435568724883784
NVDA,2021-09-09,221.422,-0.007285228064584682,0.007285228064584682
NVDA,2021-09-10,224.429,0.013489015811956027,0.013489015811956027
NVDA,2021-09-13,221.172,-0.014618719452710939,0.014618719452710939
NVDA,2021-09-14,222.071,0.00405647120315625,0.00405647120315625
NVDA,2021-09-15,223.061,0.004448126094417289,0.004448126094417289
NVDA,2021-09-16,222.071,-0.004448126094417357,0.004448126094417357
NVDA,2021-09-17,218.656,-0.015497431962274428,0.015497431962274428
NVDA,2021-09-20,210.794,-0.03661836533434175,0.03661836533434175
NVDA,2021-09-21,212.124,0.006289656077720354,0.006289656077720354
NVDA,2021-09-22,219.066,0.03220204493499277,0.03220204493499277
NVDA,2021-09-23,224.468,0.024360103770423375,0.024360103770423375
NVDA,2021-09-24,220.464,-0.017998741795615256,0.017998741795615256
NVDA,2021-09-27,216.259,-0.019257652808474458,0.019257652808474458
NVDA,2021-09-28,206.661,-0.04539699380280136,0.04539699380280136
NVDA,2021-09-29,204.853,-0.008787120892532103,0.008787120892532103
NVDA,2021-09-30,206.83,0.009604551063492882,0.009604551063492882
NVDA,2021-10-01,207.09,0.0012562815722615512,0.0012562815722615512
NVDA,2021-10-04,197.024,-0.04982793265469427,0.04982793265469427
NVDA,2021-10-05,204.193,0.03574007629665705,0.03574007629665705
NVDA,2021-10-06,206.671,0.012062531867686136,0.012062531867686136
NVDA,2021-10-07,210.415,0.01795361420486796,0.01795361420486796
NVDA,2021-10-08,207.979,-0.011644658032113751,0.011644658032113751
NVDA,2021-10-11,206.621,-0.006550915853773638,0.006550915853773638
NVDA,2021-10-12,206.381,-0.0011622221055356257,0.0011622221055356257
NVDA,2021-10-13,209.057,0.01288296694762799,0.01288296694762799
NVDA,2021-10-14,217.117,0.0378294366929635,0.0378294366929635
NVDA,2021-10-15,218.276,0.005323938315901132,0.005323938315901132
NVDA,2021-10-18,221.871,0.016335814835076092,0.016335814835076092
NVDA,2021-10-19,222.551,0.003060156925887096,0.003060156925887096
NVDA,2021-10-20,220.684,-0.008424474791080683,0.008424474791080683
NVDA,2021-10-21,226.566,0.026304479172569426,0.026304479172569426
NVDA,2021-10-22,226.905,0.0014951344767396588,0.0014951344767396588
NVDA,2021-10-25,231.3,0.019184141555121145,0.019184141555121145
NVDA,2021-10-26,246.79,0.06482220333436328,0.06482220333436328
NVDA,2021-10-27,244.135,-0.01081642159225128,0.01081642159225128
NVDA,2021-10-28,249.026,0.019835957704739372,0.019835957704739372
NVDA,2021-10-29,255.281,0.024807590545385113,0.024807590545385113
NVDA,2021-11-01,257.875,0.010110072161785872,0.010110072161785872
NVDA,2021-11-02,263.61,0.021995766784445744,0.021995766784445744
NVDA,2021-11-03,265.568,0.007400190240175873,0.007400190240175873
NVDA,2021-11-04,297.546,0.11369790646566046,0.11369790646566046
NVDA,2021-11-05,297.058,-0.0016414289495790659,0.0016414289495790659
NVDA,2021-11-08,307.565,0.034759041090223576,0.034759041090223576
NVDA,2021-11-09,306.096,-0.004787668781317052,0.004787668781317052
NVDA,2021-11-10,294.132,-0.039870132071685466,0.039870132071685466
NVDA,2021-11-11,303.429,0.03111899956555706,0.03111899956555706
NVDA,2021-11-12,303.429,0.0,0.0
NVDA,2021-11-15,299.784,-0.012085430403179255,0.012085430403179255
NVDA,2021-11-16,301.561,0.005910102095952064,0.005910102095952064
NVDA,2021-11-17,292.152,-0.031698102652265074,0.031698102652265074
NVDA,2021-11-18,316.262,0.07929676921047626,0.07929676921047626
NVDA,2021-11-19,329.337,0.04051055863513779,0.04051055863513779
NVDA,2021-11-22,319.069,-0.03167416228541104,0.03167416228541104
NVDA,2021-11-23,316.972,-0.006593938435191227,0.006593938435191227
NVDA,2021-11-24,326.23,0.028789212175408065,0.028789212175408065
NVDA,2021-11-26,314.543,-0.036481862321080596,0.036481862321080596
NVDA,2021-11-29,333.242,0.057748161014425016,0.057748161014425016
NVDA,2021-11-30,326.25,-0.02120499413226595,0.02120499413226595
NVDA,2021-12-01,313.907,-0.03856719494206697,0.03856719494206697
NVDA,2021-12-02,320.808,0.02174604964244541,0.02174604964244541
NVDA,2021-12-03,306.496,-0.04563810861713751,0.04563810861713751
NVDA,2021-12-06,299.944,-0.021608914155000287,0.021608914155000287
NVDA,2021-12-07,323.803,0.07653951561385307,0.07653951561385307
NVDA,2021-12-08,317.811,-0.0186784397112677,0.0186784397112677
NVDA,2021-12-09,304.467,-0.04289415957494183,0.04289415957494183
NVDA,2021-12-10,301.551,-0.009623550801654954,0.009623550801654954
NVDA,2021-12-13,281.206,-0.06985165925565542,0.06985165925565542
NVDA,2021-12-14,282.966,0.006239252247455359,0.006239252247455359
NVDA,2021-12-15,304.159,0.07222384190848906,0.07222384190848906
NVDA,2021-12-16,283.465,-0.07046193223515494,0.07046193223515494
NVDA,2021-12-17,277.611,-0.020867805548450375,0.020867805548450375
NVDA,2021-12-20,276.792,-0.002954531616068885,0.002954531616068885
NVDA,2021-12-21,290.336,0.04777255139547135,0.04777255139547135
NVDA,2021-12-22,293.582,0.011118113971828483,0.011118113971828483
NVDA,2021-12-23,295.978,0.008128140278499812,0.008128140278499812
NVDA,2021-12-27,309.012,0.04309498385759788,0.04309498385759788
NVDA,2021-12-28,302.79,-0.020340615176266647,0.020340615176266647
NVDA,2021-12-29,299.584,-0.010644650241272521,0.010644650241272521
NVDA,2021-12-30,295.438,-0.013935844720251346,0.013935844720251346
NVDA,2021-12-31,293.692,-0.005927401802683214,0.005927401802683214
NVDA,2022-01-03,300.783,0.02385747536648029,0.02385747536648029
NVDA,2022-01-04,292.482,-0.02798594820434706,0.02798594820434706
NVDA,2022-01-05,275.643,-0.05929657612559663,0.05929657612559663
NVDA,2022-01-06,281.376,0.02058530300538424,0.02058530300538424
NVDA,2022-01-07,272.078,-0.033603063303851294,0.033603063303851294
NVDA,2022-01-10,273.607,0.005603980323691713,0.005603980323691713
NVDA,2022-01-11,277.771,0.015104263005956175,0.015104263005956175
NVDA,2022-01-12,279.588,0.0065200577613085415,0.0065200577613085415
NVDA,2022-01-13,265.368,-0.05219954907548607,0.05219954907548607
NVDA,2022-01-14,269.031,0.01370907268950929,0.01370907268950929
NVDA,2022-01-18,258.665,-0.03929282640233779,0.03929282640233779
NVDA,2022-01-19,250.315,-0.03281366346697295,0.03281366346697295
NVDA,2022-01-20,241.157,-0.03727195105852261,0.03727195105852261
NVDA,2022-01-21,233.407,-0.03266446283614495,0.03266446283614495
NVDA,2022-01-24,233.387,-8.569090439138635e-05,8.569090439138635e-05
NVDA,2022-01-25,222.921,-0.04588057132384672,0.04588057132384672
NVDA,2022-01-26,227.393,0.019862349475480098,0.019862349475480098
NVDA,2022-01-27,219.126,-0.03703289124474973,0.03703289124474973
NVDA,2022-01-28,228.073,0.040018846311586045,0.040018846311586045
NVDA,2022-01-31,244.513,0.06960272408779826,0.06960272408779826
NVDA,2022-02-01,246.031,0.0061890670175257095,0.0061890670175257095
NVDA,2022-02-02,252.063,0.02422151201348711,0.02422151201348711
NVDA,2022-02-03,239.139,-0.05263408343485561,0.05263408343485561
NVDA,2022-02-04,242.847,0.015386642579167182,0.015386642579167182
NVDA,2022-02-07,246.93,0.0166732802417201,0.0166732802417201
NVDA,2022-02-08,250.724,0.015247836880113014,0.015247836880113014
NVDA,2022-02-09,266.666,0.06164420646391728,0.06164420646391728
NVDA,2022-02-10,257.875,-0.03352196760527669,0.03352196760527669
NVDA,2022-02-11,239.149,-0.07538818274991346,0.07538818274991346
NVDA,2022-02-14,242.327,0.013201265081837197,0.013201265081837197
NVDA,2022-02-15,264.568,0.08781025338022064,0.08781025338022064
NVDA,2022-02-16,264.728,0.0006045766636192998,0.0006045766636192998
NVDA,2022-02-17,244.722,-0.07858001135250059,0.07858001135250059
NVDA,2022-02-18,236.085,-0.035930962743005126,0.035930962743005126
NVDA,2022-02-22,233.567,-0.010722935820029483,0.010722935820029483
NVDA,2022-02-23,223.551,-0.043829397909461276,0.043829397909461276
NVDA,2022-02-24,237.141,0.05901532499712628,0.05901532499712628
NVDA,2022-02-25,241.227,0.017083497947380694,0.017083497947380694
NVDA,2022-02-28,243.506,0.009403183989462558,0.009403183989462558
NVDA,2022-03-01,234.435,-0.03796321891388609,0.03796321891388609
NVDA,2022-03-02,241.897,0.03133365175787826,0.03133365175787826
NVDA,2022-03-03,236.842,-0.02111876357271741,0.02111876357271741
NVDA,2022-03-04,229.072,-0.03335688752945578,0.03335688752945578
NVDA,2022-03-07,213.252,-0.07156179962662211,0.07156179962662211
NVDA,2022-03-08,214.87,0.007558629098287377,0.007558629098287377
NVDA,2022-03-09,229.851,0.0673980788166121,0.0673980788166121
NVDA,2022-03-10,226.296,-0.015587396074763187,0.015587396074763187
NVDA,2022-03-11,220.723,-0.02493535513370753,0.02493535513370753
NVDA,2022-03-14,213.032,-0.035466132530677694,0.035466132530677694
NVDA,2022-03-15,229.441,0.0742035266725928,0.0742035266725928
NVDA,2022-03-16,244.652,0.06419087680582164,0.06419087680582164
NVDA,2022-03-17,247.349,0.010963502165775005,0.010963502165775005
NVDA,2022-03-18,264.198,0.06589852722557187,0.06589852722557187
NVDA,2022-03-21,267.005,0.010568562779807347,0.010568562779807347
NVDA,2022-03-22,264.908,-0.007884788919158196,0.007884788919158196
NVDA,2022-03-23,256.018,-0.03413484138975674,0.03413484138975674
NVDA,2022-03-24,281.147,0.0936299097129183,0.0936299097129183
NVDA,2022-03-25,276.572,-0.01640647932589564,0.01640647932589564
NVDA,2022-03-28,281.836,0.01885415658787458,0.01885415658787458
NVDA,2022-03-29,286.2,0.015365525639698814,0.015365525639698814
NVDA,2022-03-30,276.552,-0.0342919987425274,0.0342919987425274
NVDA,2022-03-31,272.518,-0.014694201412191394,0.014694201412191394
NVDA,2022-04-01,266.786,-0.021257828066077615,0.021257828066077615
NVDA,2022-04-04,273.257,0.023965905393300842,0.023965905393300842
NVDA,2022-04-05,258.985,-0.053642599330373894,0.053642599330373894
NVDA,2022-04-06,243.766,-0.060561396215161344,0.060561396215161344
NVDA,2022-04-07,241.777,-0.008192935026644893,0.008192935026644893
NVDA,2022-04-08,230.9,-0.04603109736222514,0.04603109736222514
NVDA,2022-04-11,218.896,-0.05338798518269148,0.05338798518269148
NVDA,2022-04-12,214.771,-0.019024386968613007,0.019024386968613007
NVDA,2022-04-13,221.752,0.03198729610559838,0.03198729610559838
NVDA,2022-04-14,212.314,-0.04349332936149481,0.04349332936149481
NVDA,2022-04-18,217.556,0.02438997769982012,0.02438997769982012
NVDA,2022-04-19,221.702,0.018877849128325526,0.018877849128325526
NVDA,2022-04-20,214.551,-0.03278666543652204,0.03278666543652204
NVDA,2022-04-21,201.576,-0.062380990853436805,0.062380990853436805
NVDA,2022-04-22,194.906,-0.03364909043381145,0.03364909043381145
NVDA,2022-04-25,198.771,0.019636017272511023,0.019636017272511023
NVDA,2022-04-26,187.645,-0.057601528454485275,0.057601528454485275
NVDA,2022-04-27,183.919,-0.02005643658209054,0.02005643658209054
NVDA,2022-04-28,197.572,0.07160763157489893,0.07160763157489893
NVDA,2022-04-29,185.239,-0.0644561916725514,0.0644561916725514
NVDA,2022-05-02,195.086,0.051793603785641996,0.051793603785641996
NVDA,2022-05-03,195.776,0.0035306615468894817,0.0035306615468894817
NVDA,2022-05-04,203.084,0.03664853802804097,0.03664853802804097
NVDA,2022-05-05,188.203,-0.07609851904340655,0.07609851904340655
NVDA,2022-05-06,186.517,-0.008998779768354438,0.008998779768354438
NVDA,2022-05-09,169.287,-0.09692688832293246,0.09692688832293246
NVDA,2022-05-10,175.731,0.03735891731677774,0.03735891731677774
NVDA,2022-05-11,166.091,-0.056418585813702106,0.056418585813702106
NVDA,2022-05-12,161.548,-0.027733518799078115,0.027733518799078115
NVDA,2022-05-13,176.838,0.09043174710985612,0.09043174710985612
NVDA,2022-05-16,172.425,-0.025271699918284412,0.025271699918284412
NVDA,2022-05-17,181.542,0.05152467257623048,0.05152467257623048
NVDA,2022-05-18,169.167,-0.07060063920434434,0.07060063920434434
NVDA,2022-05-19,171.025,0.010923351957820614,0.010923351957820614
NVDA,2022-05-20,166.73,-0.025434007074694277,0.025434007074694277
NVDA,2022-05-23,168.768,0.012149253158454077,0.012149253158454077
NVDA,2022-05-24,161.338,-0.04502344748080252,0.04502344748080252
NVDA,2022-05-25,169.537,0.04956964883443588,0.04956964883443588
NVDA,2022-05-26,178.286,0.05031781035242326,0.05031781035242326
NVDA,2022-05-27,187.874,0.05238252293413749,0.05238252293413749
NVDA,2022-05-31,186.487,-0.007409993810492143,0.007409993810492143
NVDA,2022-06-01,182.97,-0.01903932658404886,0.01903932658404886
NVDA,2022-06-02,195.676,0.06713802521625277,0.06713802521625277
NVDA,2022-06-03,186.965,-0.04553879663124153,0.04553879663124153
NVDA,2022-06-06,187.625,0.0035238563921399474,0.0035238563921399474
NVDA,2022-06-07,189.022,0.0074181204482177375,0.0074181204482177375
NVDA,2022-06-08,186.286,-0.014580283229403674,0.014580283229403674
NVDA,2022-06-09,180.291,-0.032710915014378096,0.032710915014378096
NVDA,2022-06-10,169.563,-0.06134767297805448,0.06134767297805448
NVDA,2022-06-13,156.307,-0.08140251708683861,0.08140251708683861
NVDA,2022-06-14,158.196,0.012012748470664424,0.012012748470664424
NVDA,2022-06-15,165.097,0.0426984093915857,0.0426984093915857
NVDA,2022-06-16,155.848,-0.05765200667651587,0.05765200667651587
NVDA,2022-06-17,158.635,0.01772479253376952,0.01772479253376952
NVDA,2022-06-21,165.487,0.04228667607030153,0.04228667607030153
NVDA,2022-06-22,163.429,-0.012513996624360191,0.012513996624360191
NVDA,2022-06-23,162.081,-0.008282434984578759,0.008282434984578759
NVDA,2022-06-24,171.081,0.054040918286200675,0.054040918286200675
NVDA,2022-06-27,168.514,-0.015118296165861772,0.015118296165861772
NVDA,2022-06-28,159.654,-0.05400985874005831,0.05400985874005831
NVDA,2022-06-29,155.258,-0.02792072437768135,0.02792072437768135
NVDA,2022-06-30,151.432,-0.024951569972716102,0.024951569972716102
NVDA,2022-07-01,145.078,-0.042865150481893925,0.042865150481893925
NVDA,2022-07-05,149.486,0.029931214138754627,0.029931214138754627
NVDA,2022-07-06,151.142,0.01101704930856698,0.01101704930856698
NVDA,2022-07-07,158.415,0.046998379597201455,0.046998379597201455
NVDA,2022-07-08,158.216,-0.0012569838468234748,0.0012569838468234748
NVDA,2022-07-11,151.362,-0.04428686927279833,0.04428686927279833
NVDA,2022-07-12,150.662,-0.00463540151381872,0.00463540151381872
NVDA,2022-07-13,151.482,0.005427888776438239,0.005427888776438239
NVDA,2022-07-14,153.56,0.013624564123051942,0.013624564123051942
NVDA,2022-07-15,157.456,0.025054684024032627,0.025054684024032627
NVDA,2022-07-18,160.842,0.021276462512865066,0.021276462512865066
NVDA,2022-07-19,169.743,0.05386301180563544,0.05386301180563544
NVDA,2022-07-20,177.884,0.04684612398446982,0.04684612398446982
NVDA,2022-07-21,180.311,0.013551485317401926,0.013551485317401926
NVDA,2022-07-22,173.011,-0.0413279614855593,0.0413279614855593
NVDA,2022-07-25,170.061,-0.017197980073535877,0.017197980073535877
NVDA,2022-07-26,165.157,-0.02926065956939632,0.02926065956939632
NVDA,2022-07-27,177.715,0.07328460687982799,0.07328460687982799
NVDA,2022-07-28,179.652,0.010840502727361076,0.010840502727361076
NVDA,2022-07-29,181.44,0.009903374283687396,0.009903374283687396
NVDA,2022-08-01,184.218,0.015194818377250528,0.015194818377250528
NVDA,2022-08-02,185.068,0.00460348619284519,0.00460348619284519
NVDA,2022-08-03,188.732,0.01960469423378245,0.01960469423378245
NVDA,2022-08-04,191.949,0.016901692399947495,0.016901692399947495
NVDA,2022-08-05,189.691,-0.011833279259290997,0.011833279259290997
NVDA,2022-08-08,177.745,-0.0650464935914285,0.0650464935914285
NVDA,2022-08-09,170.681,-0.04055362167258541,0.04055362167258541
NVDA,2022-08-10,180.781,0.05749003672041022,0.05749003672041022
NVDA,2022-08-11,179.233,-0.008599718567632376,0.008599718567632376
NVDA,2022-08-12,186.895,0.04186032645703979,0.04186032645703979
NVDA,2022-08-15,190.12,0.01710848991608334,0.01710848991608334
NVDA,2022-08-16,188.592,-0.008069500261594998,0.008069500261594998
NVDA,2022-08-17,183.159,-0.029231323417583003,0.029231323417583003
NVDA,2022-08-18,187.535,0.02361086659044696,0.02361086659044696
NVDA,2022-08-19,178.304,-0.05047553593979194,0.05047553593979194
NVDA,2022-08-22,170.161,-0.046744911020757736,0.046744911020757736
NVDA,2022-08-23,171.631,0.008601775722255933,0.008601775722255933
NVDA,2022-08-24,172.041,0.0023859970815789822,0.0023859970815789822
NVDA,2022-08-25,178.943,0.039334498874771584,0.039334498874771584
NVDA,2022-08-26,162.43,-0.09682017964383006,0.09682017964383006
NVDA,2022-08-29,157.846,-0.028627265561525374,0.028627265561525374
NVDA,2022-08-30,154.518,-0.02130927976377343,0.02130927976377343
NVDA,2022-08-31,150.782,-0.02447550935175231,0.02447550935175231
NVDA,2022-09-01,139.225,-0.0797437555785211,0.0797437555785211
NVDA,2022-09-02,136.328,-0.02102758267064068,0.02102758267064068
NVDA,2022-09-06,134.51,-0.013425201084601492,0.013425201084601492
NVDA,2022-09-07,137.039,0.01862701112922875,0.01862701112922875
NVDA,2022-09-08,139.795,0.019911506931281533,0.019911506931281533
NVDA,2022-09-09,143.762,0.02798209067321299,0.02798209067321299
NVDA,2022-09-12,144.941,0.008167608609772331,0.008167608609772331
NVDA,2022-09-13,131.211,-0.09952004860508129,0.09952004860508129
NVDA,2022-09-14,131.181,-0.00022866550909114619,0.00022866550909114619
NVDA,2022-09-15,129.194,-0.01526289830814769,0.01526289830814769
NVDA,2022-09-16,131.881,0.020584850184011388,0.020584850184011388
NVDA,2022-09-19,133.72,0.013848060726220869,0.013848060726220869
NVDA,2022-09-20,131.661,-0.01551762421972942,0.01551762421972942
NVDA,2022-09-21,132.51,0.006427676944376338,0.006427676944376338
NVDA,2022-09-22,125.517,-0.054216906711004625,0.054216906711004625
NVDA,2022-09-23,125.067,-0.003591613859929388,0.003591613859929388
NVDA,2022-09-26,122.188,-0.023288751462687017,0.023288751462687017
NVDA,2022-09-27,124.037,0.015019065950311399,0.015019065950311399
NVDA,2022-09-28,127.265,0.02569161848284336,0.02569161848284336
NVDA,2022-09-29,122.108,-0.04136562764024494,0.04136562764024494
NVDA,2022-09-30,121.298,-0.006655571267924754,0.006655571267924754
NVDA,2022-10-03,125.027,0.0302793862097513,0.0302793862097513
NVDA,2022-10-04,131.571,0.051016915888038285,0.051016915888038285
NVDA,2022-10-05,131.991,0.0031871085780051144,0.0031871085780051144
NVDA,2022-10-06,131.201,-0.006003240011542165,0.006003240011542165
NVDA,2022-10-07,120.669,-0.08367923844488293,0.08367923844488293
NVDA,2022-10-10,116.613,-0.03419050000438512,0.03419050000438512
NVDA,2022-10-11,115.773,-0.007229382651923681,0.007229382651923681
NVDA,2022-10-12,114.915,-0.007438652694075478,0.007438652694075478
NVDA,2022-10-13,119.51,0.03920732524189558,0.03920732524189558
NVDA,2022-10-14,112.186,-0.06324184175911479,0.06324184175911479
NVDA,2022-10-17,118.792,0.05721585647408555,0.05721585647408555
NVDA,2022-10-18,119.58,0.006611538858998063,0.006611538858998063
NVDA,2022-10-19,120.42,0.007000028583543356,0.007000028583543356
NVDA,2022-10-20,121.848,0.011788734276901122,0.011788734276901122
NVDA,2022-10-21,124.567,0.022069357449815287,0.022069357449815287
NVDA,2022-10-24,125.897,0.010620388568115648,0.010620388568115648
NVDA,2022-10-25,132.51,0.0511940019454109,0.0511940019454109
NVDA,2022-10-26,128.864,-0.02790052960750101,0.02790052960750101
NVDA,2022-10-27,131.661,0.021472852663124844,0.021472852663124844
NVDA,2022-10-28,138.239,0.04875363390111669,0.04875363390111669
NVDA,2022-10-31,134.869,-0.024680134279348776,0.024680134279348776
NVDA,2022-11-01,135.329,0.0034049137626112847,0.0034049137626112847
NVDA,2022-11-02,132.091,-0.02421777171362659,0.02421777171362659
NVDA,2022-11-03,134.11,0.01516927971992751,0.01516927971992751
NVDA,2022-11-04,141.454,0.05331421716855197,0.05331421716855197
NVDA,2022-11-07,142.902,0.010184504747740226,0.010184504747740226
NVDA,2022-11-08,145.911,0.020837766153158032,0.020837766153158032
NVDA,2022-11-09,137.659,-0.058217234122764895,0.058217234122764895
NVDA,2022-11-10,157.383,0.1339027123982078,0.1339027123982078
NVDA,2022-11-11,163.148,0.03597543923877277,0.03597543923877277
NVDA,2022-11-14,162.828,-0.0019633353546985215,0.0019633353546985215
NVDA,2022-11-15,166.535,0.02251106858782215,0.02251106858782215
NVDA,2022-11-16,158.982,-0.04641450927503455,0.04641450927503455
NVDA,2022-11-17,156.653,-0.014757820076272687,0.014757820076272687
NVDA,2022-11-18,153.975,-0.017242916615223994,0.017242916615223994
NVDA,2022-11-21,153.056,-0.005986384075220484,0.005986384075220484
NVDA,2022-11-22,160.26,0.04599362885203794,0.04599362885203794
NVDA,2022-11-23,165.066,0.029547897571983017,0.029547897571983017
NVDA,2022-11-25,162.578,-0.015187507315264675,0.015187507315264675
NVDA,2022-11-28,158.153,-0.0275949677019889,0.0275949677019889
NVDA,2022-11-29,156.273,-0.011958441121000201,0.011958441121000201
NVDA,2022-11-30,169.146,0.07915776951343866,0.07915776951343866
NVDA,2022-12-01,171.266,0.012455656137804298,0.012455656137804298
NVDA,2022-12-02,168.677,-0.015232259870019358,0.015232259870019358
NVDA,2022-12-05,166.018,-0.015889427351907064,0.015889427351907064
NVDA,2022-12-06,159.792,-0.038223246712191725,0.038223246712191725
NVDA,2022-12-07,161.121,0.008282666004333888,0.008282666004333888
NVDA,2022-12-08,171.606,0.06304551597245163,0.06304551597245163
NVDA,2022-12-09,169.926,-0.009838103312936403,0.009838103312936403
NVDA,2022-12-12,175.265,0.030936066098696636,0.030936066098696636
NVDA,2022-12-13,180.631,0.030157162044746423,0.030157162044746423
NVDA,2022-12-14,176.653,-0.022268919912901537,0.022268919912901537
NVDA,2022-12-15,169.436,-0.04171208199730847,0.04171208199730847
NVDA,2022-12-16,165.628,-0.022730964613869347,0.022730964613869347
NVDA,2022-12-19,162.46,-0.01931249216118374,0.01931249216118374
NVDA,2022-12-20,160.771,-0.010450825401351197,0.010450825401351197
NVDA,2022-12-21,164.929,0.025534086041905022,0.025534086041905022
NVDA,2022-12-22,153.315,-0.0730204498142124,0.0730204498142124
NVDA,2022-12-23,151.985,-0.008712796683006193,0.008712796683006193
NVDA,2022-12-27,141.14,-0.07402952619345898,0.07402952619345898
NVDA,2022-12-28,140.29,-0.006040596842003176,0.006040596842003176
NVDA,2022-12-29,145.958,0.03960720035947262,0.03960720035947262
NVDA,2022-12-30,146.068,0.0007533576133805695,0.0007533576133805695
NVDA,2023-01-03,143.079,-0.020675341434149508,0.020675341434149508
NVDA,2023-01-04,147.418,0.02987516371949677,0.02987516371949677
NVDA,2023-01-05,142.579,-0.033375856930390656,0.033375856930390656
NVDA,2023-01-06,148.518,0.0408099309598803,0.0408099309598803
NVDA,2023-01-09,156.203,0.05045028034874591,0.05045028034874591
NVDA,2023-01-10,159.013,0.017829516517155357,0.017829516517155357
NVDA,2023-01-11,159.931,0.0057565123345309395,0.0057565123345309395
NVDA,2023-01-12,165.028,0.03137268425457255,0.03137268425457255
NVDA,2023-01-13,168.907,0.023233111123373323,0.023233111123373323
NVDA,2023-01-17,176.933,0.046422862242662656,0.046422862242662656
NVDA,2023-01-18,173.685,-0.01852781610706537,0.01852781610706537
NVDA,2023-01-19,167.568,-0.03585407470155604,0.03585407470155604
NVDA,2023-01-20,178.303,0.062095111271630185,0.062095111271630185
NVDA,2023-01-23,191.835,0.073151277250973,0.073151277250973
NVDA,2023-01-24,192.555,0.003746199651606535,0.003746199651606535
NVDA,2023-01-25,193.135,0.003007599041750845,0.003007599041750845
NVDA,2023-01-26,197.924,0.02449369237913819,0.02449369237913819
NVDA,2023-01-27,203.549,0.028023643513193308,0.028023643513193308
NVDA,2023-01-30,191.525,-0.06088841373619706,0.06088841373619706
NVDA,2023-01-31,195.275,0.019390473093476458,0.019390473093476458
NVDA,2023-02-01,209.327,0.06948880106897279,0.06948880106897279
NVDA,2023-02-02,216.984,0.03592599553784116,0.03592599553784116
NVDA,2023-02-03,210.896,-0.028458497133065235,0.028458497133065235
NVDA,2023-02-06,210.786,-0.0005217201706265599,0.0005217201706265599
NVDA,2023-02-07,221.622,0.05012982712425259,0.05012982712425259
NVDA,2023-02-08,221.941,0.0014383528607982766,0.0014383528607982766
NVDA,2023-02-09,223.261,0.005929909874704744,0.005929909874704744
NVDA,2023-02-10,212.545,-0.04918776000786542,0.04918776000786542
NVDA,2023-02-13,217.773,0.024299505220801456,0.024299505220801456
NVDA,2023-02-14,229.597,0.05287236228578233,0.05287236228578233
NVDA,2023-02-15,227.527,-0.009056685490341457,0.009056685490341457
NVDA,2023-02-16,219.913,-0.034036899073478,0.034036899073478
NVDA,2023-02-17,213.775,-0.0283079535521189,0.0283079535521189
NVDA,2023-02-21,206.449,-0.03487065150949303,0.03487065150949303
NVDA,2023-02-22,207.439,0.0047839120152259945,0.0047839120152259945
NVDA,2023-02-23,236.525,0.13121659004275596,0.13121659004275596
NVDA,2023-02-24,232.746,-0.016106180402706467,0.016106180402706467
NVDA,2023-02-27,234.895,0.009190875597053354,0.009190875597053354
NVDA,2023-02-28,232.047,-0.0121986684294629,0.0121986684294629
NVDA,2023-03-01,226.868,-0.02257158680676138,0.02257158680676138
NVDA,2023-03-02,233.026,0.026781684774426842,0.026781684774426842
NVDA,2023-03-03,238.782,0.024400966469987358,0.024400966469987358
NVDA,2023-03-06,235.425,-0.014158610396917879,0.014158610396917879
NVDA,2023-03-07,232.806,-0.011186902675090999,0.011186902675090999
NVDA,2023-03-08,241.733,0.03762832256064922,0.03762832256064922
NVDA,2023-03-09,234.285,-0.03129548830388975,0.03129548830388975
NVDA,2023-03-10,229.576,-0.020304193612709995,0.020304193612709995
NVDA,2023-03-13,229.586,4.355761148185467e-05,4.355761148185467e-05
NVDA,2023-03-14,240.553,0.04666275251079128,0.04666275251079128
NVDA,2023-03-15,242.203,0.006835778012395125,0.006835778012395125
NVDA,2023-03-16,255.329,0.05277669214934086,0.05277669214934086
NVDA,2023-03-17,257.167,0.007172769661451267,0.007172769661451267
NVDA,2023-03-20,258.917,0.006781867709185944,0.006781867709185944
NVDA,2023-03-21,261.906,0.011478113738961548,0.011478113738961548
NVDA,2023-03-22,264.596,0.010218473649922566,0.010218473649922566
NVDA,2023-03-23,271.823,0.026946984773154842,0.026946984773154842
NVDA,2023-03-24,267.703,-0.015272962143733346,0.015272962143733346
NVDA,2023-03-27,265.226,-0.009295864316173375,0.009295864316173375
NVDA,2023-03-28,264.016,-0.004572585351414691,0.004572585351414691
NVDA,2023-03-29,269.753,0.02149701811466411,0.02149701811466411
NVDA,2023-03-30,273.742,0.014679331474283021,0.014679331474283021
NVDA,2023-03-31,277.681,0.014286915855295873,0.014286915855295873
NVDA,2023-04-03,279.56,0.006743965794235772,0.006743965794235772
NVDA,2023-04-04,274.442,-0.018476993245382357,0.018476993245382357
NVDA,2023-04-05,268.723,-0.021058836084910253,0.021058836084910253
NVDA,2023-04-06,270.283,0.005788448944152511,0.005788448944152511
NVDA,2023-04-10,275.701,0.019847386931324457,0.019847386931324457
NVDA,2023-04-11,271.603,-0.01497550387519874,0.01497550387519874
NVDA,2023-04-12,264.866,-0.025117403559372954,0.025117403559372954
NVDA,2023-04-13,264.546,-0.0012088884988287834,0.0012088884988287834
NVDA,2023-04-14,267.493,0.011078248548656086,0.011078248548656086
NVDA,2023-04-17,269.933,0.009080382287012174,0.009080382287012174
NVDA,2023-04-18,276.581,0.024329945564021627,0.024329945564021627
NVDA,2023-04-19,279.22,0.009496275940100008,0.009496275940100008
NVDA,2023-04-20,270.953,-0.030054627456140893,0.030054627456140893
NVDA,2023-04-21,271.103,0.0005534483663268963,0.0005534483663268963
NVDA,2023-04-24,270.333,-0.002844290069767644,0.002844290069767644
NVDA,2023-04-25,262.326,-0.030066527299025207,0.030066527299025207
NVDA,2023-04-26,269.473,0.026880194699494393,0.026880194699494393
NVDA,2023-04-27,272.173,0.009969693725390166,0.009969693725390166
NVDA,2023-04-28,277.401,0.01902621925012127,0.01902621925012127
NVDA,2023-05-01,289.007,0.040986796495483556,0.040986796495483556
NVDA,2023-05-02,282.01,-0.024508377970089534,0.024508377970089534
NVDA,2023-05-03,277.931,-0.014569649857581872,0.014569649857581872
NVDA,2023-05-04,275.531,-0.008672736495921266,0.008672736495921266
NVDA,2023-05-05,286.708,0.039764131283354556,0.039764131283354556
NVDA,2023-05-08,291.416,0.016287523365462072,0.016287523365462072
NVDA,2023-05-09,285.618,-0.020096545908100397,0.020096545908100397
NVDA,2023-05-10,288.757,0.010930250276894662,0.010930250276894662
NVDA,2023-05-11,285.688,-0.010685197711893534,0.010685197711893534
NVDA,2023-05-12,283.31,-0.00835860177062312,0.00835860177062312
NVDA,2023-05-15,289.437,0.02139595226692892,0.02139595226692892
NVDA,2023-05-16,292.036,0.008939425589399053,0.008939425589399053
NVDA,2023-05-17,301.683,0.03249971487229675,0.03249971487229675
NVDA,2023-05-18,316.678,0.048508687547222144,0.048508687547222144
NVDA,2023-05-19,312.54,-0.013153023774577858,0.013153023774577858
NVDA,2023-05-22,311.66,-0.002819610967686766,0.002819610967686766
NVDA,2023-05-23,306.782,-0.015775452388943585,0.015775452388943585
NVDA,2023-05-24,305.282,-0.004901458027379978,0.004901458027379978
NVDA,2023-05-25,379.679,0.21809021928595837,0.21809021928595837
NVDA,2023-05-26,389.336,0.025116565124571437,0.025116565124571437
NVDA,2023-05-30,400.981,0.02947132062621881,0.02947132062621881
NVDA,2023-05-31,378.219,-0.058440651706092625,0.058440651706092625
NVDA,2023-06-01,397.572,0.0499026568356235,0.0499026568356235
NVDA,2023-06-02,393.144,-0.011200092796984577,0.011200092796984577
NVDA,2023-06-05,391.585,-0.003973351439953656,0.003973351439953656
NVDA,2023-06-06,386.416,-0.013288096181910637,0.013288096181910637
NVDA,2023-06-07,374.668,-0.03087420885051999,0.03087420885051999
NVDA,2023-06-08,385.016,0.027244591367758905,0.027244591367758905
NVDA,2023-06-09,387.616,0.006730266968577074,0.006730266968577074
NVDA,2023-06-12,394.733,0.018194428142867116,0.018194428142867116
NVDA,2023-06-13,410.131,0.038267033883065266,0.038267033883065266
NVDA,2023-06-14,429.877,0.04702250039654928,0.04702250039654928
NVDA,2023-06-15,426.438,-0.008032134177155191,0.008032134177155191
NVDA,2023-06-16,426.827,0.0009117918277442842,0.0009117918277442842
NVDA,2023-06-20,437.984,0.025803601121393367,0.025803601121393367
NVDA,2023-06-21,430.357,-0.017567283235521085,0.017567283235521085
NVDA,2023-06-22,430.157,-0.0004648384653853651,0.0004648384653853651
NVDA,2023-06-23,421.998,-0.019149683639661137,0.019149683639661137
NVDA,2023-06-26,406.232,-0.038076149718263404,0.038076149718263404
NVDA,2023-06-27,418.668,0.03015381809831399,0.03015381809831399
NVDA,2023-06-28,411.081,-0.01828796769790303,0.01828796769790303
NVDA,2023-06-29,408.131,-0.0072020740695505105,0.0072020740695505105
NVDA,2023-06-30,422.928,0.035613750491598255,0.035613750491598255
NVDA,2023-07-03,424.038,0.002621122065114638,0.002621122065114638
NVDA,2023-07-05,423.078,-0.0022665146472669265,0.0022665146472669265
NVDA,2023-07-06,420.938,-0.00507100478155776,0.00507100478155776
NVDA,2023-07-07,424.938,0.009457721500836748,0.009457721500836748
NVDA,2023-07-10,421.708,-0.007630144524694694,0.007630144524694694
NVDA,2023-07-11,423.958,0.00532126231683925,0.00532126231683925
NVDA,2023-07-12,438.924,0.03469188363736387,0.03469188363736387
NVDA,2023-07-13,459.67,0.04618256337139754,0.04618256337139754
NVDA,2023-07-14,454.592,-0.011108527355171632,0.011108527355171632
NVDA,2023-07-17,464.509,0.021580620363609082,0.021580620363609082
NVDA,2023-07-18,474.837,0.021990653508807072,0.021990653508807072
NVDA,2023-07-19,470.668,-0.008818625005505759,0.008818625005505759
NVDA,2023-07-20,455.101,-0.03363358990280231,0.03363358990280231
NVDA,2023-07-21,442.993,-0.026965403773561502,0.026965403773561502
NVDA,2023-07-24,446.023,0.0068165516312381404,0.0068165516312381404
NVDA,2023-07-25,456.691,0.023636493208886795,0.023636493208886795
NVDA,2023-07-26,454.422,-0.004980731678108728,0.004980731678108728
NVDA,2023-07-27,458.9,0.00980603967288052,0.00980603967288052
NVDA,2023-07-28,467.398,0.018348821704656675,0.018348821704656675
NVDA,2023-07-31,467.188,-0.0004493968527974917,0.0004493968527974917
NVDA,2023-08-01,464.969,-0.004761009554278336,0.004761009554278336
NVDA,2023-08-02,442.594,-0.04931786543177895,0.04931786543177895
NVDA,2023-08-03,445.053,0.005540504931270296,0.005540504931270296
NVDA,2023-08-04,446.703,0.003700568054383947,0.003700568054383947
NVDA,2023-08-07,454.067,0.016350819993187316,0.016350819993187316
NVDA,2023-08-08,446.543,-0.01670906397460147,0.01670906397460147
NVDA,2023-08-09,425.448,-0.04839296889123686,0.04839296889123686
NVDA,2023-08-10,423.788,-0.003909401189317282,0.003909401189317282
NVDA,2023-08-11,408.461,-0.036836891684116496,0.036836891684116496
NVDA,2023-08-14,437.435,0.06853168482511073,0.06853168482511073
NVDA,2023-08-15,439.304,0.004263533003956652,0.004263533003956652
NVDA,2023-08-16,434.766,-0.010383701017831938,0.010383701017831938
NVDA,2023-08-17,433.341,-0.003283008384690784,0.003283008384690784
NVDA,2023-08-18,432.896,-0.0010274325366979697,0.0010274325366979697
NVDA,2023-08-21,469.568,0.0813156086955233,0.0813156086955233
NVDA,2023-08-22,456.581,-0.02804700177578166,0.02804700177578166
NVDA,2023-08-23,471.058,0.03121510736981661,0.03121510736981661
NVDA,2023-08-24,471.528,0.0009972565664080257,0.0009972565664080257
NVDA,2023-08-25,460.08,-0.02457809784647315,0.02457809784647315
NVDA,2023-08-28,468.248,0.01759768268694003,0.01759768268694003
NVDA,2023-08-29,487.734,0.04077210518231386,0.04077210518231386
NVDA,2023-08-30,492.533,0.009791288168793379,0.009791288168793379
NVDA,2023-08-31,493.443,0.0018458872394193544,0.0018458872394193544
NVDA,2023-09-01,484.984,-0.017291449980375517,0.017291449980375517
NVDA,2023-09-05,485.374,0.0008038270844359139,0.0008038270844359139
NVDA,2023-09-06,470.547,-0.031023880020563197,0.031023880020563197
NVDA,2023-09-07,462.347,-0.017580156354760065,0.017580156354760065
NVDA,2023-09-08,455.659,-0.014570968662001074,0.014570968662001074
NVDA,2023-09-11,451.719,-0.008684417657418808,0.008684417657418808
NVDA,2023-09-12,448.64,-0.006839520686111902,0.006839520686111902
NVDA,2023-09-13,454.789,0.013612790722128598,0.013612790722128598
NVDA,2023-09-14,455.749,0.0021086442426575124,0.0021086442426575124
NVDA,2023-09-15,438.94,-0.037579489896244024,0.037579489896244024
NVDA,2023-09-18,439.6,0.001502493054753868,0.001502493054753868
NVDA,2023-09-19,435.142,-0.010192807928067009,0.010192807928067009
NVDA,2023-09-20,422.333,-0.02987831221466405,0.02987831221466405
NVDA,2023-09-21,410.115,-0.029356494212853988,0.029356494212853988
NVDA,2023-09-22,416.043,0.014351012130164082,0.014351012130164082
NVDA,2023-09-25,422.163,0.014602875078521016,0.014602875078521016
NVDA,2023-09-26,419.053,-0.007394091813044355,0.007394091813044355
NVDA,2023-09-27,424.623,0.013204312861864733,0.013204312861864733
NVDA,2023-09-28,430.832,0.014516506500736112,0.014516506500736112
NVDA,2023-09-29,434.932,0.009471474097948686,0.009471474097948686
NVDA,2023-10-02,447.76,0.02906767755303258,0.02906767755303258
NVDA,2023-10-03,435.112,-0.028653905370089806,0.028653905370089806
NVDA,2023-10-04,440.35,0.011966396038454188,0.011966396038454188
NVDA,2023-10-05,446.82,0.014585963699140664,0.014585963699140664
NVDA,2023-10-06,457.559,0.02375000919874944,0.02375000919874944
NVDA,2023-10-09,452.669,-0.010744664072936623,0.010744664072936623
NVDA,2023-10-10,457.919,0.011531138501718486,0.011531138501718486
NVDA,2023-10-11,467.997,0.021769573062550365,0.021769573062550365
NVDA,2023-10-12,469.387,0.0029657024630233425,0.0029657024630233425
NVDA,2023-10-13,454.549,-0.032121869516267,0.032121869516267
NVDA,2023-10-16,460.887,0.013847175056697485,0.013847175056697485
NVDA,2023-10-17,439.32,-0.04792481672399943,0.04792481672399943
NVDA,2023-10-18,421.903,-0.040452647125396,0.040452647125396
NVDA,2023-10-19,420.953,-0.0022542412993290213,0.0022542412993290213
NVDA,2023-10-20,413.815,-0.017102174445127485,0.017102174445127485
NVDA,2023-10-23,429.692,0.03764965891713232,0.03764965891713232
NVDA,2023-10-24,436.572,0.01588463716333977,0.01588463716333977
NVDA,2023-10-25,417.733,-0.044110837678385625,0.044110837678385625
NVDA,2023-10-26,403.206,-0.03539487485355954,0.03539487485355954
NVDA,2023-10-27,404.945,0.004303657816593543,0.004303657816593543
NVDA,2023-10-30,411.555,0.01619141312151782,0.01619141312151782
NVDA,2023-10-31,407.745,-0.009300689526687594,0.009300689526687594
NVDA,2023-11-01,423.193,0.037186360754326166,0.037186360754326166
NVDA,2023-11-02,435.002,0.02752228901469451,0.02752228901469451
NVDA,2023-11-03,449.989,0.03387250924188659,0.03387250924188659
NVDA,2023-11-06,457.449,0.016442265070744068,0.016442265070744068
NVDA,2023-11-07,459.488,0.004447423020071747,0.004447423020071747
NVDA,2023-11-08,465.677,0.013379434638699483,0.013379434638699483
NVDA,2023-11-09,469.437,0.008041843590484134,0.008041843590484134
NVDA,2023-11-10,483.285,0.029072437405027216,0.029072437405027216
NVDA,2023-11-13,486.134,0.005877764315106665,0.005877764315106665
NVDA,2023-11-14,496.493,0.021085078633720212,0.021085078633720212
NVDA,2023-11-15,488.814,-0.015587335676585592,0.015587335676585592
NVDA,2023-11-16,494.734,0.012038195375884585,0.012038195375884585
NVDA,2023-11-17,492.914,-0.0036855277590908835,0.0036855277590908835
NVDA,2023-11-20,504.022,0.022285201277139073,0.022285201277139073
NVDA,2023-11-21,499.373,-0.009266606406090004,0.009266606406090004
NVDA,2023-11-22,487.094,-0.024896188568848808,0.024896188568848808
NVDA,2023-11-24,477.696,-0.019482576032697797,0.019482576032697797
NVDA,2023-11-27,482.355,0.009705810574987693,0.009705810574987693
NVDA,2023-11-28,478.146,-0.0087642322947983,0.0087642322947983
NVDA,2023-11-29,481.335,0.006647368197641216,0.006647368197641216
NVDA,2023-11-30,467.637,-0.02887113945567709,0.02887113945567709
NVDA,2023-12-01,467.587,-0.00010692625520229902,0.00010692625520229902
NVDA,2023-12-04,455.039,-0.027202298108260546,0.027202298108260546
NVDA,2023-12-05,465.638,0.023025378643765023,0.023025378643765023
NVDA,2023-12-06,455.009,-0.02309130923206553,0.02309130923206553
NVDA,2023-12-07,465.938,0.023735379088675495,0.023735379088675495
NVDA,2023-12-08,475.038,0.019342222771031745,0.019342222771031745
NVDA,2023-12-11,466.248,-0.018677119430222627,0.018677119430222627
NVDA,2023-12-12,476.548,0.021850771138846706,0.021850771138846706
NVDA,2023-12-13,480.857,0.009001476063425782,0.009001476063425782
NVDA,2023-12-14,483.477,0.0054338153514924764,0.0054338153514924764
NVDA,2023-12-15,488.877,0.011107180134269262,0.011107180134269262
NVDA,2023-12-18,500.746,0.023988062403427015,0.023988062403427015
NVDA,2023-12-19,496.017,-0.009488786164921069,0.009488786164921069
NVDA,2023-12-20,481.087,-0.030562073400076425,0.030562073400076425
NVDA,2023-12-21,489.877,0.01810621225456023,0.01810621225456023
NVDA,2023-12-22,488.277,-0.0032714714186174317,0.0032714714186174317
NVDA,2023-12-26,492.767,0.009153577924392175,0.009153577924392175
NVDA,2023-12-27,494.147,0.002796598081312795,0.002796598081312795
NVDA,2023-12-28,495.197,0.0021226194210151907,0.0021226194210151907
NVDA,2023-12-29,495.197,0.0,0.0
NVDA,2024-01-02,481.657,-0.02772342072083437,0.02772342072083437
NVDA,2024-01-03,475.668,-0.012512110584691566,0.012512110584691566
NVDA,2024-01-04,479.957,0.008976384667586898,0.008976384667586898
NVDA,2024-01-05,490.947,0.022639662438958374,0.022639662438958374
NVDA,2024-01-08,522.505,0.06229837417643513,0.06229837417643513
NVDA,2024-01-09,531.375,0.016833433507783806,0.016833433507783806
NVDA,2024-01-10,543.474,0.022513880651555743,0.022513880651555743
NVDA,2024-01-11,548.194,0.00864737156766286,0.00864737156766286
NVDA,2024-01-12,547.074,-0.0020451622623582186,0.0020451622623582186
NVDA,2024-01-16,563.794,0.030104859915913582,0.030104859915913582
NVDA,2024-01-17,560.504,-0.005852557579697192,0.005852557579697192
NVDA,2024-01-18,571.043,0.01862813432844838,0.01862813432844838
NVDA,2024-01-19,594.882,0.04089855324954082,0.04089855324954082
NVDA,2024-01-22,596.512,0.0027362921368146945,0.0027362921368146945
NVDA,2024-01-23,598.702,0.003664619810129386,0.003664619810129386
NVDA,2024-01-24,613.591,0.024564603912658734,0.024564603912658734
NVDA,2024-01-25,616.141,0.004147251035076415,0.004147251035076415
NVDA,2024-01-26,610.281,-0.009556326608919022,0.009556326608919022
NVDA,2024-01-29,624.621,0.023225558965778537,0.023225558965778537
NVDA,2024-01-30,627.711,0.004934803663423904,0.004934803663423904
NVDA,2024-01-31,615.241,-0.020065808500729466,0.020065808500729466
NVDA,2024-02-01,630.24,0.024086638258342334,0.024086638258342334
NVDA,2024-02-02,661.569,0.04851358728269528,0.04851358728269528
NVDA,2024-02-05,693.287,0.046829768365867566,0.046829768365867566
NVDA,2024-02-06,682.198,-0.016124116582496975,0.016124116582496975
NVDA,2024-02-07,700.957,0.027126605922983653,0.027126605922983653
NVDA,2024-02-08,696.377,-0.006555363858994103,0.006555363858994103
NVDA,2024-02-09,721.296,0.035158413598829,0.035158413598829
NVDA,2024-02-12,722.446,0.0015930827574684734,0.0015930827574684734
NVDA,2024-02-13,721.246,-0.001662404829228186,0.001662404829228186
NVDA,2024-02-14,738.965,0.024270286647846476,0.024270286647846476
NVDA,2024-02-15,726.546,-0.016948760247079354,0.016948760247079354
NVDA,2024-02-16,726.096,-0.0006195607925347327,0.0006195607925347327
NVDA,2024-02-20,694.487,-0.04450879397126787,0.04450879397126787
NVDA,2024-02-21,674.688,-0.028923081723998285,0.028923081723998285
NVDA,2024-02-22,785.343,0.15187020323322772,0.15187020323322772
NVDA,2024-02-23,788.133,0.003546292315819834,0.003546292315819834
NVDA,2024-02-26,790.883,0.003483185452690249,0.003483185452690249
NVDA,2024-02-27,786.973,-0.004956102462360538,0.004956102462360538
NVDA,2024-02-28,776.594,-0.013276249049405876,0.013276249049405876
NVDA,2024-02-29,791.083,0.018485201447941454,0.018485201447941454
NVDA,2024-03-01,822.751,0.03925071052814857,0.03925071052814857
NVDA,2024-03-04,852.33,0.035320172523673934,0.035320172523673934
NVDA,2024-03-05,859.64,0.008539921174583028,0.008539921174583028
NVDA,2024-03-06,887.0,0.03133128535257422,0.03133128535257422
NVDA,2024-03-07,926.69,0.043774115246101385,0.043774115246101385
NVDA,2024-03-08,875.28,-0.05707526238714649,0.05707526238714649
NVDA,2024-03-11,857.74,-0.020242811906562366,0.020242811906562366
NVDA,2024-03-12,919.13,0.06912654719609816,0.06912654719609816
NVDA,2024-03-13,908.88,-0.011214498196421143,0.011214498196421143
NVDA,2024-03-14,879.44,-0.032927730991040724,0.032927730991040724
NVDA,2024-03-15,878.365,-0.0012231164822240454,0.0012231164822240454
NVDA,2024-03-18,884.55,0.007016816326238501,0.007016816326238501
NVDA,2024-03-19,893.98,0.010604362443995522,0.010604362443995522
NVDA,2024-03-20,903.72,0.01083617434264238,0.01083617434264238
NVDA,2024-03-21,914.35,0.011693852419381397,0.011693852419381397
NVDA,2024-03-22,942.89,0.030736196516215848,0.030736196516215848
NVDA,2024-03-25,950.02,0.007533410167704214,0.007533410167704214
NVDA,2024-03-26,925.61,-0.026030057380517113,0.026030057380517113
NVDA,2024-03-27,902.5,-0.02528428941700881,0.02528428941700881
NVDA,2024-03-28,903.56,0.001173826032038305,0.001173826032038305
NVDA,2024-04-01,903.63,7.746833485704313e-05,7.746833485704313e-05
NVDA,2024-04-02,894.52,-0.010132723015414834,0.010132723015414834
NVDA,2024-04-03,889.64,-0.00547037504427311,0.00547037504427311
NVDA,2024-04-04,859.05,-0.03498975900626731,0.03498975900626731
NVDA,2024-04-05,880.08,0.024185684923204352,0.024185684923204352
NVDA,2024-04-08,871.33,-0.009992032477145587,0.009992032477145587
NVDA,2024-04-09,853.54,-0.020628372971194575,0.020628372971194575
NVDA,2024-04-10,870.39,0.019548980082250998,0.019548980082250998
NVDA,2024-04-11,906.16,0.04027450382736692,0.04027450382736692
NVDA,2024-04-12,881.86,-0.027182577643361856,0.027182577643361856
NVDA,2024-04-15,860.01,-0.02508929616216969,0.02508929616216969
NVDA,2024-04-16,874.15,0.016307968556731254,0.016307968556731254
NVDA,2024-04-17,840.35,-0.03943351392108236,0.03943351392108236
NVDA,2024-04-18,846.71,0.007539779414551331,0.007539779414551331
NVDA,2024-04-19,762.0,-0.10541169545048067,0.10541169545048067
NVDA,2024-04-22,795.18,0.04262194843399594,0.04262194843399594
NVDA,2024-04-23,824.23,0.035881113053947616,0.035881113053947616
NVDA,2024-04-24,796.77,-0.03388356221541284,0.03388356221541284
NVDA,2024-04-25,826.32,0.03641605273920097,0.03641605273920097
NVDA,2024-04-26,877.35,0.05992389285876652,0.05992389285876652
NVDA,2024-04-29,877.57,0.00025072368102539683,0.00025072368102539683
NVDA,2024-04-30,864.02,-0.01556080755388039,0.01556080755388039
NVDA,2024-05-01,830.41,-0.039676361955964266,0.039676361955964266
NVDA,2024-05-02,858.17,0.03288266033158629,0.03288266033158629
NVDA,2024-05-03,887.89,0.03404564638538268,0.03404564638538268
NVDA,2024-05-06,921.4,0.037046391056522465,0.037046391056522465
NVDA,2024-05-07,905.54,-0.01736280166478009,0.01736280166478009
NVDA,2024-05-08,904.12,-0.0015693558916487305,0.0015693558916487305
NVDA,2024-05-09,887.47,-0.018587376984046364,0.018587376984046364
NVDA,2024-05-10,898.78,0.012663570210844997,0.012663570210844997
NVDA,2024-05-13,903.99,0.005780010211903804,0.005780010211903804
NVDA,2024-05-14,913.56,0.010530756722031461,0.010530756722031461
NVDA,2024-05-15,946.3,0.03521058840806553,0.03521058840806553
NVDA,2024-05-16,943.59,-0.0028678937477175826,0.0028678937477175826
NVDA,2024-05-17,924.79,-0.020125065055607894,0.020125065055607894
NVDA,2024-05-20,947.8,0.0245768248226263,0.0245768248226263
NVDA,2024-05-21,953.86,0.006373400621778013,0.006373400621778013
NVDA,2024-05-22,949.5,-0.004581379902925251,0.004581379902925251
NVDA,2024-05-23,1037.99,0.08910589951571905,0.08910589951571905
NVDA,2024-05-24,1064.69,0.025397526191308358,0.025397526191308358
NVDA,2024-05-28,1139.01,0.06747578708052901,0.06747578708052901
NVDA,2024-05-29,1148.25,0.00807958016600599,0.00807958016600599
NVDA,2024-05-30,1105.0,-0.038393709254049606,0.038393709254049606
NVDA,2024-05-31,1096.33,-0.0078770968733512,0.0078770968733512
NVDA,2024-06-03,1150.0,0.047793704278793744,0.047793704278793744
NVDA,2024-06-04,1164.37,0.012418225840115558,0.012418225840115558
NVDA,2024-06-05,1224.4,0.05027075987384624,0.05027075987384624
NVDA,2024-06-06,1209.98,-0.01184709754269479,0.01184709754269479
NVDA,2024-06-07,1208.88,-0.0009095194230578799,0.0009095194230578799
NVDA,2024-06-11,120.91,-0.006594698700310143,0.006594698700310143
NVDA,2024-06-12,125.2,0.03486599147984281,0.03486599147984281
NVDA,2024-06-13,129.61,0.03461748276928563,0.03461748276928563
NVDA,2024-06-14,131.88,0.017362476768246544,0.017362476768246544
NVDA,2024-06-17,131.006,-0.006649294524519092,0.006649294524519092
NVDA,2024-06-18,135.58,0.034318748323808455,0.034318748323808455
NVDA,2024-06-20,130.75,-0.03627476905778732,0.03627476905778732
NVDA,2024-06-21,126.57,-0.032491588140675376,0.032491588140675376
NVDA,2024-06-24,118.07,-0.0695178458853386,0.0695178458853386
NVDA,2024-06-25,126.09,0.06571826876611668,0.06571826876611668
NVDA,2024-06-26,126.37,0.002218174085454416,0.002218174085454416
NVDA,2024-06-27,123.99,-0.019013194578838724,0.019013194578838724
NVDA,2024-06-28,123.47,-0.0042027056120983305,0.0042027056120983305
NVDA,2024-07-01,124.3,0.006699786937013231,0.006699786937013231
NVDA,2024-07-02,122.67,-0.013200175472004753,0.013200175472004753
NVDA,2024-07-03,128.28,0.04471755178029357,0.04471755178029357
NVDA,2024-07-05,125.82,-0.019363060683070664,0.019363060683070664
NVDA,2024-07-08,128.236,0.01902000215704083,0.01902000215704083
NVDA,2024-07-09,131.38,0.024221571165402495,0.024221571165402495
NVDA,2024-07-10,134.93,0.026662237978369228,0.026662237978369228
NVDA,2024-07-11,127.4,-0.05742438230463295,0.05742438230463295
NVDA,2024-07-12,129.275,0.01461017514422212,0.01461017514422212
NVDA,2024-07-15,128.44,-0.006480049060971998,0.006480049060971998
NVDA,2024-07-16,126.41,-0.015931276713846945,0.015931276713846945
NVDA,2024-07-17,117.97,-0.06910023765371509,0.06910023765371509
NVDA,2024-07-18,121.29,0.027754017467038174,0.027754017467038174
NVDA,2024-07-19,117.93,-0.028093144218910526,0.028093144218910526
NVDA,2024-07-22,123.54,0.04647376216587445,0.04647376216587445
NVDA,2024-07-23,122.445,-0.008903040696324228,0.008903040696324228
NVDA,2024-07-24,114.25,-0.0692729197971149,0.0692729197971149
NVDA,2024-07-25,112.34,-0.016859042670027375,0.016859042670027375
NVDA,2024-07-26,113.1,0.006742396017787973,0.006742396017787973
NVDA,2024-07-29,111.59,-0.013440942924464884,0.013440942924464884
NVDA,2024-07-30,103.73,-0.07304007075387314,0.07304007075387314
NVDA,2024-07-31,117.115,0.12136498860113651,0.12136498860113651
NVDA,2024-08-01,109.39,-0.06823687991317376,0.06823687991317376
NVDA,2024-08-02,107.27,-0.01957045752236164,0.01957045752236164
NVDA,2024-08-05,100.68,-0.06340185034222262,0.06340185034222262
NVDA,2024-08-06,104.02,0.032636018077811246,0.032636018077811246
NVDA,2024-08-07,98.95,-0.04996851629635158,0.04996851629635158
NVDA,2024-08-08,104.97,0.05905992299913155,0.05905992299913155
NVDA,2024-08-09,104.75,-0.0020980362454592664,0.0020980362454592664
NVDA,2024-08-12,109.002,0.03978967188241589,0.03978967188241589
NVDA,2024-08-13,116.14,0.06343012925924091,0.06343012925924091
NVDA,2024-08-14,118.013,0.015998427945073744,0.015998427945073744
NVDA,2024-08-15,122.86,0.040250707846803825,0.040250707846803825
NVDA,2024-08-16,124.58,0.013902584090218092,0.013902584090218092
NVDA,2024-08-19,130.0,0.042586370629583,0.042586370629583
NVDA,2024-08-20,127.25,-0.02138079502495033,0.02138079502495033
NVDA,2024-08-21,128.5,0.009775248904642465,0.009775248904642465
NVDA,2024-08-22,123.795,-0.03730193262251725,0.03730193262251725
NVDA,2024-08-23,129.283,0.04337682823633032,0.04337682823633032
NVDA,2024-08-26,126.45,-0.022156826833113288,0.022156826833113288
NVDA,2024-08-27,128.3,0.01452429850561658,0.01452429850561658
NVDA,2024-08-28,125.61,-0.021189402922429205,0.021189402922429205
NVDA,2024-08-29,117.59,-0.06597787086383719,0.06597787086383719
NVDA,2024-08-30,119.38,0.015107684905179395,0.015107684905179395
NVDA,2024-09-03,108.0,-0.10018045561628403,0.10018045561628403
NVDA,2024-09-04,106.21,-0.016712960790771555,0.016712960790771555
NVDA,2024-09-05,107.24,0.009651047034310398,0.009651047034310398
NVDA,2024-09-06,102.84,-0.04189493097006968,0.04189493097006968
NVDA,2024-09-09,106.47,0.034688872928826046,0.034688872928826046
NVDA,2024-09-10,108.1,0.01519346931864768,0.01519346931864768
NVDA,2024-09-11,116.78,0.07723509821022893,0.07723509821022893
NVDA,2024-09-12,119.14,0.02000744934514981,0.02000744934514981
NVDA,2024-09-13,119.08,-0.0005037360529657743,0.0005037360529657743
NVDA,2024-09-16,116.78,-0.019503713292184005,0.019503713292184005
NVDA,2024-09-17,115.59,-0.010242375549215622,0.010242375549215622
NVDA,2024-09-18,113.25,-0.02045168294303254,0.02045168294303254
NVDA,2024-09-19,117.87,0.03998455787533466,0.03998455787533466
NVDA,2024-09-20,116.0,-0.015992131132113445,0.015992131132113445
NVDA,2024-09-23,116.26,0.0022388711668398825,0.0022388711668398825
NVDA,2024-09-24,120.95,0.03954817478283168,0.03954817478283168
NVDA,2024-09-25,123.51,0.020944887393886755,0.020944887393886755
NVDA,2024-09-26,124.04,0.00428196978232509,0.00428196978232509
NVDA,2024-09-27,121.35,-0.021925162059637956,0.021925162059637956
NVDA,2024-09-30,121.435,0.0007002080315744891,0.0007002080315744891
NVDA,2024-10-01,116.85,-0.03848807921931791,0.03848807921931791
NVDA,2024-10-02,118.85,0.016971132821335888,0.016971132821335888
NVDA,2024-10-03,122.8,0.03269482190683917,0.03269482190683917
NVDA,2024-10-04,124.92,0.017116516701835702,0.017116516701835702
NVDA,2024-10-07,127.78,0.022636502759319357,0.022636502759319357
NVDA,2024-10-08,132.936,0.03955777422471523,0.03955777422471523
NVDA,2024-10-09,132.65,-0.002153728815163824,0.002153728815163824
NVDA,2024-10-10,134.82,0.01622647484154413,0.01622647484154413
NVDA,2024-10-11,134.804,-0.00011868379683394646,0.00011868379683394646
NVDA,2024-10-14,138.16,0.024590562209964206,0.024590562209964206
NVDA,2024-10-15,131.835,-0.0468612931537048,0.0468612931537048
NVDA,2024-10-16,135.72,0.029042799231311044,0.029042799231311044
NVDA,2024-10-17,136.928,0.00886130031837691,0.00886130031837691
NVDA,2024-10-18,138.0,0.007798444922798301,0.007798444922798301
NVDA,2024-10-21,143.71,0.04054369492895095,0.04054369492895095
NVDA,2024-10-22,143.59,-0.000835363779870015,0.000835363779870015
NVDA,2024-10-23,139.56,-0.028467399987712163,0.028467399987712163
NVDA,2024-10-24,140.41,0.006072097807977422,0.006072097807977422
NVDA,2024-10-25,141.54,0.008015648521087763,0.008015648521087763
NVDA,2024-10-28,140.52,-0.007232535250012294,0.007232535250012294
NVDA,2024-10-29,141.28,0.0053939094580235155,0.0053939094580235155
NVDA,2024-10-30,139.18,-0.014975677438945892,0.014975677438945892
NVDA,2024-10-31,132.76,-0.047225072564930214,0.047225072564930214
NVDA,2024-11-01,135.37,0.019468783345921083,0.019468783345921083
NVDA,2024-11-04,136.14,0.005671997822110296,0.005671997822110296
NVDA,2024-11-05,139.93,0.027458529547816874,0.027458529547816874
NVDA,2024-11-06,145.61,0.03978951715519108,0.03978951715519108
NVDA,2024-11-07,148.875,0.022175212952650906,0.022175212952650906
NVDA,2024-11-08,147.65,-0.008262419485532477,0.008262419485532477
NVDA,2024-11-11,145.27,-0.016250528305139473,0.016250528305139473
NVDA,2024-11-12,148.31,0.020710597869079035,0.020710597869079035
NVDA,2024-11-13,146.41,-0.012893772548480424,0.012893772548480424
NVDA,2024-11-14,146.76,0.0023876942816904705,0.0023876942816904705
NVDA,2024-11-15,141.98,-0.03311239687584148,0.03311239687584148
NVDA,2024-11-18,140.15,-0.012972925000442384,0.012972925000442384
NVDA,2024-11-19,147.01,0.047787334065077465,0.047787334065077465
NVDA,2024-11-20,145.89,-0.0076476985920707645,0.0076476985920707645
NVDA,2024-11-21,146.67,0.005332252174859755,0.005332252174859755
NVDA,2024-11-22,141.95,-0.03271028233968369,0.03271028233968369
NVDA,2024-11-25,136.02,-0.04267294917148743,0.04267294917148743
NVDA,2024-11-26,136.86,0.00615657177685913,0.00615657177685913
NVDA,2024-11-27,135.34,-0.011168374720272335,0.011168374720272335
NVDA,2024-11-29,138.25,0.021273509598364767,0.021273509598364767
NVDA,2024-12-02,138.63,0.0027448731478405524,0.0027448731478405524
NVDA,2024-12-03,140.265,0.01172497700523496,0.01172497700523496
NVDA,2024-12-04,145.14,0.03416530329447106,0.03416530329447106
NVDA,2024-12-05,145.06,-0.0005513439147244115,0.0005513439147244115
NVDA,2024-12-06,142.44,-0.01822659152568942,0.01822659152568942
NVDA,2024-12-09,138.81,-0.025814766822559045,0.025814766822559045
NVDA,2025-01-27,118.42,-0.15886846448338782,0.15886846448338782
NVDA,2025-01-28,128.99,0.08549725487341475,0.08549725487341475
NVDA,2025-01-29,123.7,-0.04187560257860255,0.04187560257860255
NVDA,2025-01-30,124.65,0.007650530571124667,0.007650530571124667
NVDA,2025-01-31,120.07,-0.03743490392694037,0.03743490392694037
NVDA,2025-02-03,116.66,-0.028811184717135074,0.028811184717135074
NVDA,2025-02-04,118.65,0.016914261556281014,0.016914261556281014
NVDA,2025-02-05,124.83,0.050774828781187074,0.050774828781187074
NVDA,2025-02-06,128.68,0.030375890707866154,0.030375890707866154
NVDA,2025-02-07,129.84,0.008974220835510088,0.008974220835510088
NVDA,2025-02-10,133.57,0.028322761782678136,0.028322761782678136
NVDA,2025-02-11,132.8,-0.0057814479466803586,0.0057814479466803586
NVDA,2025-02-12,131.14,-0.012578782206860298,0.012578782206860298
NVDA,2025-02-13,135.29,0.03115516777979548,0.03115516777979548
NVDA,2025-02-14,138.85,0.025973591137539755,0.025973591137539755
NVDA,2025-02-18,139.4,0.003953284573615142,0.003953284573615142
NVDA,2025-02-19,139.23,-0.0012202564052294857,0.0012202564052294857
NVDA,2025-02-20,140.11,0.006300586461946142,0.006300586461946142
NVDA,2025-02-21,134.43,-0.04138421091697873,0.04138421091697873
NVDA,2025-02-24,130.28,-0.03135763705812865,0.03135763705812865
NVDA,2025-02-25,126.62,-0.028495505292052227,0.028495505292052227
NVDA,2025-02-26,131.28,0.036141971665854984,0.036141971665854984
NVDA,2025-02-27,120.15,-0.08859148459935746,0.08859148459935746
NVDA,2025-02-28,124.805,0.038011557052868794,0.038011557052868794
NVDA,2025-03-03,114.06,-0.0900278935069539,0.0900278935069539
NVDA,2025-03-04,115.96,0.016520678325061825,0.016520678325061825
NVDA,2025-03-05,117.3,0.01148945160597504,0.01148945160597504
NVDA,2025-03-06,110.56,-0.05917639564006997,0.05917639564006997
NVDA,2025-03-07,112.69,0.01908232594489825,0.01908232594489825
NVDA,2025-03-10,106.98,-0.051998784861153904,0.051998784861153904
NVDA,2025-03-11,108.76,0.01650171866116593,0.01650171866116593
NVDA,2025-03-12,115.74,0.06220267638142262,0.06220267638142262
NVDA,2025-03-13,115.708,-0.0002765199976140948,0.0002765199976140948
NVDA,2025-03-14,121.55,0.04925592461405389,0.04925592461405389
NVDA,2025-03-17,119.48,-0.017176707414223225,0.017176707414223225
NVDA,2025-03-18,115.529,-0.03362741265085174,0.03362741265085174
NVDA,2025-03-19,117.52,0.017086951168564415,0.017086951168564415
NVDA,2025-03-20,118.53,0.008557561225787148,0.008557561225787148
NVDA,2025-03-21,117.65,-0.007451977918037539,0.007451977918037539
NVDA,2025-03-24,121.41,0.03145913238251242,0.03145913238251242
NVDA,2025-03-25,120.69,-0.005947972926077309,0.005947972926077309
NVDA,2025-03-26,113.49,-0.06151054731675902,0.06151054731675902
NVDA,2025-03-27,111.43,-0.01831813625408495,0.01831813625408495
NVDA,2025-03-28,109.67,-0.015920734286845054,0.015920734286845054
NVDA,2025-03-31,108.77,-0.008240295666358687,0.008240295666358687
NVDA,2025-04-01,110.15,0.012607512142593306,0.012607512142593306
NVDA,2025-04-02,110.42,0.0024482036075463964,0.0024482036075463964
NVDA,2025-04-03,101.835,-0.08093742043417852,0.08093742043417852
NVDA,2025-04-04,94.32,-0.07666060019260461,0.07666060019260461
NVDA,2025-04-07,97.71,0.03531065172713636,0.03531065172713636
NVDA,2025-04-08,96.71,-0.010287098227379925,0.010287098227379925
NVDA,2025-04-09,114.33,0.16737219382500665,0.16737219382500665
NVDA,2025-04-10,107.7,-0.0597394193915356,0.0597394193915356
NVDA,2025-04-11,110.93,0.029549787588225393,0.029549787588225393
NVDA,2025-04-14,110.71,-0.0019852018791929812,0.0019852018791929812
NVDA,2025-04-15,112.2,0.013368823217220485,0.013368823217220485
NVDA,2025-04-16,104.49,-0.07119162004257655,0.07119162004257655
NVDA,2025-04-17,101.425,-0.029771763953508595,0.029771763953508595
NVDA,2025-04-21,96.91,-0.045536896346052284,0.045536896346052284
NVDA,2025-04-22,98.89,0.020225408535440817,0.020225408535440817
NVDA,2025-04-23,102.515,0.03600100805311063,0.03600100805311063
NVDA,2025-04-24,106.43,0.03747836271794292,0.03747836271794292
NVDA,2025-04-25,111.01,0.04213279529160288,0.04213279529160288
NVDA,2025-04-28,108.63,-0.021672674898896366,0.021672674898896366
NVDA,2025-04-29,109.02,0.0035837391904753792,0.0035837391904753792
NVDA,2025-04-30,108.7,-0.0029395575089709645,0.0029395575089709645
NVDA,2025-05-01,111.61,0.02641885754045982,0.02641885754045982
NVDA,2025-05-02,114.42,0.02486523717275911,0.02486523717275911
NVDA,2025-05-05,113.82,-0.005257635665404957,0.005257635665404957
NVDA,2025-05-06,113.54,-0.002463055432397526,0.002463055432397526
NVDA,2025-05-07,117.06,0.030531426120494677,0.030531426120494677
NVDA,2025-05-08,117.37,0.0026447142489577835,0.0026447142489577835
NVDA,2025-05-09,116.65,-0.006153339644593539,0.006153339644593539
NVDA,2025-05-12,122.995,0.05296570567222434,0.05296570567222434
NVDA,2025-05-13,129.93,0.05485213975498166,0.05485213975498166
NVDA,2025-05-14,135.34,0.04079428690943445,0.04079428690943445
NVDA,2025-05-15,134.85,-0.0036270812183405022,0.0036270812183405022
NVDA,2025-05-16,135.305,0.003368439823191093,0.003368439823191093
NVDA,2025-05-19,135.513,0.001536087268195658,0.001536087268195658
NVDA,2025-05-20,134.387,-0.008343879456832423,0.008343879456832423
NVDA,2025-05-21,131.813,-0.019339445721543377,0.019339445721543377
NVDA,2025-05-22,132.83,0.007685863645662091,0.007685863645662091
NVDA,2025-05-23,131.29,-0.01166149819839316,0.01166149819839316
NVDA,2025-05-27,135.5,0.031563023373736614,0.031563023373736614
NVDA,2025-05-28,134.81,-0.005105260616782869,0.005105260616782869
NVDA,2025-05-29,139.178,0.03188730972975356,0.03188730972975356
NVDA,2025-05-30,134.84,-0.03166479906686624,0.03166479906686624
NVDA,2025-06-02,137.38,0.018661918419875544,0.018661918419875544
NVDA,2025-06-03,141.4,0.0288419446767369,0.0288419446767369
NVDA,2025-06-04,141.92,0.00367076509879695,0.00367076509879695
NVDA,2025-06-05,139.95,-0.013978302599806851,0.013978302599806851
NVDA,2025-06-06,141.688,0.012342241192868607,0.012342241192868607
NVDA,2025-06-09,142.63,0.006626407380999769,0.006626407380999769
NVDA,2025-06-10,143.96,0.00928161867549919,0.00928161867549919
NVDA,2025-06-11,142.83,-0.007880371336292883,0.007880371336292883
NVDA,2025-06-12,145.0,0.015078630546037294,0.015078630546037294
NVDA,2025-06-13,141.97,-0.021117974745091833,0.021117974745091833
NVDA,2025-06-16,144.69,0.01897775507350749,0.01897775507350749
NVDA,2025-06-17,144.12,-0.003947236869097622,0.003947236869097622
NVDA,2025-06-18,145.48,0.009392334238895681,0.009392334238895681
NVDA,2025-06-20,143.78,-0.011754266563062747,0.011754266563062747
NVDA,2025-06-23,144.17,0.0027088052680868772,0.0027088052680868772
NVDA,2025-06-24,147.9,0.025543210892941814,0.025543210892941814
NVDA,2025-06-25,154.31,0.04242719636635936,0.04242719636635936
NVDA,2025-06-26,155.02,0.0045905747702518936,0.0045905747702518936
NVDA,2025-06-27,157.74,0.01739396711647957,0.01739396711647957
NVDA,2025-06-30,157.99,0.0015836319149128435,0.0015836319149128435
NVDA,2025-07-01,153.3,-0.030134954006989227,0.030134954006989227
NVDA,2025-07-02,157.25,0.02544010970278133,0.02544010970278133
NVDA,2025-07-03,159.288,0.012876988931183636,0.012876988931183636
NVDA,2025-07-07,158.24,-0.006601016637331609,0.006601016637331609
NVDA,2025-07-08,160.008,0.011110946109466552,0.011110946109466552
NVDA,2025-07-09,162.88,0.01778991937828917,0.01778991937828917
NVDA,2025-07-10,164.1,0.007462264733887297,0.007462264733887297
NVDA,2025-07-11,164.92,0.004984509742654111,0.004984509742654111
NVDA,2025-07-14,164.07,-0.0051673418119081264,0.0051673418119081264
NVDA,2025-07-15,170.7,0.03961446377360394,0.03961446377360394
NVDA,2025-07-16,171.356,0.0038356339561977995,0.0038356339561977995
NVDA,2025-07-17,173.0,0.009548330741186125,0.009548330741186125
NVDA,2025-07-18,172.41,-0.003416233310019081,0.003416233310019081
NVDA,2025-07-21,171.38,-0.0059920479467871594,0.0059920479467871594
NVDA,2025-07-22,167.01,-0.025829622377446675,0.025829622377446675
NVDA,2025-07-23,170.78,0.02232248761593407,0.02232248761593407
NVDA,2025-07-24,173.74,0.01718375035231447,0.01718375035231447
NVDA,2025-07-25,173.5,-0.001382329444860658,0.001382329444860658
NVDA,2025-07-28,176.769,0.018666196076369605,0.018666196076369605
NVDA,2025-07-29,175.51,-0.007147774123684669,0.007147774123684669
NVDA,2025-07-30,179.27,0.02119702792714857,0.02119702792714857
NVDA,2025-07-31,177.87,-0.00784010287936114,0.00784010287936114
NVDA,2025-08-01,173.59,-0.02435674950692829,0.02435674950692829
NVDA,2025-08-04,180.0,0.036260654009752626,0.036260654009752626
NVDA,2025-08-05,178.26,-0.009713692187639148,0.009713692187639148
NVDA,2025-08-06,179.42,0.006486267428566149,0.006486267428566149
NVDA,2025-08-07,180.77,0.0074960788556257376,0.0074960788556257376
NVDA,2025-08-08,182.735,0.010811510931066026,0.010811510931066026
NVDA,2025-08-11,182.11,-0.003426115810100666,0.003426115810100666
NVDA,2025-08-12,183.105,0.005448858682144146,0.005448858682144146
NVDA,2025-08-13,181.545,-0.0085562019311958,0.0085562019311958
NVDA,2025-08-14,182.02,0.00261301429053287,0.00261301429053287
NVDA,2025-08-15,180.45,-0.008662840060412192,0.008662840060412192
NVDA,2025-08-18,182.01,0.008607899533518554,0.008607899533518554
NVDA,2025-08-19,175.64,-0.03562518492879948,0.03562518492879948
NVDA,2025-08-20,175.4,-0.0013673657554339415,0.0013673657554339415
NVDA,2025-08-21,174.98,-0.0023973982599642223,0.0023973982599642223
NVDA,2025-08-22,177.99,0.017055687260543243,0.017055687260543243
NVDA,2025-08-25,179.829,0.010279030415553433,0.010279030415553433
NVDA,2025-08-26,181.77,0.01073575227079256,0.01073575227079256
NVDA,2025-08-27,181.513,-0.0014148751407217675,0.0014148751407217675
NVDA,2025-08-28,180.119,-0.007709532920645688,0.007709532920645688
NVDA,2025-08-29,174.111,-0.03392471670613534,0.03392471670613534
NVDA,2025-09-02,170.741,-0.019545238434114365,0.019545238434114365
NVDA,2025-09-03,170.62,-0.0007089269428415221,0.0007089269428415221
NVDA,2025-09-04,171.66,0.006076914809525114,0.006076914809525114
NVDA,2025-09-05,167.02,-0.02740221056499047,0.02740221056499047
NVDA,2025-09-08,168.33,0.007812772705907016,0.007812772705907016
NVDA,2025-09-09,170.753,0.014291729411686438,0.014291729411686438
NVDA,2025-09-10,177.27,0.03745592618301617,0.03745592618301617
NVDA,2025-09-11,177.17,-0.0005642704133470017,0.0005642704133470017
NVDA,2025-09-12,177.8,0.003549599467458347,0.003549599467458347
NVDA,2025-09-15,177.749,-0.0002868802913229664,0.0002868802913229664
NVDA,2025-09-16,174.839,-0.016506892324709203,0.016506892324709203
NVDA,2025-09-17,170.207,-0.026850207085628543,0.026850207085628543
NVDA,2025-09-18,176.28,0.03505829659564269,0.03505829659564269
NVDA,2025-09-19,176.597,0.001796660509314641,0.001796660509314641
NVDA,2025-09-22,183.61,0.03894364245099485,0.03894364245099485
NVDA,2025-09-23,178.43,-0.028617575490758253,0.028617575490758253
NVDA,2025-09-24,176.899,-0.008617419204824853,0.008617419204824853
NVDA,2025-09-25,177.66,0.004292663103042307,0.004292663103042307
NVDA,2025-09-26,178.19,0.0029787853977683437,0.0029787853977683437
NVDA,2025-09-29,181.877,0.020480237689545804,0.020480237689545804
NVDA,2025-09-30,186.575,0.02550266858858189,0.02550266858858189
NVDA,2025-10-01,187.21,0.0033976784027260065,0.0033976784027260065
NVDA,2025-10-02,188.94,0.009198522920811322,0.009198522920811322
NVDA,2025-10-03,187.62,-0.0070108636431833364,0.0070108636431833364
NVDA,2025-10-06,185.54,-0.011148148472679576,0.011148148472679576
NVDA,2025-10-07,185.04,-0.0026984743019416776,0.0026984743019416776
NVDA,2025-10-08,189.11,0.02175683841599794,0.02175683841599794
NVDA,2025-10-09,192.57,0.01813086765261483,0.01813086765261483
NVDA,2025-10-10,183.16,-0.050099636202901775,0.050099636202901775
NVDA,2025-10-13,188.32,0.027782555723071794,0.027782555723071794
NVDA,2025-10-14,180.00805,-0.04514107139954274,0.04514107139954274
NVDA,2025-10-15,179.83,-0.0009896119353182378,0.0009896119353182378
NVDA,2025-10-16,181.81,0.010950225554075873,0.010950225554075873
NVDA,2025-10-17,183.22,0.007725430855881087,0.007725430855881087
NVDA,2025-10-20,182.64,-0.0031706143655225736,0.0031706143655225736
NVDA,2025-10-21,181.121,-0.008351686020550246,0.008351686020550246
NVDA,2025-10-22,180.28,-0.004654118378542284,0.004654118378542284
NVDA,2025-10-23,182.16,0.010374223933036669,0.010374223933036669
NVDA,2025-10-24,186.2,0.021935943087482417,0.021935943087482417
NVDA,2025-10-27,191.49,0.028014223093108994,0.028014223093108994
NVDA,2025-10-28,201.03,0.04861856271711341,0.04861856271711341
NVDA,2025-10-29,207.04,0.029457860659346562,0.029457860659346562
NVDA,2025-10-30,202.8099,-0.020642924218950136,0.020642924218950136
NVDA,2025-10-31,202.461,-0.0017218116879191307,0.0017218116879191307
NVDA,2025-11-03,207.03,0.022316434894953805,0.022316434894953805
NVDA,2025-11-04,198.69,-0.04111788913562246,0.04111788913562246
NVDA,2025-11-05,195.21,-0.017669918989995363,0.017669918989995363
NVDA,2025-11-06,188.08,-0.03720849794318831,0.03720849794318831
NVDA,2025-11-07,188.15,0.00037211280763218863,0.00037211280763218863
NVDA,2025-11-10,199.05,0.05631653240688002,0.05631653240688002
NVDA,2025-11-11,193.16,-0.03003718844098513,0.03003718844098513
NVDA,2025-11-12,193.85,0.003565803111597033,0.003565803111597033
NVDA,2025-11-13,186.97,-0.036136487939755324,0.036136487939755324
NVDA,2025-11-14,190.27,0.017495939875126505,0.017495939875126505
NVDA,2025-11-17,186.691,-0.018989272344121025,0.018989272344121025
NVDA,2025-11-18,181.36,-0.028970837508914774,0.028970837508914774
NVDA,2025-11-19,186.775,0.029420677662591363,0.029420677662591363
NVDA,2025-11-20,180.91,-0.03190501382869516,0.03190501382869516
NVDA,2025-11-21,178.88,-0.011284480066435485,0.011284480066435485
NVDA,2025-11-24,182.55,0.02030891813491168,0.02030891813491168
NVDA,2025-11-25,177.82,-0.0262523054086531,0.0262523054086531
NVDA,2025-11-26,180.26,0.013628450435270884,0.013628450435270884
NVDA,2025-11-28,176.98,-0.018363521289059645,0.018363521289059645
NVDA,2025-12-01,179.92,0.01647557581185613,0.01647557581185613
NVDA,2025-12-02,181.31,0.007695965786657345,0.007695965786657345
NVDA,2025-12-03,179.551,-0.00974898330188138,0.00974898330188138
NVDA,2025-12-04,183.453,0.02149921376150527,0.02149921376150527
NVDA,2025-12-05,182.41,-0.005701603198518212,0.005701603198518212
NVDA,2025-12-08,185.5745,0.017199517972719076,0.017199517972719076
NVDA,2025-12-09,184.97,-0.003262768905084632,0.003262768905084632
NVDA,2025-12-10,183.74,-0.00667193492313718,0.00667193492313718
NVDA,2025-12-11,180.965,-0.015218072441661588,0.015218072441661588
NVDA,2025-12-12,175.02,-0.03340338929397373,0.03340338929397373
