date,y_reel,QR_tau01,QR_tau05,QR_tau09
2020-06-29,0.0049088649204711,0.0027623767648448042,0.015289214247846376,0.04491023976263804
2020-06-30,0.0318794364918777,0.0026223154915231816,0.014983147272879731,0.04261121597205114
2020-07-01,0.0033890315413286,0.0028820500030137274,0.01636028565579558,0.04340090350340217
2020-07-02,0.0086130920462516,0.0024714141756923473,0.015463901519760315,0.042394051091288965
2020-07-06,0.0232849954819455,0.0027728567573423366,0.014870118922685175,0.04186555487606316
2020-07-07,0.0032940710611295,0.0026944232510020196,0.015960249096211198,0.04113908480465759
2020-07-08,0.03427941613654,0.0025703012326330405,0.014322241187913639,0.042158946278416154
2020-07-09,0.0283203054575338,0.0029526154736384297,0.01575286776977618,0.04272594539681765
2020-07-10,0.0027713290483488,0.00278920404062803,0.016176271216329047,0.045072620087576266
2020-07-13,0.0416604800141587,0.0025981642899385354,0.013771400302511578,0.041353124224428314
2020-07-14,0.0318612411164257,0.002716914599198138,0.01585991679749992,0.04083138452596186
2020-07-15,0.014572366444734,0.0026524803680387037,0.01603140725834451,0.045817510365385526
2020-07-16,0.0091412996929035,0.0029325319124162024,0.015318084327293277,0.04570298720721552
2020-07-17,0.0065885747470136,0.002719555056814842,0.015837255489117998,0.040507442169613966
2020-07-20,0.0298865026739898,0.002481827805531777,0.014958527364154673,0.03988587118002322
2020-07-21,0.0174884990802463,0.002714171273819867,0.015392947296199479,0.042271620034368296
2020-07-22,0.0105950894300515,0.0027852066282237874,0.015233180556563301,0.043696315862851075
2020-07-23,0.0300765751837353,0.002862950164300909,0.015056626889270695,0.04249850108340606
2020-07-24,0.0063950952199748,0.0027854729798206844,0.0161089779775477,0.042225334956222514
2020-07-27,0.0220469113662135,0.0025965192550035537,0.01486669968765805,0.042562298566101164
2020-07-28,0.0199831705470762,0.002652382142815594,0.014430721813482964,0.0402119628913897
2020-07-29,0.0242083395975199,0.002461749838232048,0.014988977361479354,0.04071117243931605
2020-07-30,0.0140823275266209,0.0026327678754920507,0.014551530267889821,0.04255740622012111
2020-07-31,0.0,0.0026794447281692545,0.015208648449502005,0.041989935760551204
2020-08-03,0.0365869580297917,0.002538842497219005,0.014402819400325046,0.039687417634714714
2020-08-04,0.0196361516355371,0.0026146907282618825,0.015311105303794634,0.04050856360955807
2020-08-05,0.0051670953901152,0.002637764949028086,0.015326133702112034,0.04461434184638993
2020-08-06,0.0043357473925442,0.002771433900664914,0.014295978947059916,0.041807360704488636
2020-08-07,0.012096437167644,0.002290172538146794,0.013959336188671602,0.03572121064587396
2020-08-10,0.0030403747204205,0.0022060673214707345,0.013455279744579792,0.03717903082287961
2020-08-11,0.0285728517308664,0.002004904144249561,0.011687607742448553,0.03457182537693057
2020-08-12,0.0528688497826361,0.0021948959129875698,0.012335302651714569,0.035335106118610266
2020-08-13,0.0002629664382325,0.00255816914459461,0.014780948075735548,0.04284601725572641
2020-08-14,0.0105230632385868,0.0025864857608417897,0.01391669515182657,0.04368547189715314
2020-08-17,0.064644213483511,0.002707326071828623,0.014866846644132499,0.03859267745270017
2020-08-18,0.0061077980475052,0.002608402672582592,0.01713424209121378,0.0435728966761404
2020-08-19,0.0100291848978079,0.0026246013693249585,0.014720922069856757,0.04797555348507221
2020-08-20,0.0002478294285345,0.0030712361836386154,0.015414331510342171,0.04201270694624088
2020-08-21,0.0436850883579488,0.002203704848611058,0.014956913045373136,0.03570902703565406
2020-08-24,0.0028345518242654,0.0026861867694558486,0.015123983328649851,0.04305210436596154
2020-08-25,0.002354693343879,0.002625334143220301,0.014426390242142128,0.042399073670707985
2020-08-26,0.0018075371340418,0.0027154272810583145,0.013580216478864472,0.038299614396763694
2020-08-27,0.0114265298235426,0.0019284098108904725,0.012873957701934648,0.03208995646526919
2020-08-28,0.0403234308594123,0.001990885710950904,0.011712045063114922,0.034677448917179665
2020-08-31,0.0171526121987418,0.0025268568555907047,0.013918347854802214,0.03974945726074718
2020-09-01,0.0331641883648389,0.0023274183006329477,0.013079348367765135,0.0406404126497354
2020-09-02,0.0372353905901315,0.0027353325605281036,0.014763283312782578,0.04188417200514633
2020-09-03,0.0973333447457006,0.002759986144214481,0.016753228567375985,0.04523622768654376
2020-09-04,0.03070112971766,0.0039684601297251985,0.021364948014037568,0.060077013641903015
2020-09-08,0.0577216088953537,0.004001454498099226,0.021886130389625263,0.06365897244397711
2020-09-09,0.0650659125054671,0.004886465752935232,0.024887798826523283,0.06525586360710592
2020-09-10,0.0322603451606872,0.004671624221141179,0.027768736473717106,0.0678804934207547
2020-09-11,0.0119527415226247,0.004889589655024965,0.025334963766874476,0.07061540917813344
2020-09-14,0.0565011610549682,0.004931834108174955,0.025587419855269564,0.06304149318680342
2020-09-15,0.0092182986180046,0.004924958016449876,0.02699386583260977,0.06488009206316465
2020-09-16,0.03745838729121,0.0044852630477202095,0.023634080368877004,0.06354857378279878
2020-09-17,0.0040140062244581,0.0051346962965986755,0.024554429173109207,0.06304689437146314
2020-09-18,0.0221887915814302,0.0044378083157702985,0.02411477685888527,0.05891125376270897
2020-09-21,0.026443126576802,0.004438995641089551,0.022425806873280805,0.05893442462860752
2020-09-22,0.0096374955282727,0.004146543473986014,0.022592477522068534,0.05656235176040263
2020-09-23,0.041523665166603,0.004103285366259227,0.0210522348494815,0.05771344509305586
2020-09-24,0.0182568164901934,0.004310808263711319,0.022855496183049107,0.05833600578435456
2020-09-25,0.0417848775037374,0.004134944750714779,0.02285937072166314,0.06104560486315575
2020-09-28,0.0124447288794281,0.0047383350587176815,0.024281872149646652,0.0644601329306769
2020-09-29,0.0144849839698298,0.0041358509353491115,0.02335192981432808,0.060497759979342494
2020-09-30,0.0228282431310819,0.004262256963880178,0.02258163766933803,0.059415495146049054
2020-10-01,0.0062047768868828,0.003914085571558284,0.022484794368222122,0.056322309653806336
2020-10-02,0.0414435057332175,0.0037848199845440388,0.02054848109866369,0.055829999558811814
2020-10-05,0.0435032386962281,0.003824057433460482,0.02030764360046367,0.05316326699348648
2020-10-06,0.0068766542558728,0.0038949154972575694,0.021480489961204437,0.058253142714892354
2020-10-07,0.0164097708790019,0.0038729154284286907,0.019697765635763524,0.055902739878627546
2020-10-08,0.0089931192959397,0.0034328361794825958,0.019033350999366438,0.04741030907126931
2020-10-09,0.005520902595705,0.0028669019832661294,0.01752373980260231,0.04524696901217156
2020-10-12,0.03305085351508,0.0028150472876937085,0.015578415836408236,0.04383389117307106
2020-10-13,0.0015492742637751,0.002876796980517559,0.016056883882574823,0.04279958488874675
2020-10-14,0.0107534003562042,0.0027238565113715902,0.015136796781829264,0.04375567138292208
2020-10-15,0.0089020299379127,0.002761902060814366,0.014513579157990248,0.03998688567997243
2020-10-16,0.0113816792596785,0.002470680958525707,0.014991303688012733,0.03883734056142142
2020-10-19,0.0230332391451239,0.0023888359554263415,0.013470163635370486,0.03936498760033255
2020-10-20,0.0109182519332101,0.002364966638243392,0.013733812790148164,0.0386745176150608
2020-10-21,0.008929619130272,0.002387979735751852,0.013755512682173399,0.04008539805877015
2020-10-22,0.0122166479374019,0.002266872933285108,0.012984947778695714,0.037008895661393336
2020-10-23,0.0170972314625423,0.0021137253610995243,0.013037679031972026,0.0358193309005035
2020-10-26,0.0336522975292688,0.002062526540610231,0.012317075692273725,0.0359580574595111
2020-10-27,0.0192528689949218,0.0022974743496652966,0.013338928268946039,0.03894151115051249
2020-10-28,0.0591854945605396,0.0024390101167762685,0.013911052164202695,0.041136814685857025
2020-10-29,0.030997083971518,0.0030445209858878004,0.016696512472315066,0.04649030248658667
2020-10-30,0.0384007765847125,0.0030959822867074774,0.017918942407550185,0.05087989134092709
2020-11-02,0.0037445601984523,0.00350242248585853,0.018320521760302827,0.05144541941578278
2020-11-03,0.0342712545312255,0.002816711282183117,0.017144988890824178,0.044344099998837636
2020-11-04,0.05782943468281,0.003088365159074021,0.01732394151538722,0.04588713925584056
2020-11-05,0.0262037508112063,0.0033978161007119814,0.019518826529331852,0.05193779683797166
2020-11-06,0.0279610102195089,0.003846919875511114,0.019340805605740037,0.05693685293340919
2020-11-09,0.0660750166460572,0.004129131905857653,0.021101487264035032,0.05425391898626253
2020-11-10,0.0652644882262471,0.004142377155967807,0.023329007153234247,0.058485057509219375
2020-11-11,0.0494890454273113,0.00478796103552008,0.02509852637090615,0.06963561752512298
2020-11-12,0.0029098634990518,0.00528379293953383,0.026500373342207853,0.07186178790436736
2020-11-13,0.011984628820691,0.004819741516096766,0.025868837210893923,0.06468540080107878
2020-11-16,0.0162816817708665,0.004365106069413681,0.024380895806787616,0.05826522403037209
2020-11-17,0.0068333834955424,0.004045886984796091,0.02291845228517512,0.0565835815442443
2020-11-18,0.0004480554468888,0.004120050836060067,0.020861386571998514,0.0561904848821929
2020-11-19,0.0008955090820985,0.0039037427715375938,0.01997610444656614,0.0512134188316945
2020-11-20,0.0266533287228823,0.003604787506157082,0.019171684705555053,0.04870910012876696
2020-11-23,0.0040367027291928,0.003687775828903671,0.01952007437803878,0.05100863958963126
2020-11-24,0.0139449771032611,0.0033212790289133954,0.017751664166666306,0.04969476281162254
2020-11-25,0.0210914487428452,0.0032862473216325387,0.01740359022567226,0.04736948123460767
2020-11-27,0.002043303596512,0.002771132700675405,0.01686574895251703,0.0447440638677891
2020-11-30,0.0105135093377839,0.0026763629293044943,0.015297776547819485,0.04451374965270685
2020-12-01,0.0008232485852293,0.0026072590713175883,0.014980560414375194,0.040547848063346256
2020-12-02,0.0114494554595401,0.0023035643657790886,0.014413537606679318,0.03938923263747808
2020-12-03,0.0107010196553611,0.0023337140449402006,0.013537400297536027,0.038717620389220546
2020-12-04,0.012032479279533,0.002127580144505994,0.012822807150126106,0.03644703707469312
2020-12-07,0.0035419163356459,0.002214994797459914,0.012581763641165474,0.03707629473605727
2020-12-08,0.0190218479173913,0.001966080644285638,0.011883482205954298,0.0342729185461676
2020-12-09,0.0319846036386819,0.0018332568896229217,0.011201148143537424,0.03249714214333133
2020-12-10,0.0032502988705642,0.001772742463948248,0.011129732181040424,0.03367364117871559
2020-12-11,0.0031550512736083,0.00158179021577065,0.009458045539742705,0.03165041581392415
2020-12-14,0.0224286972858286,0.0016006947947484946,0.009776691343314986,0.028065024835291105
2020-12-15,0.0039010140231463,0.0014368312476179248,0.010388783340491219,0.028691428084707444
2020-12-16,0.0088763552516358,0.001427157830078321,0.009041014401321877,0.03013899978285598
2020-12-17,0.0074500035417963,0.0016293733957827004,0.009281257055136724,0.028344875971260654
2020-12-18,0.0051819831553416,0.0014412230893875236,0.009688955191682964,0.02772685666447518
2020-12-21,0.0045056321184137,0.0014643727157091515,0.00907731014083111,0.0286044451107682
2020-12-22,0.0040601927681848,0.0013757983759696052,0.008647262041059037,0.026277182712311217
2020-12-23,0.0204749394773061,0.0012777203884630599,0.008316326920840967,0.025815521240107938
2020-12-24,0.0012334450136846,0.001315073761152492,0.008613313519486987,0.027020786990214214
2020-12-28,0.0071919085900847,0.0012015207670870614,0.00794625195933098,0.026674118398576016
2020-12-29,0.0033353014071729,0.0013577085921328768,0.008278083704411947,0.025911838058306505
2020-12-30,0.0154828616417296,0.0010307981072628458,0.0079827641109504,0.024074630450041965
2020-12-31,0.0069395575372575,0.00124226732808463,0.008163212613548194,0.02668240274312416
2021-01-04,0.0045043395880554,0.0012154895022114748,0.008180467293797416,0.02649967490614724
2021-01-05,0.0219755835764117,0.001246395621692937,0.007935311698190582,0.025796978045341028
2021-01-06,0.0607980117036587,0.0013199665068548976,0.008990683948271492,0.02685416607542498
2021-01-07,0.0563016686418438,0.0019872664867818454,0.012024937243328305,0.03706383533410252
2021-01-08,0.0051128666942809,0.0026758620858224505,0.014629622568035393,0.046523010846052947
2021-01-11,0.0256895408202217,0.0026129682995546665,0.014065143650690452,0.04269353462664526
2021-01-12,0.0101164840127671,0.0025623939118573284,0.015665440443973347,0.038604525595789065
2021-01-13,0.0034724318146659,0.0020683686266384045,0.014439759460503456,0.03845524128501874
2021-01-14,0.024791869423434,0.002234996889682292,0.01219501373611956,0.03651591101196761
2021-01-15,0.0261935029867732,0.0023515579139467783,0.013527332079784394,0.03551071401687576
2021-01-19,0.0128401491496576,0.0025145070476931984,0.013931660258121004,0.040421838495132395
2021-01-20,0.0257886221321818,0.002781360578590186,0.014169229755461409,0.04116774360039217
2021-01-21,0.0369245539359015,0.0028730481446285813,0.015551557404671793,0.041125494745975925
2021-01-22,0.0112579181435182,0.002819447565550378,0.016246967915621822,0.044774289630652817
2021-01-25,0.0043215912091921,0.002747382968204874,0.015261785591674645,0.044856004127082086
2021-01-26,0.0161841095470554,0.002669229992422494,0.014926144704166066,0.03998203265821964
2021-01-27,0.0392792039941098,0.0024238613402671485,0.015048449886091496,0.038959684801311976
2021-01-28,0.0102515120873144,0.002788046445992795,0.015897903642406164,0.04496908094090647
2021-01-29,0.0046881400697941,0.003004570039652857,0.015951374978358777,0.04665301232887155
2021-02-01,0.0188493018698382,0.0029577503712551875,0.015718996316920468,0.04233189915628195
2021-02-02,0.0239121985766225,0.002662743747033527,0.01622880697594904,0.04117375437710361
2021-02-03,0.0019240737083643,0.002826957193334875,0.016060522679769765,0.04555384680365817
2021-02-04,0.0098696528646465,0.002780203114639489,0.014989872896076797,0.043055371338711484
2021-02-05,0.0054350557967809,0.002413281827338635,0.013826312697925065,0.03716162032170348
2021-02-08,0.060513562378698,0.0019170712155536919,0.012236140501814378,0.03390409430502418
2021-02-09,0.0122784054069917,0.0027090850638067567,0.014958329720290623,0.04275718151020457
2021-02-10,0.0344928460831645,0.0026226172424491765,0.014694877128097812,0.04500687660439835
2021-02-11,0.0324886481848755,0.00313944096926962,0.016016749335887988,0.04528892389995016
2021-02-12,0.0192094765274362,0.002865841132284421,0.01814482330461005,0.0462515899543192
2021-02-16,0.0243225988642627,0.003044619518798475,0.016681527693745108,0.04889429147013277
2021-02-17,0.0280074264607799,0.0030771114907637525,0.017302235693004056,0.04543457802889628
2021-02-18,0.0051911395480217,0.003024656474946308,0.01750016506263022,0.047172680438801996
2021-02-19,0.0065283750301439,0.0029607480621398567,0.016224980359092936,0.04534136152326883
2021-02-22,0.0389242101143698,0.002794111753287359,0.015311801711575685,0.04021795825737546
2021-02-23,0.0149617148870907,0.002954478223604765,0.01678025612736636,0.04366128306827735
2021-02-24,0.0248823898204736,0.0028780304928559806,0.01570753097690883,0.04642593905286189
2021-02-25,0.0857245198048432,0.0032807810942831923,0.01670510167982843,0.04607761952522628
2021-02-26,0.0301641491595861,0.003658004028056173,0.02073172736158989,0.053877440574147686
2021-03-01,0.009238176180343,0.003805940354922087,0.020436309796398953,0.06140121410677722
2021-03-02,0.0320558895229644,0.004129760838835727,0.020667090128991154,0.05534085442347158
2021-03-03,0.0459199376708182,0.003560071856346801,0.02198831610094991,0.05072113726039893
2021-03-04,0.0345228440404456,0.0036592742908607458,0.02102540625409796,0.05772735068333885
2021-03-05,0.0073465039098259,0.0043291676840788865,0.021993098852688665,0.06128170780704767
2021-03-08,0.0721929791808734,0.00431258214323971,0.022213047943622718,0.05752811181149678
2021-03-09,0.0772475876206508,0.004715010808328337,0.02547552620087052,0.0628043622792498
2021-03-10,0.0041702147143918,0.005027061774205648,0.0270403197533342,0.07345934272281374
2021-03-11,0.0413561109799792,0.005347605459602114,0.025551580127003266,0.07222383139011157
2021-03-12,0.0106901485875303,0.0050418570062814375,0.02700935424243337,0.06276536347572402
2021-03-15,0.0257358518218647,0.004032034187840213,0.024571909280641867,0.060958480267180794
2021-03-16,0.0075594271609275,0.004599335342770189,0.02300546685900112,0.062009998803809516
2021-03-17,0.0037546365659968,0.00419674090002233,0.022683643309703287,0.0562761192091857
2021-03-18,0.0475326188736538,0.003957666541931123,0.020380872321831278,0.05370735330210097
2021-03-19,0.0097030309037034,0.004216952419801892,0.02261599708780156,0.05663230910651939
2021-03-22,0.0261356687354921,0.0042187964866996575,0.021932945258431664,0.06064162626968877
2021-03-23,0.0087614084070962,0.004351464902371048,0.02163494678904256,0.057298802186736025
2021-03-24,0.0333106959694446,0.0035683493221723584,0.021097718927342832,0.05311262941587574
2021-03-25,0.0085799178073732,0.003907567670229835,0.02100041436523881,0.05665465760123752
2021-03-26,0.0239702208338523,0.0032883064726311594,0.018791088900249293,0.05065213520622849
2021-03-29,0.0084704121498514,0.0035248477929371485,0.018703419752549834,0.050748471856729
2021-03-30,0.0058983942710631,0.0031931645547135143,0.018635687471319256,0.048720391279912886
2021-03-31,0.0363292795383909,0.0031538397233664937,0.01713030911697987,0.047014416616124106
2021-04-01,0.0342145140623336,0.003228605494935013,0.018188969206056418,0.047120458261776146
2021-04-05,0.0126428855062207,0.0032323608208774932,0.017954409973817677,0.05147335337453457
2021-04-06,0.009029780282062,0.003509251147076966,0.018223577970421744,0.05157565527105827
2021-04-07,0.0201344761920725,0.002979113344818371,0.017032718454650157,0.04384936258070145
2021-04-08,0.0120960983691239,0.0025318112646034053,0.015428224932603457,0.0408307557675389
2021-04-09,0.0057849007663945,0.0025052750391271025,0.01448930995682398,0.04161895105103364
2021-04-12,0.0546313943205147,0.0024442495622219477,0.013448754987448236,0.03810223613838169
2021-04-13,0.0303920725667881,0.0028377539302428347,0.016154149660160138,0.043229612925308004
2021-04-14,0.0259877636934275,0.0029563056387164476,0.01650516880320493,0.049132406243194385
2021-04-15,0.0548067497553787,0.0035209412975467807,0.017619299473420905,0.05010496628344521
2021-04-16,0.0140506111741002,0.0035963377926106124,0.02081923325698713,0.05245008565840388
2021-04-19,0.035202876248597,0.0032063038591444277,0.01837735061031341,0.05272422663797071
2021-04-20,0.0124575807535492,0.00370206134302852,0.019534564430740146,0.051721476926427735
2021-04-21,0.012327115907117,0.0032075081032441784,0.019125233898987043,0.04898224391806129
2021-04-22,0.0337220544428983,0.003345544528658033,0.0177158853325732,0.04860704478470838
2021-04-23,0.0275774910923978,0.0033511979398346574,0.018707745904904784,0.04754337345192618
2021-04-26,0.0137935918806431,0.003582857655900103,0.018908374599310458,0.05259594649017487
2021-04-27,0.0062148505245023,0.003539364584585187,0.018199960593437675,0.049939875257677
2021-04-28,0.0068569754918895,0.003246700211967525,0.017971774605412126,0.0460436531135756
2021-04-29,0.0031434416417196,0.002985305156904862,0.01703224533684943,0.04439324355214861
2021-04-30,0.0207247269540282,0.0025738285676502382,0.014799682073354315,0.04057719741875634
2021-05-03,0.011595519965811,0.0026471441219785815,0.014670700633682105,0.04047324868748621
2021-05-04,0.0332741541731881,0.0025426471613629255,0.014393178883788015,0.041159848666575474
2021-05-05,0.007428927553079,0.0029607157889548937,0.015901546465676885,0.04463837081414533
2021-05-06,0.004494482818566,0.0027399777724867354,0.015743752428225205,0.04401031446663306
2021-05-07,0.0196609833454077,0.0026675836510859996,0.014808060826555242,0.04122840626712989
2021-05-10,0.0375225785974797,0.0024719060170012336,0.01545966855307929,0.040158064497273036
2021-05-11,0.0027984209649007,0.002591279090890223,0.015124273150741899,0.04408837235406916
2021-05-12,0.0389982977717526,0.0025901576873259063,0.014217024727742939,0.04266992898481044
2021-05-13,0.0067955893064861,0.002943746992373819,0.01613561532017172,0.04296445884576095
2021-05-14,0.0413858106466979,0.0023423009507115102,0.014765305904080919,0.04099690099593687
2021-05-17,0.0053607328671251,0.0029539939123843727,0.01555382731247774,0.04453976482355006
2021-05-18,0.0106583300958565,0.0024686893330783466,0.015062522780473925,0.041138970524333324
2021-05-19,0.0035606652315135,0.0025803743611816934,0.01384871734449541,0.03977461528090599
2021-05-20,0.0380510497593203,0.0021759529714835226,0.013841762831590498,0.03541289684300247
2021-05-21,0.0256359208100731,0.00249651580041684,0.013940420535267941,0.03994163196550222
2021-05-24,0.0404797448671855,0.002581856665208195,0.014372599638845808,0.042199622784304655
2021-05-25,0.0023015117429439,0.0030511154061620247,0.01577746698483733,0.04580897593772522
2021-05-26,0.003317918830107,0.0027632663184669086,0.015963913759197465,0.04332222936199559
2021-05-27,0.0136099360834938,0.002563419304672271,0.014593851195421548,0.03924934393892196
2021-05-28,0.0477035769401991,0.0023234766273111515,0.014758045147077396,0.03759556722152661
2021-06-01,0.0012883620784514,0.002691660819944849,0.015178166511726694,0.04423202031193487
2021-06-02,0.0310781403841213,0.0027503358038145197,0.01472376125876861,0.04436470915410785
2021-06-03,0.0113831588059385,0.0030761774322407014,0.01597498450774753,0.04274496169931372
2021-06-04,0.0352348460016362,0.0026197876285916698,0.016337391923200283,0.042569482295426876
2021-06-07,0.002334241520805,0.0030769458480336166,0.016303009814528358,0.046914136547419105
2021-06-08,0.0092550406105617,0.0027093117412751245,0.015821535236663374,0.043067776539123886
2021-06-09,0.0054559088358293,0.002563228179504093,0.014153281606945246,0.0395291510686252
2021-06-10,0.0038475542376091,0.0022839835406562926,0.01431720182105028,0.03718389276963218
2021-06-11,0.0227064831195308,0.0021960276864071244,0.012381896172498122,0.036236359193894334
2021-06-14,0.0108320652228448,0.00239407107407714,0.013451092896570815,0.037083239936620764
2021-06-15,0.0129078810350544,0.002086834406312748,0.012163853668845986,0.036513283460125674
2021-06-16,0.0012325079717543,0.0023287828070256643,0.012726886527278762,0.03689953906951494
2021-06-17,0.0464906148071424,0.001969645756942779,0.012240419087413834,0.03400360574151571
2021-06-18,0.00096687390366,0.0024455243671979033,0.014218891906402669,0.03983941956181921
2021-06-21,0.0114476598497614,0.0020211764169708064,0.012471005248644905,0.038770002297403273
2021-06-22,0.0246609242214785,0.002331495836578381,0.012326876707698015,0.03593765413157757
2021-06-23,0.0089651658277086,0.0019048294468735742,0.013165607800227236,0.03384045242233249
2021-06-24,0.0077908600609571,0.0020381842498112383,0.011888654604790177,0.037685718575749136
2021-06-25,0.0091531541852378,0.0022253990843794204,0.01239985189309911,0.035008568739235926
2021-06-28,0.0488876577694553,0.0019464564764953931,0.012202952025101133,0.033477852809842536
2021-06-29,0.0021029448967715,0.002257267886614266,0.01315226098918836,0.03817681297581869
2021-06-30,0.0012512201026783,0.00222458583874994,0.012673013359336306,0.03966574232986789
2021-07-01,0.0104420860324558,0.002305590825823032,0.012064854518849708,0.03409106256171685
2021-07-02,0.0134733719310228,0.0016442133300260205,0.012009711020291868,0.03006840036824999
2021-07-06,0.0102062551052464,0.001651553295284125,0.01023081147790746,0.03244843138648771
2021-07-07,0.0157911497478743,0.0018750203609566231,0.010571826669520471,0.03213604812900321
2021-07-08,0.0232957943836542,0.001882698721933649,0.011087167902896242,0.03234536901884524
2021-07-09,0.0073611965846641,0.0020117146085993865,0.012022025119711335,0.03506532924751803
2021-07-12,0.0227411620782116,0.0020456985010105866,0.011884237952458137,0.03563711432995929
2021-07-13,0.0128135362048228,0.002172878686967097,0.012512231592050194,0.0352278235649531
2021-07-14,0.0203131555040553,0.0018589266918262583,0.012013424591910522,0.03490410407340364
2021-07-15,0.0451716174189551,0.002130602599364574,0.01223145535010778,0.03639610139155257
2021-07-16,0.0433907545137395,0.0025424633830535824,0.014904895782866849,0.04138422153894935
2021-07-19,0.0335346930707326,0.002799531759213493,0.01557196817377767,0.046562859011722114
2021-07-20,0.0089903416209707,0.0032296873414923897,0.017224070790346716,0.04917620221173686
2021-07-21,0.0419943521893705,0.0030040822276478844,0.017195567573973326,0.04560416337615782
2021-07-22,0.0094507010676201,0.003094385689667348,0.01795164215631166,0.04630245076706205
2021-07-23,0.0018420357651245,0.0028273468109026494,0.016665423367589697,0.04650826694287528
2021-07-26,0.0136025651401616,0.003035070907656832,0.015556928580451601,0.04309694170648078
2021-07-27,0.0044747925730859,0.0027118408249993922,0.01602503439448719,0.039446925404054305
2021-07-28,0.0152565681763743,0.002408776816575424,0.013531167218966076,0.03869926647227209
2021-07-29,0.0081279011961769,0.002658064866387566,0.013869382881996843,0.038645062661022446
2021-07-30,0.0083333602437751,0.002440548903678272,0.013771641976164258,0.038128159061779
2021-08-02,0.0127962464621506,0.0023493522987968244,0.013066787787414741,0.037450964938587
2021-08-03,0.0032861205029102,0.0022009399748231595,0.01309430727084398,0.03637864224838127
2021-08-04,0.0228585379103929,0.0021190428943234567,0.012464165516670156,0.03622605333276154
2021-08-05,0.0176548487745576,0.0021629278763369664,0.012784564061396088,0.03638142632872245
2021-08-06,0.0131294411352734,0.002116370534575778,0.012950681265247902,0.03795132291854489
2021-08-09,0.0034933113306202,0.0023527423449063506,0.013176483371965192,0.0390881741494006
2021-08-10,0.0178479238858032,0.002099939182187327,0.012832045954086074,0.035538942413084154
2021-08-11,0.011908573175559,0.0021278116785815792,0.012986258864684854,0.03622052587155721
2021-08-12,0.0103497342449503,0.002032701107754929,0.012480726603422752,0.036463340594457175
2021-08-13,0.0141165176141342,0.0020247164385144576,0.011555134619596983,0.03463250774934132
2021-08-16,0.0118595037045775,0.0018573961517777456,0.011371846971367628,0.03235460694112111
2021-08-17,0.0249316449723625,0.0017244368148585606,0.010623684948295287,0.031949331204628936
2021-08-18,0.0217318406273392,0.001982959073029097,0.011598897475809503,0.034084258431665834
2021-08-19,0.0390628724142588,0.0018876875716331966,0.01137628885560106,0.0343364241477177
2021-08-20,0.050015233160536,0.0022839162024621803,0.01296968398505529,0.03840202375183705
2021-08-23,0.0534431649831029,0.0027014977139987553,0.01559905179354261,0.04476593883062616
2021-08-24,0.0075559843123222,0.0032846622614972182,0.01783355887297151,0.05164299330559426
2021-08-25,0.019104221456146,0.0031709033383759393,0.017610273250185413,0.0490627482895333
2021-08-26,0.0065515260264343,0.003084851156546791,0.017629971267657536,0.04446720443628938
2021-08-27,0.0254215276272377,0.002599134743699288,0.01641975726607741,0.04200843101027629
2021-08-30,0.0022985873814319,0.0029634406985555722,0.01581999304043666,0.044235002858476265
2021-08-31,0.0132672445416923,0.002814597801936405,0.015345126317703066,0.041822913261225156
2021-09-01,0.0024935217138293,0.0029529346585243006,0.015255507269145294,0.04148762582276418
2021-09-02,0.0020014749684082,0.0025429710264825243,0.014567465568183151,0.03841080526140223
2021-09-03,0.019757818085854,0.0023866328661157994,0.012929434069757054,0.03676238431387298
2021-09-07,0.0079544548361561,0.0022724138486780233,0.013225316547471012,0.036049703336853096
2021-09-08,0.0143556872488378,0.002102427367895601,0.012399545836282742,0.03730922803486987
2021-09-09,0.0072852280645846,0.0022911819126043144,0.012759108399972364,0.037002086094182735
2021-09-10,0.013489015811956,0.0020630742429275876,0.01278856864520024,0.03581258516507295
2021-09-13,0.0146187194527109,0.0021538621612841617,0.012705565273050714,0.036776316575989065
2021-09-14,0.0040564712031562,0.002078659405152192,0.01277548169714169,0.03656076024225629
2021-09-15,0.0044481260944172,0.0020766434288840467,0.012284082884929028,0.03626132581598597
2021-09-16,0.0044481260944173,0.0019249176874476233,0.011732809760828576,0.03324548360982814
2021-09-17,0.0154974319622744,0.0017417037190333169,0.011134548668562427,0.0318439138140081
2021-09-20,0.0366183653343417,0.0017578522641721835,0.010665011922852265,0.03189417237459463
2021-09-21,0.0062896560777203,0.0019007477341899037,0.011334686620152952,0.034405054333090435
2021-09-22,0.0322020449349927,0.0017369964827949516,0.010176157666412432,0.033323379551896876
2021-09-23,0.0243601037704233,0.0020919310496551576,0.011948610481385107,0.03413136689063916
2021-09-24,0.0179987417956152,0.0018882783833715465,0.01262206523041186,0.03590570961850848
2021-09-27,0.0192576528084744,0.0021764443230860345,0.012207238310462278,0.037889726174961384
2021-09-28,0.0453969938028013,0.002089300931458858,0.012751442234089399,0.035016749926359565
2021-09-29,0.0087871208925321,0.00246324844314132,0.014539845378078483,0.040984721755224586
2021-09-30,0.0096045510634928,0.0024600545779830296,0.01392333217060677,0.04167494837324899
2021-10-01,0.0012562815722615,0.0026575732498030497,0.014142677059227792,0.03865638867387159
2021-10-04,0.0498279326546942,0.0021637959197555044,0.013752228751041866,0.03490962049064298
2021-10-05,0.035740076296657,0.0025378394233594942,0.014366993760090154,0.04065979208838092
2021-10-06,0.0120625318676861,0.0029004466664647195,0.015858237273701226,0.04690115166783048
2021-10-07,0.0179536142048679,0.0031395034256317565,0.01560774190557403,0.046087752057732786
2021-10-08,0.0116446580321137,0.002880904273091709,0.01682251985847077,0.04180986206775077
2021-10-11,0.0065509158537736,0.0025454183122535314,0.01555791348570826,0.041975791856960626
2021-10-12,0.0011622221055356,0.0025600676689502095,0.014238852556747832,0.04012891654666774
2021-10-13,0.0128829669476279,0.0023013084277767664,0.013391776218669122,0.03649364813363575
2021-10-14,0.0378294366929635,0.0023371169015375033,0.013466138052336962,0.03706234300060531
2021-10-15,0.0053239383159011,0.0027137333383517245,0.015153417634896891,0.042571173235975264
2021-10-18,0.016335814835076,0.0027807562159465954,0.01478110605530323,0.04392752065307731
2021-10-19,0.003060156925887,0.002691997245958722,0.014530586949376529,0.03973807861191434
2021-10-20,0.0084244747910806,0.0021359325496157788,0.013989236520336441,0.0371692509949385
2021-10-21,0.0263044791725694,0.002110954649799535,0.012362329999700805,0.036245382300967986
2021-10-22,0.0014951344767396,0.0021619919329712825,0.013118514507973265,0.03653166994090282
2021-10-25,0.0191841415551211,0.0020662233459445793,0.012012267063230699,0.036946386163991034
2021-10-26,0.0648222033343632,0.002288403131130894,0.01275577088500397,0.03582948899177449
2021-10-27,0.0108164215922512,0.002585735448685742,0.015554516761302145,0.04261523474214449
2021-10-28,0.0198359577047393,0.002718835156900177,0.014736493167605924,0.04719702269817003
2021-10-29,0.0248075905453851,0.002985617158173193,0.015655972877662842,0.042574635284175225
2021-11-01,0.0101100721617858,0.002577576831186105,0.017039780061323683,0.04223448151169676
2021-11-02,0.0219957667844457,0.0024403714521974706,0.014062307175013852,0.042220630005268385
2021-11-03,0.0074001902401758,0.002606028489745152,0.014423498756267195,0.039183245335220204
2021-11-04,0.1136979064656604,0.002398383175842291,0.013988609039396102,0.03868541775777715
2021-11-05,0.001641428949579,0.003676943088798346,0.019489382819013266,0.05313246272725795
2021-11-08,0.0347590410902235,0.0034397483285703366,0.018713698659647587,0.05758761228240045
2021-11-09,0.004787668781317,0.004391190255024194,0.02030583896521254,0.05416398189920816
2021-11-10,0.0398701320716854,0.002891438557710521,0.020491263963320853,0.04581326016020545
2021-11-11,0.031118999565557,0.0035012712961608344,0.01859563885271683,0.053373407428212505
2021-11-12,0.0,0.0035023693253534603,0.019486621269911648,0.0513971964883155
2021-11-15,0.0120854304031792,0.0035516755599749716,0.017911640120896646,0.05082158108554221
2021-11-16,0.005910102095952,0.0033922125658180573,0.018533989384211323,0.04512837816956699
2021-11-17,0.031698102652265,0.003005086412748958,0.017378328216405968,0.04518046911173877
2021-11-18,0.0792967692104762,0.0034954332320096225,0.01794013161916846,0.04897837791132759
2021-11-19,0.0405105586351377,0.003816474641155026,0.020695772601396274,0.056792172648309165
2021-11-22,0.031674162285411,0.004399714069474016,0.02257954821062729,0.06599218143553515
2021-11-23,0.0065939384351912,0.004681882330796394,0.02396701796279674,0.06334095878609448
2021-11-24,0.028789212175408,0.0037788762247569015,0.022559769131213263,0.0546410103187416
2021-11-26,0.0364818623210805,0.0037157978797462414,0.021255500344324427,0.0547919915810155
2021-11-29,0.057748161014425,0.0037919964394043932,0.021388077850941316,0.05656746412865582
2021-11-30,0.0212049941322659,0.004578191655883586,0.023268224495910157,0.06397944414794457
2021-12-01,0.0385671949420669,0.004682228823123972,0.024171571827906514,0.06454470754349263
2021-12-02,0.0217460496424454,0.004974690311097607,0.02550186903411715,0.0644994496411389
2021-12-03,0.0456381086171375,0.004587490772190216,0.025477737283286367,0.06366127958528087
2021-12-06,0.0216089141550002,0.004357372164001733,0.02281898018375589,0.06092129428938638
2021-12-07,0.076539515613853,0.004244322861047703,0.023115591943394763,0.06054373530320385
2021-12-08,0.0186784397112677,0.004968729000393468,0.02556298990786874,0.06708668537271238
2021-12-09,0.0428941595749418,0.0048138679511298115,0.02598354087452374,0.06903615978132771
2021-12-10,0.0096235508016549,0.005302734158685898,0.026202968136356388,0.06808495257837514
2021-12-13,0.0698516592556554,0.004437848130022394,0.025510361008919406,0.06170586572938732
2021-12-14,0.0062392522474553,0.005152586573904107,0.02665912867321025,0.06976597173522357
2021-12-15,0.072223841908489,0.004794747494406517,0.025989750944793284,0.06828929017482885
2021-12-16,0.0704619322351549,0.005856559916320101,0.028664782836793763,0.07408474220637841
2021-12-17,0.0208678055484503,0.005791839823639519,0.03205724181524599,0.08036174218228496
2021-12-20,0.0029545316160688,0.005856903955529553,0.02851318778438068,0.07995493568753953
2021-12-21,0.0477725513954713,0.005361261009932836,0.02824910394157323,0.06610784300067793
2021-12-22,0.0111181139718284,0.004806175669104402,0.027668527721582035,0.06582310120113827
2021-12-23,0.0081281402784998,0.004764306733681377,0.025436424098442757,0.06863510936036143
2021-12-27,0.0430949838575978,0.0049638662780741956,0.02415746727494053,0.06296748790165231
2021-12-28,0.0203406151762666,0.004850257707459373,0.02623181108185143,0.062678938205943
2021-12-29,0.0106446502412725,0.0044466916536663945,0.02346684793416548,0.06440411052011281
2021-12-30,0.0139358447202513,0.004727281211609571,0.023351536349766798,0.06125422551679177
2021-12-31,0.0059274018026832,0.004053867547916471,0.02256350046591676,0.055343259878061754
2022-01-03,0.0238574753664802,0.0035655197144750287,0.02014741999273968,0.0535303920711108
2022-01-04,0.027985948204347,0.0036230285012283907,0.01968562763357333,0.052213076365512395
2022-01-05,0.0592965761255966,0.0037723390503182973,0.020546379627134518,0.055094530887831956
2022-01-06,0.0205853030053842,0.004040561057232002,0.021325654091386356,0.0588999791306992
2022-01-07,0.0336030633038512,0.004065177797968773,0.021930112406315014,0.06060423512304851
2022-01-10,0.0056039803236917,0.004296429201171058,0.02253653231830893,0.05896155072205959
2022-01-11,0.0151042630059561,0.0036162321864574034,0.021658678280364895,0.05463386886373747
2022-01-12,0.0065200577613085,0.0034304571567742325,0.01891690730580437,0.05061627743968777
2022-01-13,0.052199549075486,0.0032150590178354217,0.018592892807627395,0.047797189890452
2022-01-14,0.0137090726895092,0.0035479133155371526,0.018822238817556514,0.05126236812495603
2022-01-18,0.0392928264023377,0.0032914926258190936,0.017697370205994455,0.050316272368227305
2022-01-19,0.0328136634669729,0.003831696768886167,0.019040796530222923,0.05181518895719975
2022-01-20,0.0372719510585226,0.003601907300283539,0.02082550398140523,0.05321333155385865
2022-01-21,0.0326644628361449,0.0036741879622841263,0.019544724890970377,0.055290250288559675
2022-01-24,8.569090439138635e-05,0.003791612459741022,0.020932545183847386,0.05502383461064405
2022-01-25,0.0458805713238467,0.0034779641868233515,0.019288100417073597,0.05189105976921366
2022-01-26,0.01986234947548,0.0036888777120453386,0.020393633791650743,0.051225537536448235
2022-01-27,0.0370328912447497,0.003459861555705099,0.01973965832354112,0.05372452515568492
2022-01-28,0.040018846311586,0.004203926629178197,0.020649933846369362,0.056917123071232555
2022-01-31,0.0696027240877982,0.004058793609486131,0.02249988788080131,0.05732911641109081
2022-02-01,0.0061890670175257,0.004821407437726947,0.025035203027675205,0.06780321550723321
2022-02-02,0.0242215120134871,0.0045119172075835535,0.02391029469547321,0.06463571337875681
2022-02-03,0.0526340834348556,0.004549708832372916,0.02372709286697977,0.05920297583394494
2022-02-04,0.0153866425791671,0.0040807000376932925,0.024289458383582405,0.05919911615506073
2022-02-07,0.0166732802417201,0.004189185959314365,0.021781765058547273,0.0626372193673875
2022-02-08,0.015247836880113,0.004439069441592869,0.0222373699563211,0.056617576414099105
2022-02-09,0.0616442064639172,0.003895859265123331,0.02212323205711362,0.054144066551619685
2022-02-10,0.0335219676052766,0.004485035579116685,0.02357937037922571,0.062395119279008565
2022-02-11,0.0753881827499134,0.004707772131281586,0.024418000723536427,0.06691304516491338
2022-02-14,0.0132012650818371,0.005453439929938793,0.027025994284933016,0.07157648595113994
2022-02-15,0.0878102533802206,0.004748967494937795,0.026538766717407427,0.06894875597566978
2022-02-16,0.0006045766636192,0.005742068614720527,0.029397411261211478,0.07512856772705405
2022-02-17,0.0785800113525005,0.004811044115228978,0.02761212165726466,0.0710128055101277
2022-02-18,0.0359309627430051,0.005854904037306797,0.0287440741333344,0.07471572762010094
2022-02-22,0.0107229358200294,0.005215350154454774,0.030074691589409105,0.07418763420779904
2022-02-23,0.0438293979094612,0.005773116704504661,0.027620802947817005,0.07554649072433448
2022-02-24,0.0590153249971262,0.005549863735448861,0.02995136180564542,0.06827400463612704
2022-02-25,0.0170834979473806,0.005562825398009086,0.02972061736540862,0.07744860898496835
2022-02-28,0.0094031839894625,0.005763838020374446,0.028238091988856493,0.07615257723773364
2022-03-01,0.037963218913886,0.005296436401573099,0.027176552527606656,0.06628814533219013
2022-03-02,0.0313336517578782,0.004838068462197893,0.026796438811459128,0.06417083375607596
2022-03-03,0.0211187635727174,0.004765577913215368,0.025350169707680992,0.06816417671305655
2022-03-04,0.0333568875294557,0.005163470475828838,0.025605047608610754,0.06747207388067024
2022-03-07,0.0715617996266221,0.004775334834223648,0.025506623243278858,0.06383556314157077
2022-03-08,0.0075586290982873,0.005214854282283765,0.027993431944669113,0.07267733360618361
2022-03-09,0.0673980788166121,0.0052065108759813735,0.02688155816490604,0.07344268239889085
2022-03-10,0.0155873960747631,0.005904522421896751,0.03000020955710747,0.0745272419422119
2022-03-11,0.0249353551337075,0.004798804212513364,0.028033248562482915,0.0710487473628936
2022-03-14,0.0354661325306776,0.005282919398539,0.02634220620188598,0.07026879853000369
2022-03-15,0.0742035266725928,0.004808577351458203,0.027020329472078903,0.06439797925562651
2022-03-16,0.0641908768058216,0.005485709043395204,0.028485910625946145,0.07620629709811924
2022-03-17,0.010963502165775,0.0057991676867094315,0.029507637087000636,0.07941230901723738
2022-03-18,0.0658985272255718,0.005894649273969817,0.029469858450167738,0.0772319653080557
2022-03-21,0.0105685627798073,0.005797053627832685,0.031017509316378616,0.07313641863706284
2022-03-22,0.0078847889191581,0.004836186229209217,0.02765772741293189,0.07152806311846072
2022-03-23,0.0341348413897567,0.00530230765901607,0.02588212020933986,0.06738606506276068
2022-03-24,0.0936299097129183,0.004678178654505954,0.02635818790386798,0.061406789768850244
2022-03-25,0.0164064793258956,0.0054475281351160235,0.02815926398672959,0.07560237382074494
2022-03-28,0.0188541565878745,0.005696452777648032,0.027899904813415043,0.07804838977000396
2022-03-29,0.0153655256396988,0.005926871722782023,0.028851945744949176,0.07124222866927836
2022-03-30,0.0342919987425274,0.004647955483360495,0.027682244332761,0.06346132025751083
2022-03-31,0.0146942014121913,0.004656876476353644,0.025043959534687944,0.06678766065253626
2022-04-01,0.0212578280660776,0.004775365815723502,0.0248243366885143,0.06487697305228758
2022-04-04,0.0239659053933008,0.004662741583398005,0.024070539869861695,0.06235588327610068
2022-04-05,0.0536425993303738,0.004315617625725009,0.023516595908205727,0.059520646944878804
2022-04-06,0.0605613962151613,0.004902367707765385,0.025455578425652485,0.06704454013495319
2022-04-07,0.0081929350266448,0.005155730411346282,0.02672515008575415,0.07155012535534534
2022-04-08,0.0460310973622251,0.004836158606436565,0.025126509987975925,0.0684748067913655
2022-04-11,0.0533879851826914,0.005019187473710975,0.027124917793585477,0.06600446480569817
2022-04-12,0.019024386968613,0.004828729780402619,0.027873468040396213,0.07091630555061988
2022-04-13,0.0319872961055983,0.004953076768339268,0.0250155106826924,0.0698972250905414
2022-04-14,0.0434933293614948,0.00483258813902254,0.025389106060590166,0.062576292485947
2022-04-18,0.0243899776998201,0.004767183813711716,0.02647605064752349,0.06646729047093766
2022-04-19,0.0188778491283255,0.004744831088960995,0.02440498852321501,0.06598731574602851
2022-04-20,0.032786665436522,0.004836982183055957,0.0247579962450444,0.06271357830587178
2022-04-21,0.0623809908534368,0.004657847034170094,0.02522359345439898,0.06279841657657094
2022-04-22,0.0336490904338114,0.00490915864819954,0.026096479113362752,0.06880600512242664
2022-04-25,0.019636017272511,0.004921993726526703,0.025079731584175854,0.06860400693025696
2022-04-26,0.0576015284544852,0.00493466346705921,0.025129702502630434,0.06478933199323207
2022-04-27,0.0200564365820905,0.004852097950503121,0.0270781018242423,0.06599596715553635
2022-04-28,0.0716076315748989,0.004736843802327937,0.025662626613313352,0.06909699195483111
2022-04-29,0.0644561916725514,0.005594009325123316,0.028025632278208226,0.07252438849681728
2022-05-02,0.0517936037856419,0.005643052696216647,0.030748570439355454,0.07901025504506953
2022-05-03,0.0035306615468894,0.006312559048397345,0.031343000602844576,0.08466343949299836
2022-05-04,0.0366485380280409,0.005842630013242223,0.0308766444099441,0.07541447751218765
2022-05-05,0.0760985190434065,0.005531018702308931,0.029793188503043265,0.07108120853207932
2022-05-06,0.0089987797683544,0.005505501409854544,0.03029532980559957,0.07641285549611794
2022-05-09,0.0969268883229324,0.005738897752709159,0.02824005280453703,0.0788288152997319
2022-05-10,0.0373589173167777,0.006803896624769863,0.033447531841410874,0.08141949288122606
2022-05-11,0.0564185858137021,0.005916427586381454,0.03284398562532127,0.08400630547410602
2022-05-12,0.0277335187990781,0.00700806996742483,0.033295395259554314,0.08811579010084082
2022-05-13,0.0904317471098561,0.006151806427535401,0.033923153048774614,0.08000487295315072
2022-05-16,0.0252716999182844,0.006725263854893043,0.034690293958863465,0.08874077648537051
2022-05-17,0.0515246725762304,0.006408104374408123,0.033968226018414184,0.0879190267793538
2022-05-18,0.0706006392043443,0.007260081796974553,0.03526028856082197,0.08891742916637126
2022-05-19,0.0109233519578206,0.007046409750542194,0.03818766190081355,0.09071726065337106
2022-05-20,0.0254340070746942,0.006629002590582909,0.033374718382644886,0.08919220791650195
2022-05-23,0.012149253158454,0.006794242668031909,0.03395687858130407,0.08062757324896874
2022-05-24,0.0450234474808025,0.005732290634649045,0.03179243989859152,0.07569709744275936
2022-05-25,0.0495696488344358,0.006015087243915554,0.030364630717871807,0.07806808174032887
2022-05-26,0.0503178103524232,0.00621787451817462,0.03191559497113817,0.08147440103167322
2022-05-27,0.0523825229341374,0.006535289107398927,0.032195787908888045,0.08454134732350853
2022-05-31,0.0074099938104921,0.006314660905818356,0.03277419497468295,0.08283257481742597
2022-06-01,0.0190393265840488,0.005803041331701192,0.030622762593432523,0.07797006212643834
2022-06-02,0.0671380252162527,0.0056412004799686,0.030003042846879494,0.07279212817648827
2022-06-03,0.0455387966312415,0.005549108618706316,0.031018757739061143,0.0764768518195016
2022-06-06,0.0035238563921399,0.005843907969271512,0.029889650359338035,0.08220786559349358
2022-06-07,0.0074181204482177,0.006027909798992004,0.029630839366990215,0.07693908174152381
2022-06-08,0.0145802832294036,0.005140914126704016,0.027897608039847574,0.06461482491813651
2022-06-09,0.032710915014378,0.004495741153065919,0.025375336014438574,0.06256269909821743
2022-06-10,0.0613476729780544,0.004585520508282616,0.023770366724066617,0.06326238105579382
2022-06-13,0.0814025170868386,0.005095852181759584,0.026093597612778668,0.06920908855911755
2022-06-14,0.0120127484706644,0.00547779783395796,0.028072662935005054,0.07640760048748056
2022-06-15,0.0426984093915857,0.005459737834372939,0.027908979563317747,0.0754867170180604
2022-06-16,0.0576520066765158,0.005489774711791392,0.02890709435036595,0.06974044232064533
2022-06-17,0.0177247925337695,0.004783653484632337,0.028429235282652898,0.07011899890564903
2022-06-21,0.0422866760703015,0.0050030629513105026,0.02582682063664336,0.07247963835872046
2022-06-22,0.0125139966243601,0.00543744700596286,0.027996566114427666,0.06891473436855484
2022-06-23,0.0082824349845787,0.0049604103458865175,0.027364132494113746,0.06829480531825952
2022-06-24,0.0540409182862006,0.004946231876703454,0.024901084410707132,0.06422029713899147
2022-06-27,0.0151182961658617,0.0049663806414002734,0.026445269149343226,0.06413633801920855
2022-06-28,0.0540098587400583,0.004583316060325455,0.023807673964128313,0.06553205104573498
2022-06-29,0.0279207243776813,0.004984447871309428,0.024659026982463576,0.0647288119488342
2022-06-30,0.0249515699727161,0.004718982405938917,0.02615272847930788,0.06639711994448713
2022-07-01,0.0428651504818939,0.00492254677822588,0.025053042913564704,0.06705089452719207
2022-07-05,0.0299312141387546,0.0045564005974303426,0.025395721189899315,0.06277561407618126
2022-07-06,0.0110170493085669,0.004494236814265551,0.024232739680856204,0.06512954234963417
2022-07-07,0.0469983795972014,0.004518209817279024,0.02360609552302204,0.06195245924790943
2022-07-08,0.0012569838468234,0.004762885107450953,0.02580493377066708,0.0637422816330329
2022-07-11,0.0442868692727983,0.004439201765088578,0.0240596296040633,0.06386894515272704
2022-07-12,0.0046354015138187,0.004864119525042768,0.024564559062791376,0.06335501996670856
2022-07-13,0.0054278887764382,0.004090093876193534,0.02312134445241182,0.05888392006291868
2022-07-14,0.0136245641230519,0.0038318258347676804,0.019371577227718356,0.052758045592949
2022-07-15,0.0250546840240326,0.0034460419038125365,0.019962647272074013,0.04844607247119729
2022-07-18,0.021276462512865,0.003433765511659389,0.018603071492985884,0.05142194834910897
2022-07-19,0.0538630118056354,0.003359170087815873,0.017834893315218692,0.0495515451241632
2022-07-20,0.0468461239844698,0.003813802155328208,0.020313716367082627,0.054797114522183485
2022-07-21,0.0135514853174019,0.00398561620347027,0.021706357140688408,0.059904914064550965
2022-07-22,0.0413279614855593,0.003987726351678178,0.021022407365370584,0.05839665380112903
2022-07-25,0.0171979800735358,0.0041752090720882555,0.023326401098656763,0.05753044588599268
2022-07-26,0.0292606595693963,0.0035252303356251486,0.020980438275342943,0.05578966010302843
2022-07-27,0.0732846068798279,0.004017919191736493,0.020950688638662375,0.056685711767108946
2022-07-28,0.010840502727361,0.0043823170219775805,0.024010665517023935,0.06129006800682952
2022-07-29,0.0099033742836873,0.004314499850020988,0.022377920125287047,0.06385918785840015
2022-08-01,0.0151948183772505,0.004415196013640046,0.02208138479505153,0.055919300940542156
2022-08-02,0.0046034861928451,0.0035707194427532494,0.02145716285592197,0.050020045048618934
2022-08-03,0.0196046942337824,0.0032587181817301056,0.017793437178548904,0.049453576598894454
2022-08-04,0.0169016923999474,0.0033938247401805724,0.01787197974092682,0.047216120476529906
2022-08-05,0.0118332792592909,0.0031993514028230727,0.017372248126129475,0.04675819921618064
2022-08-08,0.0650464935914285,0.003243170541061223,0.017051447519914466,0.04723122569347039
2022-08-09,0.0405536216725854,0.0036803895044536703,0.019851619328021583,0.052128014614485005
2022-08-10,0.0574900367204102,0.003897232409538489,0.021100858789667488,0.06025467415461102
2022-08-11,0.0085997185676323,0.004555792305664554,0.023205617532848354,0.06429679721885528
2022-08-12,0.0418603264570397,0.004063785623130265,0.02348761532108913,0.06020425176070746
2022-08-15,0.0171084899160833,0.004338196483886745,0.02369065995808198,0.06063913352396526
2022-08-16,0.0080695002615949,0.00391168254889988,0.02303917955902482,0.05881742959621761
2022-08-17,0.029231323417583,0.003994365847598169,0.02037795399892349,0.05561134203281967
2022-08-18,0.0236108665904469,0.003807869638356653,0.02098457504938888,0.0514614474813306
2022-08-19,0.0504755359397919,0.0038286310519935474,0.020487051134468002,0.05546625094318385
2022-08-22,0.0467449110207577,0.004389191136494671,0.02197164977151794,0.05890080724276857
2022-08-23,0.0086017757222559,0.004431129550760281,0.02349395632364177,0.06273119802465506
2022-08-24,0.0023859970815789,0.0042631491531319714,0.02205964269523528,0.06011094968109349
2022-08-25,0.0393344988747715,0.0034721587470160614,0.019609902513282422,0.04832040977739804
2022-08-26,0.09682017964383,0.003444230316401698,0.020364818446029793,0.050703711358325465
2022-08-29,0.0286272655615253,0.004439690211368032,0.023765351909890996,0.06619430325075337
2022-08-30,0.0213092797637734,0.0049329574475070045,0.024434994150033962,0.07165818776032204
2022-08-31,0.0244755093517523,0.005285332324200816,0.02622942400106325,0.06612098357011473
2022-09-01,0.0797437555785211,0.004425844877787805,0.026545434490808945,0.06122891615734038
2022-09-02,0.0210275826706406,0.005126402031602709,0.027557054756128227,0.07268686274043505
2022-09-06,0.0134252010846014,0.005209734206377691,0.026859855219512493,0.07394079697192103
2022-09-07,0.0186270111292287,0.005136735705934764,0.025350670655589064,0.06507777349342904
2022-09-08,0.0199115069312815,0.004396192999709508,0.02543453079945923,0.05876571206282382
2022-09-09,0.0279820906732129,0.0042660976321962,0.02262847562038591,0.059846479335834174
2022-09-12,0.0081676086097723,0.004539410245402581,0.022999958871748237,0.05991883401537256
2022-09-13,0.0995200486050812,0.003968318175392825,0.02093071513674419,0.05545347695570704
2022-09-14,0.0002286655090911,0.004971435783945774,0.02590383740883034,0.06647806127307024
2022-09-15,0.0152628983081476,0.004573890273816989,0.024639876142449262,0.06958659031888902
2022-09-16,0.0205848501840113,0.0050843496357063514,0.02415947351557757,0.06258594362943536
2022-09-19,0.0138480607262208,0.0037901534269010185,0.0244897448526529,0.05489685529620075
2022-09-20,0.0155176242197294,0.003750418600218598,0.02030836491913821,0.05808940999502636
2022-09-21,0.0064276769443763,0.0038447225570471537,0.02016173339902279,0.052521047294047316
2022-09-22,0.0542169067110046,0.0036452992322711293,0.019782093201349337,0.05162774879342805
2022-09-23,0.0035916138599293,0.004190307752262347,0.022244730118691214,0.05796032466589952
2022-09-26,0.023288751462687,0.003818280932648994,0.020637854846417728,0.05752828834248063
2022-09-27,0.0150190659503113,0.00391719081090351,0.01946765328635749,0.0517354621618728
2022-09-28,0.0256916184828433,0.0029566205765824763,0.018652114630344104,0.04680081431547245
2022-09-29,0.0413656276402449,0.0032925668689000914,0.017877882888475072,0.05077298980878827
2022-09-30,0.0066555712679247,0.0035654142953911914,0.01970963246364581,0.05254657447871282
2022-10-03,0.0302793862097513,0.00316900717363884,0.017259735745701565,0.04935452344067943
2022-10-04,0.0510169158880382,0.0033962563093747748,0.018352048758569335,0.047824461372876444
2022-10-05,0.0031871085780051,0.003487572651352636,0.020376248541114153,0.05336722774234049
2022-10-06,0.0060032400115421,0.0035645430144792684,0.018571863340413584,0.05432700172014672
2022-10-07,0.0836792384448829,0.0033660615603342357,0.018072852737655302,0.0459153147502541
2022-10-10,0.0341905000043851,0.0037072460757512065,0.021942976271945122,0.054295794795587236
2022-10-11,0.0072293826519236,0.00403368431767273,0.02141397120130071,0.06466436130562372
2022-10-12,0.0074386526940754,0.004147710979835762,0.019553668260230934,0.05429380779170187
2022-10-13,0.0392073252418955,0.0033709759035942914,0.02046893476528488,0.0461844439285238
2022-10-14,0.0632418417591147,0.0032748114007979897,0.019334049091658968,0.05102822707071754
2022-10-17,0.0572158564740855,0.004081208332279553,0.021344754005441953,0.0596740657777986
2022-10-18,0.006611538858998,0.004803398718413496,0.02387264480634769,0.06702676872135169
2022-10-19,0.0070000285835433,0.004516361798440924,0.023463754125532584,0.06220441917170462
2022-10-20,0.0117887342769011,0.004195647771037199,0.023223390462592083,0.05549607422953378
2022-10-21,0.0220693574498152,0.003540240191042672,0.020927201993356695,0.05096150633218991
2022-10-24,0.0106203885681156,0.003544965255502837,0.01907681007104604,0.05231684391213491
2022-10-25,0.0511940019454109,0.003535570137293249,0.018518622162601854,0.050325022096325396
2022-10-26,0.027900529607501,0.004081371163938152,0.02115192430897534,0.055487608019495156
2022-10-27,0.0214728526631248,0.0040835014266875445,0.021808087066123076,0.05935128563055422
2022-10-28,0.0487536339011166,0.004196446346571353,0.021101821805416535,0.05741030664223241
2022-10-31,0.0246801342793487,0.00411520669281041,0.023300286000433962,0.058069904238155064
2022-11-01,0.0034049137626112,0.0038499613989249728,0.02170694399589566,0.06019404465700604
2022-11-02,0.0242177717136265,0.0037902851661817108,0.019994130359965785,0.05370617040592494
2022-11-03,0.0151692797199275,0.003697837897720303,0.021158877509398034,0.05157676913003356
2022-11-04,0.0533142171685519,0.003587289521402144,0.02021385712924081,0.0540528667784647
2022-11-07,0.0101845047477402,0.003987825350340416,0.020435179221414787,0.05565973472771525
2022-11-08,0.020837766153158,0.003758997922410456,0.020096056187815865,0.054945765383289116
2022-11-09,0.0582172341227648,0.003916114468194516,0.020049037973431848,0.053147223503094546
2022-11-10,0.1339027123982078,0.003977271037133491,0.023048347032076165,0.057215698271484566
2022-11-11,0.0359754392387727,0.005394201307247632,0.028114904584898882,0.0785907139882655
2022-11-14,0.0019633353546985,0.005521334351883914,0.02776678482792373,0.08131375530234827
2022-11-15,0.0225110685878221,0.005329480129464424,0.026620844324307304,0.06660158671674006
2022-11-16,0.0464145092750345,0.00428692982837306,0.027289481245682718,0.058060863109862436
2022-11-17,0.0147578200762726,0.004461369677837711,0.025132195128711995,0.06651514822865287
2022-11-18,0.0172429166152239,0.004934905311540502,0.024175962187961083,0.06620013486733384
2022-11-21,0.0059863840752204,0.004914286968881048,0.024343230250361433,0.061138843207607
2022-11-22,0.0459936288520379,0.004447755039375902,0.02400872084260841,0.05845618298017408
2022-11-23,0.029547897571983,0.004682629847874363,0.023907155432719415,0.06149584144856153
2022-11-25,0.0151875073152646,0.004593684975925708,0.023770199318130406,0.06349698940767227
2022-11-28,0.0275949677019889,0.0043311537957287285,0.021977251882574697,0.06001274621386167
2022-11-29,0.0119584411210002,0.003974928354441534,0.022403343520055234,0.05561225662579488
2022-11-30,0.0791577695134386,0.003759918646840964,0.021155436171206174,0.05619696871491568
2022-12-01,0.0124556561378042,0.004727248370453719,0.024813496652572285,0.06501586029121646
2022-12-02,0.0152322598700193,0.004358289578079383,0.023857657440483782,0.0663818087791029
2022-12-05,0.015889427351907,0.004791227539290403,0.023730504387975443,0.0624626456475313
2022-12-06,0.0382232467121917,0.0038871717068542683,0.023621983713192265,0.05486377178542327
2022-12-07,0.0082826660043338,0.004267947434801212,0.02295302333866361,0.06203362074923566
2022-12-08,0.0630455159724516,0.004163536603722758,0.02197554477905306,0.05916969397754638
2022-12-09,0.0098381033129364,0.0046272195444257555,0.023870088374195075,0.06181377103225114
2022-12-12,0.0309360660986966,0.0036882248189928353,0.020743318395624693,0.0563792433508635
2022-12-13,0.0301571620447464,0.004112700694789108,0.020431691621416635,0.05516088629646846
2022-12-14,0.0222689199129015,0.0038330019410234783,0.022348811985459686,0.054708805781373035
2022-12-15,0.0417120819973084,0.003747431624012644,0.020013557767037,0.0565235988185731
2022-12-16,0.0227309646138693,0.003962856334557442,0.021337638885508218,0.05526772165373563
2022-12-19,0.0193124921611837,0.0039066092438137185,0.021327582078471755,0.05735268436867042
2022-12-20,0.0104508254013511,0.004060435406264811,0.021161965527346106,0.0560147937397185
2022-12-21,0.025534086041905,0.0037152312955119446,0.020822140086791983,0.052619634973434304
2022-12-22,0.0730204498142124,0.0036921434561442003,0.01999699756427938,0.0523835960346731
2022-12-23,0.0087127966830061,0.004116530611558382,0.022271968568562648,0.05953279207165354
2022-12-27,0.0740295261934589,0.004171702480865587,0.021553744628134464,0.06209608229541463
2022-12-28,0.0060405968420031,0.005022153135235021,0.02526763397233308,0.06438919232135577
2022-12-29,0.0396072003594726,0.004114014889619227,0.02453507563301688,0.06306760652683116
2022-12-30,0.0007533576133805,0.0045616446236594645,0.02264542686166854,0.0610739720289976
2023-01-03,0.0206753414341495,0.0036645574668000562,0.022152466061008166,0.05363095043624391
2023-01-04,0.0298751637194967,0.0039517148153200374,0.02037467816760663,0.05509878372979153
2023-01-05,0.0333758569303906,0.0038755838914932284,0.021673805180683816,0.0542602998191277
2023-01-06,0.0408099309598803,0.004192939065150519,0.021256904291382,0.05905450188136737
2023-01-09,0.0504502803487459,0.004571469998401718,0.023419111400678497,0.061417708597798944
2023-01-10,0.0178295165171553,0.004433827331931967,0.023642598761256496,0.0628444319111133
2023-01-11,0.0057565123345309,0.004465234204557832,0.02366061764647503,0.06318405268192728
2023-01-12,0.0313726842545725,0.003970834811126115,0.02171717205101912,0.055367714873427794
2023-01-13,0.0232331111233733,0.0038003439210643236,0.02198160943762385,0.05405665407181378
2023-01-17,0.0464228622426626,0.0037291469894757986,0.020626287067893545,0.056541975682954944
2023-01-18,0.0185278161070653,0.004346316161405837,0.021960581144746884,0.059344039801385584
2023-01-19,0.035854074701556,0.004183080074175921,0.02233124676278762,0.05901507642898086
2023-01-20,0.0620951112716301,0.0044325282366510016,0.022962095630942828,0.05998986565346932
2023-01-23,0.073151277250973,0.004646090490059782,0.02567273886600263,0.06544557138886237
2023-01-24,0.0037461996516065,0.005296911555724397,0.027468422739450406,0.07568703525634861
2023-01-25,0.0030075990417508,0.004830818533047945,0.02503073712693142,0.0679021695260749
2023-01-26,0.0244936923791381,0.004522823652942838,0.024497464779608086,0.05836572236181448
2023-01-27,0.0280236435131933,0.0037273415484524418,0.02273162368768219,0.053417182638386795
2023-01-30,0.060888413736197,0.0040273439063223835,0.021207960076502125,0.058867805117392924
2023-01-31,0.0193904730934764,0.004774322519902218,0.023594317259222893,0.06315764969967441
2023-02-01,0.0694888010689727,0.004679289681725352,0.024183642751876615,0.06509477042557513
2023-02-02,0.0359259955378411,0.005415838421429259,0.027364716152831883,0.06987629180222038
2023-02-03,0.0284584971330652,0.00501256989690152,0.02782590660046586,0.07162358676547531
2023-02-06,0.0005217201706265,0.005197160863241002,0.026189077369135703,0.07030570011622182
2023-02-07,0.0501298271242525,0.004241698514290036,0.024377429197461605,0.05892298551343459
2023-02-08,0.0014383528607982,0.004427328977340793,0.024250766276395008,0.06124283304499686
2023-02-09,0.0059299098747047,0.004168667523042699,0.02266419100522692,0.06063031331029125
2023-02-10,0.0491877600078654,0.004494391663064309,0.021798169981430363,0.057170503344269145
2023-02-13,0.0242995052208014,0.004330980055448565,0.02419079469104982,0.05766028005608158
2023-02-14,0.0528723622857823,0.004264947685559131,0.022372098645201885,0.06361512092273712
2023-02-15,0.0090566854903414,0.0049626073665261896,0.02442109576482159,0.06481475465008615
2023-02-16,0.034036899073478,0.004245839835364874,0.023824170245542484,0.06157036042019528
2023-02-17,0.0283079535521189,0.004403570419002991,0.023323437940467626,0.06081034587148721
2023-02-21,0.034870651509493,0.0038918163259810783,0.022802639796182314,0.05784512227306081
2023-02-22,0.0047839120152259,0.004141273532824075,0.02147527767806765,0.05943157806967158
2023-02-23,0.1312165900427559,0.0038514602318450272,0.02103161790860604,0.05494643670535792
2023-02-24,0.0161061804027064,0.0053704386191330954,0.028226561895948077,0.07166279555365679
2023-02-27,0.0091908755970533,0.005085826441962875,0.027371539878528462,0.0783252709448989
2023-02-28,0.0121986684294629,0.005664157783237194,0.026030982104084065,0.0689748013692356
2023-03-01,0.0225715868067613,0.004086529025127539,0.026269278075750854,0.05475653300685081
2023-03-02,0.0267816847744268,0.003935834007396679,0.021963636522879006,0.06029175882373075
2023-03-03,0.0244009664699873,0.004176075291396026,0.021313345233038506,0.05662700562968289
2023-03-06,0.0141586103969178,0.004189152308024489,0.021315859243398592,0.056686864335768354
2023-03-07,0.0111869026750909,0.0040250983029472935,0.02097504706010482,0.054760258359712245
2023-03-08,0.0376283225606492,0.0038723300165111416,0.02072099666826169,0.053226041113024175
2023-03-09,0.0312954883038897,0.0039439934947939305,0.021109777642921025,0.05433710358478892
2023-03-10,0.0203041936127099,0.003703580207910245,0.020420688647033846,0.05673995352399331
2023-03-13,4.355761148185467e-05,0.004003574942408553,0.02097868870367149,0.057461814893730374
2023-03-14,0.0466627525107912,0.003519374673465144,0.01977400897640484,0.05064334548187585
2023-03-15,0.0068357780123951,0.0037261136314816292,0.020988397739328778,0.05347909837019137
2023-03-16,0.0527766921493408,0.0033063747171754965,0.018755743716289686,0.052678835836627365
2023-03-17,0.0071727696614512,0.004159807906804444,0.020903524698391702,0.056658169310681225
2023-03-20,0.0067818677091859,0.003512562208304765,0.020515953628016517,0.05388995776575243
2023-03-21,0.0114781137389615,0.003650175665074468,0.018725162724849663,0.05124278117286363
2023-03-22,0.0102184736499225,0.0031229309640208886,0.01876860116931774,0.045216508689598624
2023-03-23,0.0269469847731548,0.003037906354246622,0.016954161899941995,0.047398848753717304
2023-03-24,0.0152729621437333,0.0027448839482245658,0.014940791174966385,0.041557974788467
2023-03-27,0.0092958643161733,0.0027074822097471357,0.015045344882371126,0.04275033118066158
2023-03-28,0.0045725853514146,0.0028376241763795793,0.01516840437331525,0.0422167557069212
2023-03-29,0.0214970181146641,0.002438652314969494,0.014497067590539961,0.038558046382605786
2023-03-30,0.014679331474283,0.0024770931448776035,0.014418181086059755,0.03970176422874919
2023-03-31,0.0142869158552958,0.0022806415667340047,0.013468011075414432,0.039387835888854944
2023-04-03,0.0067439657942357,0.0024236647215676757,0.01343838805725056,0.03906436361571941
2023-04-04,0.0184769932453823,0.0022697001254870846,0.013504781012441357,0.03721381535288927
2023-04-05,0.0210588360849102,0.002325101398932216,0.01365217389529804,0.03819378940044238
2023-04-06,0.0057884489441525,0.0022892314032529277,0.013503184473959515,0.038658374688106525
2023-04-10,0.0198473869313244,0.0021610627910831955,0.012330203074213909,0.03688850416560345
2023-04-11,0.0149755038751987,0.0021937882456325667,0.012902651091638562,0.035678934161645866
2023-04-12,0.0251174035593729,0.0021398661761494525,0.013199254488602442,0.03752931434641554
2023-04-13,0.0012088884988287,0.002311392305688758,0.012929030484239655,0.03816584644988764
2023-04-14,0.011078248548656,0.002101436143916462,0.012523382833000167,0.03601201676679631
2023-04-17,0.0090803822870121,0.0019278289689974217,0.011343603539854957,0.03224413607685846
2023-04-18,0.0243299455640216,0.001704757951080496,0.011223696458622468,0.03150165005078999
2023-04-19,0.0094962759401,0.002033934949691919,0.011596107046552747,0.03502732674514593
2023-04-20,0.0300546274561408,0.0019938316855295764,0.011674513116847174,0.034720745741723055
2023-04-21,0.0005534483663268,0.002271572724557227,0.012783340374948654,0.03690525278059624
2023-04-24,0.0028442900697676,0.0019200910424707783,0.011958056555203767,0.03475416533792134
2023-04-25,0.0300665272990252,0.0018952762905231988,0.010890862925626535,0.03176725336254687
2023-04-26,0.0268801946994943,0.0018723895423635546,0.012277926328291545,0.03283547836137323
2023-04-27,0.0099696937253901,0.0020991217298472115,0.012300751159508115,0.03888322581794507
2023-04-28,0.0190262192501212,0.0023287072555652063,0.012436594823525847,0.037664670300856073
2023-05-01,0.0409867964954835,0.0022626807594104694,0.013422552259508577,0.035939587135503964
2023-05-02,0.0245083779700895,0.002418440739801914,0.014656808346518543,0.04083356187209336
2023-05-03,0.0145696498575818,0.002641915139382269,0.01473753002869393,0.044397295977968154
2023-05-04,0.0086727364959212,0.002779994307689621,0.01501563289845966,0.04211130086016291
2023-05-05,0.0397641312833545,0.0023534348107569895,0.01446604439650128,0.037966943136893194
2023-05-08,0.016287523365462,0.002669030892580909,0.01558467328573906,0.04243647951361248
2023-05-09,0.0200965459081003,0.002733826600663919,0.015221531767371599,0.04433360850206661
2023-05-10,0.0109302502768946,0.0029770824111632365,0.015404088184544196,0.04327356557239411
2023-05-11,0.0106851977118935,0.0025452029116589114,0.015230958755582348,0.039784794363347524
2023-05-12,0.0083586017706231,0.0025827186145739377,0.014527379448646566,0.040524572922735876
2023-05-15,0.0213959522669289,0.0024760547807948638,0.014156114911818764,0.03843079875304085
2023-05-16,0.008939425589399,0.0024955752871399384,0.014122824133683376,0.03950609614124253
2023-05-17,0.0324997148722967,0.0023538886788291996,0.013444564476972311,0.03875088836329779
2023-05-18,0.0485086875472221,0.002707084813663057,0.014797465316148664,0.04139092313361689
2023-05-19,0.0131530237745778,0.002953435874390085,0.016785213926770983,0.046821624950418535
2023-05-22,0.0028196109676867,0.0030363154099541864,0.016338342975314942,0.04872894440674382
2023-05-23,0.0157754523889435,0.002951822089059128,0.016437387484342852,0.043064934223663344
2023-05-24,0.0049014580273799,0.0024635162836263665,0.015832860812290322,0.03978267164375056
2023-05-25,0.2180902192859583,0.002292436359042907,0.01369951233010672,0.039604776200039445
2023-05-26,0.0251165651245714,0.005086880703267219,0.026310165401138202,0.07035142746679814
2023-05-30,0.0294713206262188,0.0050633887189475,0.026452998885401174,0.08559643654487469
2023-05-31,0.0584406517060926,0.006420533666747044,0.02752431345160005,0.07375423047453873
2023-06-01,0.0499026568356235,0.0046481711577234415,0.0325230263263707,0.06324506600038587
2023-06-02,0.0112000927969845,0.004958942481839956,0.027168276100557054,0.07837669267558735
2023-06-05,0.0039733514399536,0.005349917098873296,0.026449116453244877,0.06904355372168415
2023-06-06,0.0132880961819106,0.004844126006831724,0.025348055857665884,0.06003614077523687
2023-06-07,0.0308742088505199,0.004485958582781482,0.024207313736568967,0.05805314339862301
2023-06-08,0.0272445913677589,0.004738705637428849,0.023700895857185055,0.06123741945490759
2023-06-09,0.006730266968577,0.005145384115232378,0.024616130393734875,0.0643321892610062
2023-06-12,0.0181944281428671,0.0042715844873225705,0.021924245203199584,0.05804104525489083
2023-06-13,0.0382670338830652,0.00416578268807436,0.02246997868157527,0.05623116288132558
2023-06-14,0.0470225003965492,0.004166264937248068,0.023059695452832273,0.059675731800465766
2023-06-15,0.0080321341771551,0.004545155058266314,0.0239780702577798,0.06592802340294592
2023-06-16,0.0009117918277442,0.0043443884497555915,0.02298882224669106,0.0625452121991794
2023-06-20,0.0258036011213933,0.003942432745925383,0.021717837973229508,0.054410446516417174
2023-06-21,0.017567283235521,0.003736024527111851,0.022094814530358962,0.05426463987932195
2023-06-22,0.0004648384653853,0.0038790679746249753,0.021215223148688678,0.05825663766878827
2023-06-23,0.0191496836396611,0.00392680542464775,0.020233370911147495,0.05478655295262315
2023-06-26,0.0380761497182634,0.003849690872846903,0.02125604459796291,0.0532779697466708
2023-06-27,0.0301538180983139,0.00309049168812048,0.017585168085300737,0.04804949050007404
2023-06-28,0.018287967697903,0.0034280280504843585,0.017912389863376215,0.051945489786704206
2023-06-29,0.0072020740695505,0.0033913184199330115,0.01808514846830871,0.04944224607010857
2023-06-30,0.0356137504915982,0.002745171580075426,0.01632754657312278,0.043056117424835144
2023-07-03,0.0026211220651146,0.0027320558775209957,0.016249897494438423,0.04336415784326123
2023-07-05,0.0022665146472669,0.00261858774580332,0.015123690704846319,0.04353289561992684
2023-07-06,0.0050710047815577,0.0027201896151133674,0.014412818089039983,0.03989513629122998
2023-07-07,0.0094577215008367,0.002291067818743277,0.014293817124555427,0.03629603259725075
2023-07-10,0.0076301445246946,0.0022671134263712164,0.012886513508186075,0.03732515777760954
2023-07-11,0.0053212623168392,0.002236863577162341,0.012370041188505602,0.03558291004467249
2023-07-12,0.0346918836373638,0.002107065673860301,0.012021760841386276,0.03458252056104638
2023-07-13,0.0461825633713975,0.002263147190927482,0.013258307653764798,0.03742222259167063
2023-07-14,0.0111085273551716,0.00252419047827945,0.014574069790646686,0.04359039172161029
2023-07-17,0.021580620363609,0.0025691045875707694,0.01382339929100954,0.04277438765412379
2023-07-18,0.021990653508807,0.002538006968181016,0.014848685997347804,0.03942567891678202
2023-07-19,0.0088186250055057,0.002335905092872867,0.015346430388647357,0.04089399979817149
2023-07-20,0.0336335899028023,0.002397022725915412,0.013725224557641698,0.04065309471408963
2023-07-21,0.0269654037735615,0.0027016269315499946,0.015202218200840873,0.04095705669160084
2023-07-24,0.0068165516312381,0.0028066250904924058,0.01607679220677972,0.04524513472663845
2023-07-25,0.0236364932088867,0.002914726708411365,0.0153040892895118,0.04398916992708036
2023-07-26,0.0049807316781087,0.002835091526860959,0.0159337999748692,0.04087099763121635
2023-07-27,0.0098060396728805,0.002350116917562766,0.01408429375912848,0.03923616925827579
2023-07-28,0.0183488217046566,0.002329701504531367,0.012843503454295692,0.036808757523301
2023-07-31,0.0004493968527974,0.0022920526552119482,0.013633315797668851,0.036745162533394535
2023-08-01,0.0047610095542783,0.002052636574765645,0.011718652566844652,0.03528988226991064
2023-08-02,0.0493178654317789,0.0020569435912708048,0.011668537257385933,0.032714363078046683
2023-08-03,0.0055405049312702,0.002421840642704046,0.014345584047067756,0.03902929453607862
2023-08-04,0.0037005680543839,0.0023479969099951593,0.013280643218691284,0.042204187252450044
2023-08-07,0.0163508199931873,0.002518543990531288,0.013188904244142114,0.03750821041343333
2023-08-08,0.0167090639746014,0.0021196090082841,0.014281177597045499,0.03546403137553829
2023-08-09,0.0483929688912368,0.0021671791594342843,0.013108599976385476,0.03954215191591988
2023-08-10,0.0039094011893172,0.0027532605697426094,0.015040823744339304,0.04324048989893318
2023-08-11,0.0368368916841164,0.0024531203295761915,0.013988407690279066,0.041786668891396615
2023-08-14,0.0685316848251107,0.0028902340580731684,0.015566803443183954,0.04246538250694243
2023-08-15,0.0042635330039566,0.003129402095282917,0.019027360715025036,0.05024311237519061
2023-08-16,0.0103837010178319,0.0032561576517423792,0.01691387249454379,0.05275592306658895
2023-08-17,0.0032830083846907,0.003231076476656182,0.01725875567948533,0.04367026262036532
2023-08-18,0.0010274325366979,0.002334585029697764,0.01597480345310845,0.038462651581457674
2023-08-21,0.0813156086955233,0.0023132534775767706,0.012978813560923818,0.03792418452739953
2023-08-22,0.0280470017757816,0.0032802162659407836,0.017541263555723136,0.046583462470193966
2023-08-23,0.0312151073698166,0.003392910945881609,0.017808377783679715,0.054626974287922896
2023-08-24,0.000997256566408,0.004042966734564138,0.019156185805465967,0.05383531703229638
2023-08-25,0.0245780978464731,0.0032176414801058733,0.01976089902832889,0.04673480993508856
2023-08-28,0.01759768268694,0.0031537835664908575,0.017889503474764163,0.04769136719257839
2023-08-29,0.0407721051823138,0.0028958842366935463,0.017250573175025843,0.046286098826311954
2023-08-30,0.0097912881687933,0.003562032147061821,0.01852121135818976,0.05196392298949212
2023-08-31,0.0018458872394193,0.0032907921955434272,0.0179616527589574,0.049012016560798545
2023-09-01,0.0172914499803755,0.0033199871733401703,0.017374402943511114,0.04625719404011272
2023-09-05,0.0008038270844359,0.003159360369500333,0.018167372264978256,0.04472428345365674
2023-09-06,0.0310238800205631,0.002673180343743996,0.015329758207553178,0.043457734930906634
2023-09-07,0.01758015635476,0.003038753448019116,0.016214127716792533,0.04440932333708515
2023-09-08,0.014570968662001,0.002713206998121258,0.01573167817818199,0.04411796901124291
2023-09-11,0.0086844176574188,0.003051062388904839,0.015995113724791753,0.04571182235770002
2023-09-12,0.0068395206861119,0.0026645407675036682,0.015660637794718116,0.041118524843362175
2023-09-13,0.0136127907221285,0.0022452065320846437,0.013355923216304081,0.03745994919425532
2023-09-14,0.0021086442426575,0.002171220024567271,0.01308095154463187,0.036743003815317275
2023-09-15,0.037579489896244,0.0020848435025957743,0.012379469392137962,0.03602758194088466
2023-09-18,0.0015024930547538,0.002566713000262584,0.014401627958769562,0.040098277130295484
2023-09-19,0.010192807928067,0.0023653595690470773,0.013986529366082147,0.04112029315463306
2023-09-20,0.029878312214664,0.0023376779704813813,0.012420885269226207,0.03587204211884541
2023-09-21,0.0293564942128539,0.002045908314591111,0.013464989368004878,0.035367968672974204
2023-09-22,0.014351012130164,0.0022320478401153163,0.012898122386560401,0.04048607885684312
2023-09-25,0.014602875078521,0.002481647978140032,0.013634057316263956,0.04011029716843283
2023-09-26,0.0073940918130443,0.0023442830408979807,0.013877799155935724,0.03763868509845654
2023-09-27,0.0132043128618647,0.00209405920908028,0.01307567203083219,0.03616279340995563
2023-09-28,0.0145165065007361,0.0020041034516917688,0.011886949158058133,0.0342145534190087
2023-09-29,0.0094714740979486,0.002070819584543218,0.012133594437612253,0.03466819581000794
2023-10-02,0.0290676775530325,0.002038916955748202,0.011730124192999451,0.0347261314551474
2023-10-03,0.0286539053700898,0.0022809906886256583,0.012993289424565681,0.03658246562642538
2023-10-04,0.0119663960384541,0.002485079876663129,0.01419936536592411,0.041118818893817626
2023-10-05,0.0145859636991406,0.0024486116868081345,0.013415930137217102,0.0398370168808811
2023-10-06,0.0237500091987494,0.0022885250485022994,0.013568455493799515,0.03675132603474831
2023-10-09,0.0107446640729366,0.002214317525517561,0.013750489456818797,0.038001376553859614
2023-10-10,0.0115311385017184,0.0022552813922950264,0.013078537156896285,0.038676618797407546
2023-10-11,0.0217695730625503,0.0023743577306626906,0.013321288660424481,0.0373006979582639
2023-10-12,0.0029657024630233,0.0023397838180986086,0.013892740845680668,0.037900550809094546
2023-10-13,0.032121869516267,0.002276671339371,0.0130577814967686,0.038194047959536334
2023-10-16,0.0138471750566974,0.002516695804136173,0.013853625424851268,0.03825947131518992
2023-10-17,0.0479248167239994,0.0023332020218314415,0.013972961849094145,0.039925080210947594
2023-10-18,0.040452647125396,0.0029415893861468078,0.015650145834360748,0.045040228356385895
2023-10-19,0.002254241299329,0.002998694752594086,0.01736610856556727,0.048361072211864614
2023-10-20,0.0171021744451274,0.0029540145880519405,0.015693893884194367,0.0462177113581068
2023-10-23,0.0376496589171323,0.002763699698332502,0.01628865696364149,0.04039381501299913
2023-10-24,0.0158846371633397,0.0026932340558606283,0.016756565813782542,0.04442929102319501
2023-10-25,0.0441108376783856,0.002984730319922696,0.015895573950800716,0.04745902126622553
2023-10-26,0.0353948748535595,0.0034964716132033172,0.018218427596034516,0.04875944993611421
2023-10-27,0.0043036578165935,0.0035068024432416568,0.019686140900483776,0.05275454332500981
2023-10-30,0.0161914131215178,0.0034903340249862495,0.018193316468453225,0.05112963935418061
2023-10-31,0.0093006895266875,0.00329029138816964,0.01837036415067701,0.04530923319746219
2023-11-01,0.0371863607543261,0.0027154156561869395,0.0163752331058037,0.0433208783806325
2023-11-02,0.0275222890146945,0.0030966711837388454,0.016650142651728303,0.046627237821696095
2023-11-03,0.0338725092418865,0.003298764942527557,0.017863200786390594,0.04952218987180977
2023-11-06,0.016442265070744,0.0036556012678980727,0.018750480723117857,0.05204021283819117
2023-11-07,0.0044474230200717,0.003407384666411591,0.019058166409531202,0.05023357384006297
2023-11-08,0.0133794346386994,0.0032469630703718094,0.017909495136584134,0.04765001364735318
2023-11-09,0.0080418435904841,0.002915406137976526,0.017061137232518182,0.04380084963904739
2023-11-10,0.0290724374050272,0.0027451275658557147,0.01593343766357574,0.04382542715748476
2023-11-13,0.0058777643151066,0.003047830108905955,0.01639256863478336,0.04525954227430449
2023-11-14,0.0210850786337202,0.0029071664952244687,0.016108795157067046,0.04495216910203236
2023-11-15,0.0155873356765855,0.003002531175540866,0.01588767193280901,0.04347883917297945
2023-11-16,0.0120381953758845,0.0025700108752154272,0.015358249650072318,0.04133044506296229
2023-11-17,0.0036855277590908,0.002664470834198108,0.014739923306387943,0.0424656929164221
2023-11-20,0.022285201277139,0.002397312305046393,0.014148538036642722,0.03856613408896783
2023-11-21,0.00926660640609,0.002336984929877152,0.013870453240441527,0.03840213899172121
2023-11-22,0.0248961885688488,0.0022844559210357623,0.013494910378368564,0.039071702178477226
2023-11-24,0.0194825760326977,0.0024601227594683948,0.013492662175871865,0.03893276640018569
2023-11-27,0.0097058105749876,0.0023214022237793394,0.0137935899564719,0.03876353112881377
2023-11-28,0.0087642322947983,0.00234221575846569,0.013246462137355535,0.03895667862411252
2023-11-29,0.0066473681976412,0.002230578052524582,0.01330954749601925,0.03616996062501326
2023-11-30,0.028871139455677,0.0020321979305875405,0.012542899408416332,0.035262284392076806
2023-12-01,0.0001069262552022,0.002150570035811254,0.012652281402225332,0.03636469732242184
2023-12-04,0.0272022981082605,0.001946404683845453,0.011506191224701904,0.035110880644635155
2023-12-05,0.023025378643765,0.0022359106562624465,0.012236073661164502,0.03484182314235216
2023-12-06,0.0230913092320655,0.0020250610564971462,0.012915034954180202,0.03641965443519127
2023-12-07,0.0237353790886754,0.0024249474139778526,0.013112798311661011,0.04013618784701051
2023-12-08,0.0193422227710317,0.0024324636444673295,0.014219513174457073,0.03920428010559315
2023-12-11,0.0186771194302226,0.002418186126222066,0.014244680196512555,0.04052198570675244
2023-12-12,0.0218507711388467,0.0024097487775049456,0.014032123095416169,0.03939216433977747
2023-12-13,0.0090014760634257,0.0025074831255172984,0.014554558273849001,0.040390138574721436
2023-12-14,0.0054338153514924,0.002430823528498825,0.013875363803295043,0.03927580522897276
2023-12-15,0.0111071801342692,0.0022707463193208997,0.013032356502700737,0.03615198658726674
2023-12-18,0.023988062403427,0.0021998456708862473,0.013008806867059044,0.035300469048159665
2023-12-19,0.009488786164921,0.0023317734729905327,0.0133209967239945,0.0380997629240032
2023-12-20,0.0305620734000764,0.0022931995773681794,0.012760751294272064,0.03783983235568278
2023-12-21,0.0181062122545602,0.002564628364237249,0.014115491436713192,0.03946064022341766
2023-12-22,0.0032714714186174,0.002352695195303862,0.01410012650166125,0.0400474610084473
2023-12-26,0.0091535779243921,0.002316741999484778,0.012906975185348779,0.037963401416142
2023-12-27,0.0027965980813127,0.002116038389525122,0.013046917349712858,0.034447937528534214
2023-12-28,0.0021226194210151,0.001846506956538593,0.011794193948089345,0.033791358395013474
2023-12-29,0.0,0.0018927342153702976,0.011062695388589215,0.032573023466007184
2024-01-02,0.0277234207208343,0.001689194896409888,0.010294894179000513,0.02960875321128075
2024-01-03,0.0125121105846915,0.0019737173981051017,0.01155741598440117,0.03352319551714277
2024-01-04,0.0089763846675868,0.0018847717776870145,0.011172641428804716,0.03490872472812247
2024-01-05,0.0226396624389583,0.00201998124267159,0.011072447865896036,0.033681989606938696
2024-01-08,0.0622983741764351,0.0018178787243071542,0.011832013679583838,0.03257688429238833
2024-01-09,0.0168334335077838,0.0023075959432973243,0.013947047836345657,0.04151505873606352
2024-01-10,0.0225138806515557,0.002488234294241038,0.013974407396683706,0.04440834048517603
2024-01-11,0.0086473715676628,0.002783579682214701,0.014959677290642515,0.041457336093905825
2024-01-12,0.0020451622623582,0.002173996355136014,0.01477176366004998,0.03742300255874224
2024-01-16,0.0301048599159135,0.0021471618109086274,0.012677306639261575,0.03672554254355427
2024-01-17,0.0058525575796971,0.0024343911711511494,0.014049040060331204,0.03739040518881999
2024-01-18,0.0186281343284483,0.0022759274803878776,0.012942960645410838,0.0386079211677021
2024-01-19,0.0408985532495408,0.0025535743091452652,0.013195383314516263,0.03758613281057538
2024-01-22,0.0027362921368146,0.002678821732267375,0.015553745141900294,0.041329601378018034
2024-01-23,0.0036646198101293,0.002510403754614287,0.013611784787729304,0.041720803408822484
2024-01-24,0.0245646039126587,0.002302688527046803,0.012763936640776612,0.034844180770478586
2024-01-25,0.0041472510350764,0.0020762838045409525,0.01372878207513491,0.03537232734451049
2024-01-26,0.009556326608919,0.002015255073902043,0.011944171923539157,0.03728523273969134
2024-01-29,0.0232255589657785,0.0022844398695665387,0.012388975999334934,0.035382262609013074
2024-01-30,0.0049348036634239,0.0022981174480215926,0.013842712872419194,0.03719917490262381
2024-01-31,0.0200658085007294,0.0022390939200557193,0.012859498240494751,0.03872590743722471
2024-02-01,0.0240866382583423,0.002422433769499847,0.01340862374099239,0.03742945590637372
2024-02-02,0.0485135872826952,0.002346237245779887,0.014186406570641168,0.039391081264489015
2024-02-05,0.0468297683658675,0.0028086494081320783,0.01562889800598568,0.045887353350298914
2024-02-06,0.0161241165824969,0.0032242522440417377,0.017881107456369283,0.05113181429053071
2024-02-07,0.0271266059229836,0.003134689915669915,0.016948732479967817,0.04855423116182207
2024-02-08,0.0065553638589941,0.0030535174976290703,0.017706280005995417,0.04539085123338577
2024-02-09,0.035158413598829,0.002619791698076114,0.016241028115923532,0.04320005678480815
2024-02-12,0.0015930827574684,0.003069285758049767,0.016659956903900364,0.045510152475290264
2024-02-13,0.0016624048292281,0.0027996483661706394,0.01597981479801806,0.0438920064818244
2024-02-14,0.0242702866478464,0.002839170454069934,0.014580334063595279,0.040096985733100526
2024-02-15,0.0169487602470793,0.002691547980100053,0.01579312051157264,0.03954904833868234
2024-02-16,0.0006195607925347,0.002711785627362335,0.014739264191585425,0.04325795122567178
2024-02-20,0.0445087939712678,0.002522731658956268,0.013182041375315015,0.03816411038124649
2024-02-21,0.0289230817239982,0.0026837650393744866,0.01550627984467266,0.040653901507891
2024-02-22,0.1518702032332277,0.002751324245994165,0.016102620965180513,0.04706927818992159
2024-02-23,0.0035462923158198,0.0047184620269486825,0.023985396723181403,0.06714635884044891
2024-02-26,0.0034831854526902,0.004352707574927629,0.023960766390821925,0.07121217417257646
2024-02-27,0.0049561024623605,0.004794747639980716,0.022962613959095463,0.059369373919487864
2024-02-28,0.0132762490494058,0.0031109544578383267,0.023246503127320232,0.04614785047849434
2024-02-29,0.0184852014479414,0.00330792411320576,0.018511607640756517,0.05325951444866397
2024-03-01,0.0392507105281485,0.0036770241012617595,0.01869253912230937,0.04977171799480541
2024-03-04,0.0353201725236739,0.00400478304686362,0.020228724508499343,0.054035887442603535
2024-03-05,0.008539921174583,0.004170393281719098,0.021142145889878585,0.05714955506746226
2024-03-06,0.0313312853525742,0.003890330699673535,0.0197501174024337,0.05334672173709927
2024-03-07,0.0437741152461013,0.0038692701266673448,0.020802766992935897,0.051825228916352696
2024-03-08,0.0570752623871464,0.003299203165367132,0.019709734213019307,0.05323189085493928
2024-03-11,0.0202428119065623,0.004132532155102589,0.021800440213488273,0.061793703225364545
2024-03-12,0.0691265471960981,0.004171669726687718,0.022169780832260386,0.060241931153666564
2024-03-13,0.0112144981964211,0.004858362025493449,0.02584970259685107,0.06546813353176309
2024-03-14,0.0329277309910407,0.004443496267854227,0.025154036396118153,0.06613950372620939
2024-03-15,0.001223116482224,0.004951317156564783,0.024827085852496527,0.06463487760593455
2024-03-18,0.0070168163262385,0.004105598204980358,0.023885849704530455,0.05769573413926672
2024-03-19,0.0106043624439955,0.004159980879454207,0.021634843829073325,0.05704368694167069
2024-03-20,0.0108361743426423,0.0038354861401732904,0.021032398296297293,0.05192126981011325
2024-03-21,0.0116938524193813,0.003753921569032344,0.01942740796657484,0.05244536167218769
2024-03-22,0.0307361965162158,0.0030666980053352015,0.016043716481747575,0.04333437742412249
2024-03-25,0.0075334101677042,0.0031238798226497794,0.01695500769327073,0.0459541559682608
2024-03-26,0.0260300573805171,0.003063306217095142,0.016728582684150187,0.0470100788826249
2024-03-27,0.0252842894170088,0.003135378641524071,0.017150994875144213,0.04661432690466034
2024-03-28,0.0011738260320383,0.003045353787198907,0.018070940285021455,0.04835863995260538
2024-04-01,7.746833485704313e-05,0.0029223071226451305,0.016276056138401003,0.04692196155037414
2024-04-02,0.0101327230154148,0.0026627289168835015,0.015466875934389723,0.0402205858137357
2024-04-03,0.0054703750442731,0.0023306618555002235,0.014505835051712941,0.0384260173912711
2024-04-04,0.0349897590062673,0.002358890143562831,0.013558366046765295,0.039352372495576556
2024-04-05,0.0241856849232043,0.002720300433750682,0.014809878283733565,0.04163575494484768
2024-04-08,0.0099920324771455,0.0026733526910047815,0.015097510260719267,0.04379840464235869
2024-04-09,0.0206283729711945,0.0025425321917277445,0.013740886634487937,0.04063703349406297
2024-04-10,0.0195489800822509,0.002435585074768872,0.014682957886007932,0.038522656148810175
2024-04-11,0.0402745038273669,0.0020363724906790944,0.01288353045064027,0.037192230584064755
2024-04-12,0.0271825776433618,0.002460684728603987,0.014009223094642023,0.04109372644894278
2024-04-15,0.0250892961621696,0.002563718640462951,0.014672527419976126,0.04270058560701535
2024-04-16,0.0163079685567312,0.002903416810474947,0.01573746710796656,0.044403023336130935
2024-04-17,0.0394335139210823,0.0027687385716003094,0.016188720516946448,0.042897203844832615
2024-04-18,0.0075397794145513,0.003067792999692884,0.01718445493981622,0.04643384026928174
2024-04-19,0.1054116954504806,0.0028474340960783803,0.016124277233879235,0.04543556879809468
2024-04-22,0.0426219484339959,0.004112711229047327,0.021433353223484258,0.05702125982899555
2024-04-23,0.0358811130539476,0.004063803993496481,0.02260908525970814,0.0648282597399807
2024-04-24,0.0338835622154128,0.004965540746329655,0.023386116856240174,0.0653489394872125
2024-04-25,0.0364160527392009,0.004298731424940965,0.025486169664934718,0.058446583468681174
2024-04-26,0.0599238928587665,0.004199036868491144,0.023305251231758327,0.06226316587937253
2024-04-29,0.0002507236810253,0.0048451584753723955,0.025434239250058156,0.0661953920896092
2024-04-30,0.0155608075538803,0.004645855811880207,0.024106171999816586,0.0644009912789984
2024-05-01,0.0396763619559642,0.004752302611137734,0.02407395327448543,0.05890130410030986
2024-05-02,0.0328826603315862,0.004431059457676249,0.025105757113796753,0.06035621427875663
2024-05-03,0.0340456463853826,0.004813264313352979,0.02396375396079411,0.06623587967124021
2024-05-06,0.0370463910565224,0.004850276634091427,0.024291762553268405,0.06381926280836268
2024-05-07,0.01736280166478,0.004807242299519635,0.025648209355627626,0.06534377643951822
2024-05-08,0.0015693558916487,0.004623130801848037,0.024692446577661394,0.06461426102343323
2024-05-09,0.0185873769840463,0.004324698757369744,0.023167752922384065,0.0588321255771647
2024-05-10,0.0126635702108449,0.003967651991317219,0.02212613470874566,0.054869118676758186
2024-05-13,0.0057800102119038,0.003621200794770645,0.020247803306551303,0.054116792611069865
2024-05-14,0.0105307567220314,0.0037550710844802483,0.019439457533864148,0.05254280249414907
2024-05-15,0.0352105884080655,0.0036430835752091846,0.01967224577176905,0.05036906708194312
2024-05-16,0.0028678937477175,0.0036157150112789025,0.01983585240762956,0.05273796471040925
2024-05-17,0.0201250650556078,0.0034997404888135464,0.01890600722629809,0.053056745690868864
2024-05-20,0.0245768248226263,0.003239173108694283,0.017294536152491977,0.04629631764170036
2024-05-21,0.006373400621778,0.0028026198612081795,0.017233381629507494,0.045429016902631375
2024-05-22,0.0045813799029252,0.0027489458866229396,0.015321081342183579,0.04519931823841405
2024-05-23,0.089105899515719,0.0026402513647680805,0.014987406437082315,0.04000497160009558
2024-05-24,0.0253975261913083,0.0032606898671324685,0.01890510045667152,0.04994575026624374
2024-05-28,0.067475787080529,0.0032130453556176385,0.017720138033912477,0.055801462515176134
2024-05-29,0.0080795801660059,0.004563638245313714,0.021942324532489472,0.06048443487370766
2024-05-30,0.0383937092540496,0.0036571150220737216,0.022544552376181345,0.05603084362774765
2024-05-31,0.0078770968733512,0.003932667004942082,0.02089327433573909,0.05632317492102267
2024-06-03,0.0477937042787937,0.0033292745051747676,0.020220388955237964,0.05026553372736463
2024-06-04,0.0124182258401155,0.0038829202948355997,0.019915975815203702,0.054507832588176396
2024-06-05,0.0502707598738462,0.0035010313808483584,0.019417240762306005,0.05141766483259007
2024-06-06,0.0118470975426947,0.004236797556249556,0.020910240588645813,0.05624378143866911
2024-06-07,0.0009095194230578,0.0039484553076833,0.02159716135363452,0.055493885482029576
2024-06-11,0.0065946987003101,0.003664730810009511,0.018662368321251503,0.05054353385255711
2024-06-12,0.0348659914798428,0.003179308363909031,0.01855959284308482,0.044321294459377845
2024-06-13,0.0346174827692856,0.003189711208766962,0.017965680060461182,0.048968732147158925
2024-06-14,0.0173624767682465,0.00366981110533236,0.019193551891170117,0.05415691168325356
2024-06-17,0.006649294524519,0.0037054485560162197,0.01899245338954029,0.05296105287193144
2024-06-18,0.0343187483238084,0.0035435869643558934,0.019461954572653956,0.04974310825089207
2024-06-20,0.0362747690577873,0.003389453972100046,0.01963618131224532,0.050486713123106805
2024-06-21,0.0324915881406753,0.0035833981100910507,0.019943273205520157,0.055178259864209815
2024-06-24,0.0695178458853386,0.003937133951173174,0.020582307627049972,0.05769445020127094
2024-06-25,0.0657182687661166,0.0045800159320388955,0.02474801710702239,0.06437087117986652
2024-06-26,0.0022181740854544,0.004753467808418514,0.02570532653388205,0.07026334034329586
2024-06-27,0.0190131945788387,0.0047404251840834416,0.024271247177613715,0.06626863751515298
2024-06-28,0.0042027056120983,0.004197449870885234,0.023281736386895083,0.05469561343799913
2024-07-01,0.0066997869370132,0.0033882447801992194,0.0210113137863026,0.05174261723009382
2024-07-02,0.0132001754720047,0.0034766909707085133,0.018026245849444834,0.04953934947529537
2024-07-03,0.0447175517802935,0.003531204527315945,0.018658686160672643,0.04747979549781353
2024-07-05,0.0193630606830706,0.0037113104568479286,0.019170649593160016,0.05178705910297518
2024-07-08,0.0190200021570408,0.0037649377094149572,0.01937951999996261,0.054295369417444665
2024-07-09,0.0242215711654024,0.003750896780088369,0.01898593025626621,0.050921042840708884
2024-07-10,0.0266622379783692,0.003301752618114571,0.019285202026233596,0.04897077134484895
2024-07-11,0.0574243823046329,0.003257682066760473,0.018620912742367438,0.051665660737836155
2024-07-12,0.0146101751442221,0.003954270030351763,0.021465347430329386,0.05794553864791884
2024-07-15,0.0064800490609719,0.0037982429173900336,0.02075482435680493,0.05798883352026345
2024-07-16,0.0159312767138469,0.0037843246034841875,0.019928211014493147,0.05212542167087013
2024-07-17,0.069100237653715,0.0033540706238527358,0.020097963951951674,0.04851621035324176
2024-07-18,0.0277540174670381,0.004056631214514076,0.022061634656813628,0.05949003550588045
2024-07-19,0.0280931442189105,0.004176704526537283,0.021686444846559287,0.0625209252896544
2024-07-22,0.0464737621658744,0.004535225946837329,0.02247458617965185,0.059853346572717105
2024-07-23,0.0089030406963242,0.00425491013282693,0.02448801712019404,0.05952805525338125
2024-07-24,0.0692729197971149,0.0038160438086644577,0.020846891541308595,0.05784242901970562
2024-07-25,0.0168590426700273,0.004377279026409331,0.02269041070874502,0.05820565074931785
2024-07-26,0.0067423960177879,0.0038795107030503047,0.02213498836058496,0.059816989485315164
2024-07-29,0.0134409429244648,0.004195207070424017,0.02061789185360741,0.05601330204516146
2024-07-30,0.0730400707538731,0.0037214763669534507,0.02170973981297185,0.050116606198598396
2024-07-31,0.1213649886011365,0.004397364946810831,0.023493667690608365,0.06236794597283888
2024-08-01,0.0682368799131737,0.005678743745540329,0.028920982798433123,0.0805264318428399
2024-08-02,0.0195704575223616,0.0064803111174373375,0.03144911782107239,0.0895020253839257
2024-08-05,0.0634018503422226,0.00639549345506074,0.03244159766382704,0.08110784631293469
2024-08-06,0.0326360180778112,0.005934478621870515,0.03418938090398771,0.07798576518704489
2024-08-07,0.0499685162963515,0.0056761230613567365,0.03168657848848866,0.08153839891256966
2024-08-08,0.0590599229991315,0.0063072524453885925,0.031127360712190803,0.08112392963638444
2024-08-09,0.0020980362454592,0.006309390639317065,0.03308443150092577,0.08110467860455912
2024-08-12,0.0397896718824158,0.00619401190379796,0.030854640106057835,0.08027182683106146
2024-08-13,0.0634301292592409,0.006531862000236625,0.03259887957603721,0.07687288695931098
2024-08-14,0.0159984279450737,0.006320168792421911,0.0338101596303757,0.08282201675882428
2024-08-15,0.0402507078468038,0.005984131858095947,0.02939620278816244,0.08081633377851952
2024-08-16,0.013902584090218,0.006114867532325118,0.030896427598573514,0.07533671598346353
2024-08-19,0.042586370629583,0.005428650287581072,0.029982315773831848,0.07350371313132045
2024-08-20,0.0213807950249503,0.005620605590142236,0.028701785231346692,0.07422706457246632
2024-08-21,0.0097752489046424,0.005452569174981077,0.029094083590204167,0.07340597874339523
2024-08-22,0.0373019326225172,0.005168803929761141,0.02624059900300271,0.0684490161575507
2024-08-23,0.0433768282363303,0.005024146380212286,0.02735718503882822,0.06680734058958396
2024-08-26,0.0221568268331132,0.005356902275145044,0.02841944611033468,0.07449486694609621
2024-08-27,0.0145242985056165,0.005593872055117115,0.028270100605470725,0.07519096316135562
2024-08-28,0.0211894029224292,0.005035461815839819,0.026776656408016446,0.06703534870660478
2024-08-29,0.0659778708638371,0.004326134946431148,0.024195350943706458,0.06046952543782681
2024-08-30,0.0151076849051793,0.0045715491370561055,0.02476737629426302,0.06519007093319255
2024-09-03,0.100180455616284,0.00464578629144567,0.024227850904593205,0.0673439840458701
2024-09-04,0.0167129607907715,0.005617798384872958,0.028298901793840592,0.07281864933453731
2024-09-05,0.0096510470343103,0.004904964569925338,0.027856687952748895,0.07376786442887817
2024-09-06,0.0418949309700696,0.005239175509420045,0.02538714632052373,0.06720027889338741
2024-09-09,0.034688872928826,0.004418345269306579,0.026616182315996217,0.0592865021445867
2024-09-10,0.0151934693186476,0.004543433221320292,0.024574951636114565,0.06806522953603786
2024-09-11,0.0772350982102289,0.004817027632983923,0.023827458310273254,0.06364275589575276
2024-09-12,0.0200074493451498,0.005182939574843214,0.027092842979077637,0.06674347440360047
2024-09-13,0.0005037360529657,0.0049513982655607705,0.026274994008657935,0.07118546584724376
2024-09-16,0.019503713292184,0.0048717678485919475,0.02370933053695495,0.06223021397622147
2024-09-17,0.0102423755492156,0.004293915380854071,0.024735944268987172,0.05591476586272168
2024-09-18,0.0204516829430325,0.0035928945150884503,0.020399379786719483,0.05530044460547333
2024-09-19,0.0399845578753346,0.00396646564921301,0.02025789783062146,0.054434714448048906
2024-09-20,0.0159921311321134,0.00425113537524131,0.02250075864008324,0.05823578129439406
2024-09-23,0.0022388711668398,0.004087953859996093,0.021398344924598484,0.05890101554077026
2024-09-24,0.0395481747828316,0.0038117003671846944,0.020042050364652522,0.05242162102659198
2024-09-25,0.0209448873938867,0.003794736984672038,0.021504904321674886,0.05324086281524867
2024-09-26,0.004281969782325,0.003513206505977356,0.019999279414528944,0.05609422233204198
2024-09-27,0.0219251620596379,0.0036829901189265302,0.019056501048814165,0.05288922031378329
2024-09-30,0.0007002080315744,0.0033565259521565025,0.019271662483288408,0.04779845283680106
2024-10-01,0.0384880792193179,0.0029943243988610688,0.017433891252867102,0.047707744400489804
2024-10-02,0.0169711328213358,0.003146906688563483,0.01671192334307985,0.045682094950394735
2024-10-03,0.0326948219068391,0.0029750788626746946,0.017001296609421318,0.04712424784611483
2024-10-04,0.0171165167018357,0.0033938018703610737,0.017598831683672083,0.04984724216018716
2024-10-07,0.0226365027593193,0.0030397839589381705,0.017777508183405184,0.04696226307165655
2024-10-08,0.0395577742247152,0.0031541991008884433,0.017220756308807785,0.047580321901026484
2024-10-09,0.0021537288151638,0.0032104077931549456,0.018483820651653268,0.04899382112084512
2024-10-10,0.0162264748415441,0.002757875224570636,0.015485057626944238,0.04511820735381483
2024-10-11,0.0001186837968339,0.00290542669781403,0.015766214557549153,0.04155353612824821
2024-10-14,0.0245905622099642,0.002398835777054232,0.015011492581203191,0.03913013359263793
2024-10-15,0.0468612931537048,0.0027430710143450596,0.014738140603723655,0.0414705919103881
2024-10-16,0.029042799231311,0.003004443521757866,0.01684103788103351,0.04631645035531628
2024-10-17,0.0088613003183769,0.0033333967782333295,0.01726681156177885,0.05128423610687374
2024-10-18,0.0077984449227983,0.0031437332328441633,0.01680916486228789,0.04577253233527547
2024-10-21,0.0405436949289509,0.0027260817037854327,0.01640848503142818,0.04145482863922568
2024-10-22,0.00083536377987,0.00289716684560737,0.01717486222110851,0.04576677257487405
2024-10-23,0.0284673999877121,0.0025928559296810785,0.014684926338932968,0.0439381829864063
2024-10-24,0.0060720978079774,0.0030666569520037667,0.01587547971607609,0.04308140677689583
2024-10-25,0.0080156485210877,0.002596492288941818,0.01595817940512489,0.041970557478830973
2024-10-28,0.0072325352500122,0.002779287086076473,0.014611883789610022,0.04181128160074339
2024-10-29,0.0053939094580235,0.0025563681477882745,0.014967235101794091,0.038767861175578344
2024-10-30,0.0149756774389458,0.0022217930680848968,0.012831554947295914,0.03703475921796916
2024-10-31,0.0472250725649302,0.002218518113421624,0.012841576132020366,0.036244346194717655
2024-11-01,0.019468783345921,0.002574828644678553,0.01460805443374785,0.04171058589696671
2024-11-04,0.0056719978221102,0.0027330620289718584,0.01497052317436807,0.045290162478074276
2024-11-05,0.0274585295478168,0.002645937046051584,0.014374251355585652,0.04069533022150975
2024-11-06,0.039789517155191,0.0023861245376657885,0.015155535922521331,0.03835684208543228
2024-11-07,0.0221752129526509,0.0025835863074807645,0.015589608068982325,0.04508167279289308
2024-11-08,0.0082624194855324,0.0029556637887580865,0.01581216414906928,0.0469739282383401
2024-11-11,0.0162505283051394,0.002984268492995342,0.016399891550831325,0.04404851763601932
2024-11-12,0.020710597869079,0.002729160337302572,0.01623676078251645,0.04176264851476654
2024-11-13,0.0128937725484804,0.0026032652188213534,0.015113620899605525,0.041765828718412605
2024-11-14,0.0023876942816904,0.0026545522396938135,0.014304607716575773,0.04100262135525889
2024-11-15,0.0331123968758414,0.0024214858167502604,0.013537889049321893,0.037460777448402933
2024-11-18,0.0129729250004423,0.0025706992459019772,0.014817652013097779,0.03965983100394862
2024-11-19,0.0477873340650774,0.002412885211002619,0.013850840954058962,0.04066237193935441
2024-11-20,0.0076476985920707,0.003101177023796938,0.016072330911715775,0.045520232185456914
2024-11-21,0.0053322521748597,0.0025972136050139982,0.015469304157299872,0.04345685011362394
2024-11-22,0.0327102823396836,0.0026857258074605007,0.014524000239846842,0.040827916065058534
2024-11-25,0.0426729491714874,0.0025887890711848017,0.016276824129088978,0.04059558599129158
2024-11-26,0.0061565717768591,0.002980571516821599,0.016763775765792778,0.04920709639030286
2024-11-27,0.0111683747202723,0.0031736583592238306,0.016497153970789456,0.04819472099688752
2024-11-29,0.0212735095983647,0.003084742614003339,0.017004498500347222,0.04347461263623605
2024-12-02,0.0027448731478405,0.0026770393429130447,0.016431764591874697,0.04218414363956394
2024-12-03,0.0117249770052349,0.002545223749505397,0.014200665951634052,0.041645756205553136
2024-12-04,0.034165303294471,0.0027072658817788903,0.01459841781681056,0.03943516057036251
2024-12-05,0.0005513439147244,0.002577263540176406,0.015203951067166311,0.04122160000571215
2024-12-06,0.0182265915256894,0.00242215171722958,0.013385367399295018,0.040734537960035115
2024-12-09,0.025814766822559,0.002646015300658655,0.014107185073218892,0.038268607922863025
2025-01-27,0.1588684644833878,0.002393175645062799,0.014925869207942463,0.03983390854865319
2025-01-28,0.0854972548734147,0.0042314148617590445,0.02248978844537213,0.06391005559860456
2025-01-29,0.0418756025786025,0.005132835762139953,0.026787937425865098,0.08197916082126538
2025-01-30,0.0076505305711246,0.006184209685656815,0.028981185073182023,0.08052836003182169
2025-01-31,0.0374349039269403,0.004884923801167499,0.03010786489539093,0.06529685257560916
2025-02-03,0.028811184717135,0.004526091653669335,0.02697600053124326,0.06572678248070382
2025-02-04,0.016914261556281,0.004698205288532191,0.02549872105832632,0.06608617207597905
2025-02-05,0.050774828781187,0.004870727648615943,0.02359457181551274,0.06288063566508736
2025-02-06,0.0303758907078661,0.005298051662004255,0.02670647276624744,0.06522333168933571
2025-02-07,0.00897422083551,0.00534165716569174,0.02703360079533261,0.07037808439587742
2025-02-10,0.0283227617826781,0.0053816183052051375,0.025745319840616985,0.06640389920620648
2025-02-11,0.0057814479466803,0.004502608300644378,0.024414771157919943,0.05880237445072299
2025-02-12,0.0125787822068602,0.003906724708537091,0.02191246830988507,0.05775773813771564
2025-02-13,0.0311551677797954,0.004015841875298146,0.020981953874208665,0.05536072299305392
2025-02-14,0.0259735911375397,0.0040457483541903125,0.02223749999778991,0.056311986221363027
2025-02-18,0.0039532845736151,0.004212494023304271,0.022246547676699792,0.060927078977295095
2025-02-19,0.0012202564052294,0.004181599617269684,0.021800204318251058,0.05801729706472894
2025-02-20,0.0063005864619461,0.003776821709129028,0.02084326295482487,0.05217275996489337
2025-02-21,0.0413842109169787,0.00338495757303824,0.019711387254875132,0.05052861654620609
2025-02-24,0.0313576370581286,0.003716747241391769,0.020503735925039686,0.05529892549089812
2025-02-25,0.0284955052920522,0.004016928791523436,0.021425662089617697,0.06003845052508276
2025-02-26,0.0361419716658549,0.0036947932688356482,0.01918604993196601,0.053705145134700066
2025-02-27,0.0885914845993574,0.0034308523811466774,0.019575565561074027,0.051018756514041
2025-02-28,0.0380115570528687,0.004100078538304803,0.02270243485094629,0.061502784890533
2025-03-03,0.0900278935069539,0.004354388744981157,0.023415982211057194,0.067197793341843
2025-03-04,0.0165206783250618,0.005370531421562459,0.02736440189141924,0.07189301257492868
2025-03-05,0.011489451605975,0.004665644853516513,0.027089700803500462,0.06944449233891915
2025-03-06,0.0591763956400699,0.004921832875531285,0.024993145117012703,0.0644629586954024
2025-03-07,0.0190823259448982,0.0046607320189862,0.026945956958843446,0.06158192901204306
2025-03-10,0.0519987848611539,0.004529448191648204,0.023604070352048222,0.06630107263161893
2025-03-11,0.0165017186611659,0.005428404850240518,0.02589729683690464,0.0669190602083167
2025-03-12,0.0622026763814226,0.004827938350707755,0.025949869997914876,0.06447620990054535
2025-03-13,0.000276519997614,0.005538700340460874,0.027427206328015426,0.07091499345190107
2025-03-14,0.0492559246140538,0.00470774515191258,0.025640333602291527,0.06577667777394439
2025-03-17,0.0171767074142232,0.005248813153742593,0.026055269100473583,0.06663760009796518
2025-03-18,0.0336274126508517,0.004331410398904657,0.025145352856718085,0.06292944812134228
2025-03-19,0.0170869511685644,0.004994273986573504,0.02484922021757935,0.06726083746002695
2025-03-20,0.0085575612257871,0.0048158245751527004,0.0261506217379799,0.06448254155578001
2025-03-21,0.0074519779180375,0.004638610978175099,0.02426029899044437,0.06353750697279689
2025-03-24,0.0314591323825124,0.004285481309320132,0.023272219881920467,0.057691795080604784
2025-03-25,0.0059479729260773,0.00419924804517929,0.022762006667471746,0.0589941902034668
2025-03-26,0.061510547316759,0.004083545599536306,0.021615191329372972,0.058461051778127444
2025-03-27,0.0183181362540849,0.0045532369740302475,0.023623073914084653,0.06187873951592882
2025-03-28,0.015920734286845,0.004041106373123044,0.022501089827266462,0.06103370124973461
2025-03-31,0.0082402956663586,0.004168223136979852,0.021109503192934913,0.05774298443655842
2025-04-01,0.0126075121425933,0.003249337496416094,0.019731435213785526,0.04765873250390868
2025-04-02,0.0024482036075463,0.00308474768242444,0.017707283523737637,0.04829352056190745
2025-04-03,0.0809374204341785,0.002993164936162437,0.016845254789045038,0.04533234411830719
2025-04-04,0.0766606001926046,0.0037154244882064043,0.0198796838087234,0.05306457044397391
2025-04-07,0.0353106517271363,0.00442173201447291,0.02353840811255001,0.06769284448523503
2025-04-08,0.0102870982273799,0.004938873395101685,0.023735669294729547,0.06900577973680395
2025-04-09,0.1673721938250066,0.0045107094781312255,0.024903070428788955,0.05951943437400441
2025-04-10,0.0597394193915356,0.0053741012085823225,0.03094253460775745,0.07582237077036803
2025-04-11,0.0295497875882253,0.0058163291305995185,0.03130124672731504,0.09273637300626657
2025-04-14,0.0019852018791929,0.006948111357497303,0.031184377647897277,0.08443595461481161
2025-04-15,0.0133688232172204,0.005355279409153933,0.03235042274054082,0.066905983798963
2025-04-16,0.0711916200425765,0.004841771859621782,0.026990114625732666,0.06686144754309609
2025-04-17,0.0297717639535085,0.0056977224392081105,0.029003967686115014,0.07215697429332807
2025-04-21,0.0455368963460522,0.005844319039041467,0.02826968961161107,0.07730922828653419
2025-04-22,0.0202254085354408,0.006375854257056914,0.030174217559014834,0.07706143064353509
2025-04-23,0.0360010080531106,0.005672548981725846,0.030436485868992343,0.07325614375919486
2025-04-24,0.0374783627179429,0.0060113178448247696,0.030277195987407465,0.0765379306283612
2025-04-25,0.0421327952916028,0.005209902526438581,0.028261231073664156,0.07121837192162495
2025-04-28,0.0216726748988963,0.005431488254786255,0.028224901326017234,0.07457902861259202
2025-04-29,0.0035837391904753,0.0054006780528502475,0.02844469409088309,0.07291459002048399
2025-04-30,0.0029395575089709,0.005263918715444011,0.027668309325566163,0.06922981197406064
2025-05-01,0.0264188575404598,0.004914597024423044,0.026562207694104455,0.0643473492483076
2025-05-02,0.0248652371727591,0.004780349341852714,0.025895481348050305,0.06535868561960181
2025-05-05,0.0052576356654049,0.004653598655032126,0.024287033343949434,0.06489238414860794
2025-05-06,0.0024630554323975,0.004335332490985471,0.0221409741470006,0.059451156491113814
2025-05-07,0.0305314261204946,0.003967599474967017,0.021474544275241897,0.0538704625273489
2025-05-08,0.0026447142489577,0.00389463801916207,0.021959558502423135,0.05597690883627075
2025-05-09,0.0061533396445935,0.0030015219832390367,0.016752754461740595,0.04805193939350999
2025-05-12,0.0529657056722243,0.002834282252360333,0.015152355054673446,0.04197422030421929
2025-05-13,0.0548521397549816,0.0029346114457638,0.01764063955428839,0.045686166138099595
2025-05-14,0.0407942869094344,0.003585806621168328,0.019651830042202032,0.05806581638516862
2025-05-15,0.0036270812183405,0.004319518986120288,0.021804542408327198,0.062040315279718365
2025-05-16,0.003368439823191,0.0036337651777006083,0.020455058925951865,0.05278395342492934
2025-05-19,0.0015360872681956,0.003062309937187715,0.01850659982671594,0.046036836516185016
2025-05-20,0.0083438794568324,0.0025270266619138565,0.015919284281090133,0.040901210903299644
2025-05-21,0.0193394457215433,0.002637115265600835,0.014499038742316821,0.0405209693009673
2025-05-22,0.007685863645662,0.0026405626134283398,0.014305877942662524,0.03980072927720453
2025-05-23,0.0116614981983931,0.002586720029027546,0.013721514340618784,0.039485899088865635
2025-05-27,0.0315630233737366,0.002537849374616965,0.013468974874579735,0.037261771211066046
2025-05-28,0.0051052606167828,0.0024207965153453426,0.014089382759522418,0.03867554447925763
2025-05-29,0.0318873097297535,0.0022174706408598184,0.012902910049589928,0.039193071684581984
2025-05-30,0.0316647990668662,0.0025224884001398074,0.014232242286740807,0.03982288423335014
2025-06-02,0.0186619184198755,0.0024507579312019645,0.015310205625246485,0.04261479714465091
2025-06-03,0.0288419446767369,0.002707036099740281,0.01477914416213108,0.044460654389422746
2025-06-04,0.0036707650987969,0.002925017238308749,0.016631526727844487,0.044131946007700776
2025-06-05,0.0139783025998068,0.002673353706197292,0.01585003109336387,0.04357982662444565
2025-06-06,0.0123422411928686,0.0026582456544037487,0.014923494938280575,0.04059047422369966
2025-06-09,0.0066264073809997,0.002524054408990638,0.015101222347724663,0.040227062726189776
2025-06-10,0.0092816186754991,0.002611239070351209,0.014229524835986279,0.04079022069793922
2025-06-11,0.0078803713362928,0.0023234033098173492,0.01318481366959857,0.03622530106701023
2025-06-12,0.0150786305460372,0.002051319580977276,0.01194063652586998,0.033963328708322756
2025-06-13,0.0211179747450918,0.0019222244834555325,0.011127222419192643,0.03271936198333131
2025-06-16,0.0189777550735074,0.001992808800260296,0.011751044292741483,0.034599272815201226
2025-06-17,0.0039472368690976,0.0021397920292006976,0.01232532854281272,0.03677732913744914
2025-06-18,0.0093923342388956,0.0020239942835146543,0.012050390979181154,0.035189648666011264
2025-06-20,0.0117542665630627,0.001976013051202163,0.012142853061875134,0.03367038352485014
2025-06-23,0.0027088052680868,0.001809880692100131,0.011645127657604849,0.033306556419723916
2025-06-24,0.0255432108929418,0.001812032920495783,0.010822511290478388,0.0329239051846915
2025-06-25,0.0424271963663593,0.00205344316943482,0.012030018057729826,0.03418500995963173
2025-06-26,0.0045905747702518,0.0022755399656558643,0.013462750151630936,0.03962035436257891
2025-06-27,0.0173939671164795,0.0024047721887543493,0.013076795691736896,0.04085204010203523
2025-06-30,0.0015836319149128,0.002397563501594319,0.013565075081039206,0.03637205050373634
2025-07-01,0.0301349540069892,0.00171792212320527,0.012119937920417384,0.03278022824554138
2025-07-02,0.0254401097027813,0.002039996633539793,0.01188575951901732,0.03543708994885014
2025-07-03,0.0128769889311836,0.0021016858639075348,0.012605963276684146,0.03695541509647863
2025-07-07,0.0066010166373316,0.002371378644115551,0.012625428908305678,0.03854225033241461
2025-07-08,0.0111109461094665,0.002179357716335158,0.012878083337207956,0.034596811673393374
2025-07-09,0.0177899193782891,0.002037244335474742,0.01246021160425377,0.03426570921261656
2025-07-10,0.0074622647338872,0.002075200343803785,0.012260355715363663,0.03535980945541148
2025-07-11,0.0049845097426541,0.0019835912813086164,0.011521318820214517,0.034578456360349404
2025-07-14,0.0051673418119081,0.001996782316736279,0.011518505025488431,0.03298856865832411
2025-07-15,0.0396144637736039,0.0017695193751728997,0.011056088978517998,0.031166096128693546
2025-07-16,0.0038356339561977,0.0021279042835205234,0.012413479254399408,0.03586489639999178
2025-07-17,0.0095483307411861,0.0019558557566631543,0.011443778055912752,0.036319677136686226
2025-07-18,0.003416233310019,0.0021429943485171683,0.011661732326442553,0.03396334136395115
2025-07-21,0.0059920479467871,0.0016586950020522474,0.011688019443225933,0.030859748693671068
2025-07-22,0.0258296223774466,0.0016790849563606857,0.010348300129304617,0.031761371532916235
2025-07-23,0.022322487615934,0.0019392742621934704,0.011666230861097901,0.03355204589119806
2025-07-24,0.0171837503523144,0.0020178776773005945,0.011816469364737852,0.03649457923008526
2025-07-25,0.0013823294448606,0.002105952159870312,0.011756121115699878,0.03565688011305382
2025-07-28,0.0186661960763696,0.0019188528500442513,0.011764278151376279,0.033093599366423455
2025-07-29,0.0071477741236846,0.0019110444461639283,0.01182405427243789,0.032862789036447876
2025-07-30,0.0211970279271485,0.0016827765771738933,0.011001314171868375,0.032795439094994716
2025-07-31,0.0078401028793611,0.0019401055624061925,0.011005566778015669,0.03336763046716514
2025-08-01,0.0243567495069282,0.001737859856852128,0.010853025246319613,0.03183699765436631
2025-08-04,0.0362606540097526,0.0020152719082024142,0.011483027223121743,0.03400167619468271
2025-08-05,0.0097136921876391,0.0022459860698650297,0.013371284280658374,0.038110574291826
2025-08-06,0.0064862674285661,0.0022641925678637933,0.012657450860482007,0.03912344086487914
2025-08-07,0.0074960788556257,0.0021506399600242344,0.01245769986269556,0.034341107837159705
2025-08-08,0.010811510931066,0.001791685840568931,0.012042698577010414,0.032254052217790305
2025-08-11,0.0034261158101006,0.0018817430017622782,0.011369322802154561,0.03360973778554217
2025-08-12,0.0054488586821441,0.0018701727504791456,0.010914153241545628,0.03228495452420686
2025-08-13,0.0085562019311958,0.001726036927727694,0.010112422989460393,0.029609591083596693
2025-08-14,0.0026130142905328,0.001631038173642388,0.010103958170866942,0.029568141890828646
2025-08-15,0.0086628400604121,0.0015939742652997923,0.009575499190611165,0.029388451280793617
2025-08-18,0.0086078995335185,0.0015925465280828615,0.009668548274362343,0.028876581528434454
2025-08-19,0.0356251849287994,0.0014346088993822833,0.00944575158768705,0.028846456612800133
2025-08-20,0.0013673657554339,0.001749116915664591,0.01062626952174603,0.03264142121113211
2025-08-21,0.0023973982599642,0.0015930339341291406,0.00998990573709842,0.03237295349179578
2025-08-22,0.0170556872605432,0.0016354111222781403,0.009593189061408363,0.02877273793637869
2025-08-25,0.0102790304155534,0.0014094595191694423,0.010522634471430696,0.02830428914181585
2025-08-26,0.0107357522707925,0.0014522918109707585,0.009347581106892124,0.03090004196184248
2025-08-27,0.0014148751407217,0.0016841515895424867,0.009777750064054654,0.03018240227081684
2025-08-28,0.0077095329206456,0.0014312538785247722,0.009355125581978542,0.02769843104873221
2025-08-29,0.0339247167061353,0.0014330273086190983,0.00915570423915258,0.027544976642468626
2025-09-02,0.0195452384341143,0.0016269848995962395,0.010266785043887582,0.030659251569358333
2025-09-03,0.0007089269428415,0.0017077308993535421,0.010027136051840762,0.03322338358238431
2025-09-04,0.0060769148095251,0.0016503680185142129,0.00949023445805568,0.029936602361261812
2025-09-05,0.0274022105649904,0.001420461297136185,0.009869502820234391,0.026655118390427324
2025-09-08,0.007812772705907,0.0015133021007375028,0.01030886630556245,0.03037732828997959
2025-09-09,0.0142917294116864,0.0015845142119939705,0.009522459766210743,0.03164332743007763
2025-09-10,0.0374559261830161,0.0018405278679175182,0.010324016691489638,0.030871089794128902
2025-09-11,0.000564270413347,0.001960795022841528,0.012400363536949194,0.03449375753510644
2025-09-12,0.0035495994674583,0.0019208073263921926,0.011229459575265353,0.035905231174102194
2025-09-15,0.0002868802913229,0.0020465621298023577,0.011337285779549273,0.03175251867693444
2025-09-16,0.0165068923247092,0.0014492764831705112,0.01056810380864959,0.02802361146036763
2025-09-17,0.0268502070856285,0.0015814544828155485,0.009798307939374997,0.030502611049855265
2025-09-18,0.0350582965956426,0.0017898598417831473,0.010541454444297872,0.032253867708975974
2025-09-19,0.0017966605093146,0.0022808056060162054,0.01242636826438504,0.03817058391395102
2025-09-22,0.0389436424509948,0.0021383279516510455,0.012268005298663374,0.036651281034776884
2025-09-23,0.0286175754907582,0.0024147764756540153,0.014017836548294065,0.03767704331506845
2025-09-24,0.0086174192048248,0.0022908253254932667,0.014587884000985726,0.04140645547103504
2025-09-25,0.0042926631030423,0.0024555338389791077,0.013204435201718276,0.04088365248655342
2025-09-26,0.0029787853977683,0.002301790396859254,0.013871824520104542,0.03571105397117892
2025-09-29,0.0204802376895458,0.002015712446320026,0.012757773507428408,0.03461984561655428
2025-09-30,0.0255026685885818,0.0021324157163637196,0.012281804770578645,0.03504794962499797
2025-10-01,0.003397678402726,0.0023148498306989392,0.012827414008685919,0.037751808775915656
2025-10-02,0.0091985229208113,0.002336373231853708,0.012535574622909553,0.03750914172052364
2025-10-03,0.0070108636431833,0.0021962428998130584,0.012716501492132786,0.03450152129357597
2025-10-06,0.0111481484726795,0.0018806848305256332,0.011993151338908652,0.03312275189800449
2025-10-07,0.0026984743019416,0.0018766400352686235,0.011112496687398872,0.033459446487772784
2025-10-08,0.0217568384159979,0.001710277365499026,0.010520906767497925,0.031218777345749116
2025-10-09,0.0181308676526148,0.0017658970300379242,0.010654931239022645,0.03143582661187369
2025-10-10,0.0500996362029017,0.00187038826922337,0.011481493431673257,0.03444266583499568
2025-10-13,0.0277825557230717,0.0025754670349527825,0.014094854484001735,0.04159051881124977
2025-10-14,0.0451410713995427,0.0026938207777077007,0.01552924074094979,0.04539758774506734
2025-10-15,0.0009896119353182,0.0031603617960135077,0.017124786654052596,0.04851939990165135
2025-10-16,0.0109502255540758,0.002658038856374615,0.0163329768724955,0.04412612840789967
2025-10-17,0.007725430855881,0.0025941072746845746,0.014783877064889699,0.03983045157573441
2025-10-20,0.0031706143655225,0.0022493393581175065,0.014545080908057206,0.03724822762497905
2025-10-21,0.0083516860205502,0.0021829941517562406,0.012091600744573794,0.03603575384437776
2025-10-22,0.0046541183785422,0.0021679182947259516,0.0119925989353707,0.03300494812574779
2025-10-23,0.0103742239330366,0.0020206156586451054,0.011457397316484293,0.03288692017483277
2025-10-24,0.0219359430874824,0.002088887268594591,0.011529959915255695,0.033254219359263176
2025-10-27,0.0280142230931089,0.0020735095986576177,0.012093263221061462,0.03486338415175449
2025-10-28,0.0486185627171134,0.0022145100146633914,0.012673683197661127,0.03802281959797702
2025-10-29,0.0294578606593465,0.0025258459055587223,0.014395201176890977,0.04246368217497994
2025-10-30,0.0206429242189501,0.002781027240695883,0.015904230878080263,0.04654542282929924
2025-10-31,0.0017218116879191,0.002934122486873561,0.016440787287469668,0.045785454363534574
2025-11-03,0.0223164348949538,0.002551766921539984,0.01584372789149781,0.041267185603423025
2025-11-04,0.0411178891356224,0.0026187424684337556,0.015569009332776433,0.04142213620807987
2025-11-05,0.0176699189899953,0.0029593103483647296,0.016979551247294618,0.04674014846446315
2025-11-06,0.0372084979431883,0.0032288953059156082,0.016704454835657762,0.04909429312870873
2025-11-07,0.0003721128076321,0.0035962667639543753,0.018729040537015927,0.04941480961974053
2025-11-10,0.05631653240688,0.002897691522071958,0.016853159466601028,0.045009791359685906
2025-11-11,0.0300371884409851,0.003426101233523431,0.018184130838077777,0.048487607500985755
2025-11-12,0.003565803111597,0.003024663495597884,0.017834461706156674,0.04961059693521464
2025-11-13,0.0361364879397553,0.003307243833236531,0.016469249961972215,0.048398725898989955
2025-11-14,0.0174959398751265,0.003231850683643525,0.018861939350984003,0.04515713652724282
2025-11-17,0.018989272344121,0.003072363314050564,0.01789386283412873,0.04951134316873513
2025-11-18,0.0289708375089147,0.003502125241998973,0.017747535950834045,0.0494600204595307
2025-11-19,0.0294206776625913,0.0033940382010114937,0.019035983542188186,0.04872908014695842
2025-11-20,0.0319050138286951,0.0035743857784097375,0.019360534803130155,0.05318966177258462
2025-11-21,0.0112844800664354,0.003790708944084406,0.02016868159415423,0.054571051584638604
2025-11-24,0.0203089181349116,0.003702521085674202,0.019977700582872203,0.053009995300518656
2025-11-25,0.0262523054086531,0.003475850163678811,0.01920384142658031,0.04999765953189911
2025-11-26,0.0136284504352708,0.003208996608353539,0.018523747955671407,0.04894800412088593
2025-11-28,0.0183635212890596,0.00328209435668023,0.017584763489497737,0.04914166357452188
2025-12-01,0.0164755758118561,0.0032518498691940386,0.017626883758797944,0.046808707873231756
2025-12-02,0.0076959657866573,0.00317193762188101,0.017901836707922513,0.04745321931356488
2025-12-03,0.0097489833018813,0.00307944916388445,0.01682223115739389,0.046116050972989646
2025-12-04,0.0214992137615052,0.00283217293312251,0.01582428830519988,0.042260656513427246
2025-12-05,0.0057016031985182,0.002775027858394951,0.015849330301674118,0.04302149153921371
2025-12-08,0.017199517972719,0.002541206876250976,0.014350694975092436,0.041345807830738796
2025-12-09,0.0032627689050846,0.0027588729024483525,0.015156214231766815,0.041546930167879983
2025-12-10,0.0066719349231371,0.0022498077175253824,0.013600544212799236,0.03766772445436046
2025-12-11,0.0152180724416615,0.0021423710124420653,0.012321693951822976,0.035582753241750135
2025-12-12,0.0334033892939737,0.0021239129140669475,0.01294957190355842,0.03574978638815997
