lag1,lag2,lag3,lag4,lag5,vol_moy_5j,vol_moy_10j,vol_moy_20j
9.38916127779521e-05,-0.0011636781273409724,-0.0013116288464516401,-0.0014942854177206755,-0.0007427321979776025,-0.0010974243050441146,-0.0038950813468545675,-0.007917854003608227
-0.004038944840431213,-0.0003959422174375504,-0.0012540025636553764,-0.000352422590367496,-0.0011930206092074513,-0.0004860822227783501,-0.003710815915837884,-0.006194335874170065
0.00015885065658949316,-0.000930398644413799,0.0005201454041525722,-0.0005476590013131499,-0.00025507653481326997,6.124631181592122e-05,-0.006354174111038446,-0.010850152000784874
-0.0030740543734282255,-0.000944862375035882,-0.0025656092911958694,-0.0003756863879971206,-0.0009107233490794897,-0.0004588202282320708,-0.004300873726606369,-0.005595904774963856
-0.0032360691111534834,-0.0019121435470879078,-0.00013745127944275737,-0.0021961696911603212,-6.620577187277377e-05,0.0006390230264514685,-0.0029388077091425657,-0.008045978844165802
-0.0008561674621887505,-0.0006929764058440924,-0.0027095458935946226,-2.796871558530256e-05,-0.0013016096781939268,-0.0016347034834325314,-0.003831234062090516,-0.004568048287183046
-0.003716228296980262,-0.0009870246285572648,-0.002022025641053915,-0.001156998099759221,-0.0003970727266278118,1.7261083485209383e-05,-0.0031815117690712214,-0.00625604996457696
-2.550990757299587e-05,-0.002468178980052471,-0.00041711513767950237,-0.0015491003869101405,-0.0014039023080840707,-0.0018156006699427962,-0.004071067553013563,-0.00667374674230814
-0.0005600537988357246,-0.0005508854519575834,-0.0035847467370331287,-5.5348304158542305e-05,-0.0007788214716129005,-0.0006311342003755271,-0.003973660059273243,-0.006209799088537693
-0.004847156815230846,-0.0010677431710064411,-0.0007759068394079804,-0.001296023721806705,-0.000999024836346507,-0.0005548648769035935,-0.003813609480857849,-0.006606338545680046
0.0009971343679353595,-0.0016243965364992619,-0.0003622461517807096,0.00032163740252144635,-0.0008798422059044242,-0.001129930024035275,-0.0060034547932446,-0.00731554813683033
0.00021535066480282694,-0.0006257985369302332,-0.002835110994055867,-0.0004496107285376638,-0.0005619318108074367,-0.0023888656869530678,-0.0014880083035677671,-0.006293871905654669
-0.0016770261572673917,-0.0008947618771344423,-0.00015792431076988578,-0.0019789489451795816,-0.0003919255395885557,4.557413558359258e-05,-0.002875329926609993,-0.007754756137728691
-0.0037356296088546515,-0.00047442264622077346,-0.0005175622063688934,-0.00026459869695827365,-0.0015672765439376235,-0.0008491272456012666,-0.004217623267322779,-0.004283349961042404
-0.00409737229347229,-0.0006239887443371117,-0.0019987632986158133,-0.0007731635123491287,-0.0007227113819681108,0.0007731369114480913,-0.004643651656806469,-0.009477652609348297
-0.00029897503554821014,-0.0012041095178574324,-0.0035892880987375975,-0.0009735587518662214,-0.00024596857838332653,0.0010055879829451442,-0.004235824570059776,-0.009925838559865952
-0.0015705947298556566,-0.0010367584181949496,-0.0029144512955099344,-0.0003241065423935652,-0.0003615928872022778,0.00013939176278654486,-0.0034696743823587894,-0.008352001197636127
-0.0037048908416181803,-0.0013550244038924575,-0.0006548232049681246,-0.0015442747389897704,-0.0013340319273993373,-0.0006081141764298081,-0.003962713293731213,-0.006643416825681925
-0.0007010748377069831,-0.0009889344219118357,-0.0018056522822007537,-0.0001479716447647661,-0.0007143925176933408,-0.0010715117678046227,-0.004554522689431906,-0.0073862820863723755
-0.0032467206474393606,-0.0012177352327853441,-0.0023217094130814075,-0.000682043144479394,-0.0007437107851728797,0.00021579065651167184,-0.0038464609533548355,-0.006771996151655912
-0.00089220330119133,-0.001986623741686344,-0.00014482038386631757,-0.0013924172380939126,-0.0010473892325535417,-0.0006125402287580073,-0.004268640652298927,-0.008001606911420822
-0.0014217633288353682,-0.00036007960443384945,-0.002654147334396839,-3.956330328946933e-05,-0.0011733031133189797,-0.0008143782033585012,-0.004670382011681795,-0.005033356603235006
-0.0003847494372166693,-0.0009092972613871098,-0.0012870115460827947,-0.0015434876549988985,-0.000520017056260258,0.0005901577533222735,-0.004362707957625389,-0.008427761495113373
-0.003026688704267144,-0.0006282732356339693,-0.0016598266083747149,-0.0003118782478850335,-0.0010985350236296654,-0.00020474614575505257,-0.004325362388044596,-0.006308199837803841
-0.006332580931484699,-0.0016976812621578574,-0.0012575307628139853,-0.0010829431703314185,-0.0012132615083828568,0.0007755398983135819,-0.004815190099179745,-0.007713476195931435
-0.0020676443818956614,-0.003932875581085682,-0.0029314288403838873,-0.001984076574444771,-0.0003384609008207917,-0.0005652043037116528,-0.006790937855839729,-0.00831788219511509
-0.0011224609334021807,-0.0011108386097475886,-0.0036325498949736357,-0.00033233899739570916,-0.0007204574067145586,-0.0008400990627706051,-0.0038481245283037424,-0.006693091243505478
-0.004507833626121283,-0.0013866823865100741,-0.0006052367971278727,-0.0015607355162501335,-0.0011681874748319387,-0.000721943739335984,-0.003671127837151289,-0.006221152376383543
-0.003573971102014184,-0.000588434049859643,-0.0009045536862686276,6.323275101749459e-06,-0.001977217383682728,-0.001214758725836873,-0.004058843478560448,-0.0036943203303962946
-0.00221715634688735,-0.00013039348414167762,-0.0026100119575858116,-7.576356892968761e-06,-0.0001822991471271962,0.001438090461306274,-0.005119353998452425,-0.008981793187558651
-0.0034175359178334475,-0.0010157991200685501,-0.0012702893000096083,-0.0012696835910901427,-0.0009273272007703781,-0.00041263457387685776,-0.00509738689288497,-0.006678318604826927
-0.00038083907566033304,-0.002106368774548173,-0.001117672654800117,-0.0015837980899959803,-0.001515234005637467,-0.0014200960285961628,-0.004652130883187056,-0.007051525637507439
0.0012255357578396797,-0.00026525388238951564,-0.0029926339630037546,4.9619666242506355e-05,-0.0005235394346527755,-0.0007369776139967144,-0.0047264667227864265,-0.008064715191721916
-0.0031577511690557003,0.0001410323748132214,-0.0010644105495885015,-0.0007738796412013471,-0.0010350962402299047,-0.00043746564188040793,-0.0026389332488179207,-0.008632204495370388
-0.0034871972166001797,-0.002850934164598584,-0.00047429450205527246,-0.0002033248747466132,-0.00171204237267375,-0.0004969114670529962,-0.004968211520463228,-0.005561938975006342
0.0011135891545563936,-0.0005414353217929602,-0.003630542429164052,-0.0013204372953623533,-0.0010559213114902377,-0.002100619487464428,-0.004257978871464729,-0.005834768991917372
-0.002318417187780142,0.0014248074730858207,-0.0009930325904861093,-0.0010566582204774022,0.00037210178561508656,-0.0024934562388807535,-0.0029483253601938486,-0.006377990823239088
-0.0031095154117792845,-0.0029204708989709616,-0.0009824614971876144,-0.0014179300051182508,-0.001619540504179895,-0.00106778834015131,-0.003722504712641239,-0.004242394585162401
-0.0032970726024359465,-0.0004790903185494244,-0.0019034158904105425,-0.0013256195234134793,-0.001574234222061932,-0.0005552965449169278,-0.005132215563207865,-0.0033511884976178408
-0.002424473175778985,-0.0026929115410894156,-0.0027174013666808605,-0.002531767589971423,-0.0032543616835027933,-0.0014316904125735164,-0.002263727132230997,-0.0076024169102311134
-0.0031969654373824596,-0.00027511545340530574,-0.002370000584051013,-0.0003931625687982887,-0.0013443762436509132,-0.0007782647735439241,-0.0026889678556472063,-0.005259597674012184
-0.004473067354410887,-0.0022656144574284554,-0.00033268475090153515,-0.00203726370818913,-0.0014253800036385655,-0.0007811837713234127,-0.003563026897609234,-0.00519383093342185
-0.0028449948877096176,-0.0005417208885774016,-0.001742216176353395,-0.0001915621687658131,-0.0017960764234885573,-0.0012669316492974758,-0.004255226347595453,-0.003328524762764573
-0.0011896901996806264,-0.0008363426313735545,-0.0019433669513091445,-0.0011519253021106124,0.00013856901205144823,-0.0004984267288818955,-0.003764752997085452,-0.006407033186405897
4.9773352657211944e-05,-0.0022012137342244387,-0.002171295927837491,-0.0018308687722310424,-0.0008022441761568189,-0.0017135345842689276,-0.0044923750683665276,-0.007151734083890915
-0.0016262142453342676,-0.00013136454799678177,-0.0017981620039790869,-0.000834529404528439,-0.0015298768412321806,-0.0009379514958709478,-0.004947346169501543,-0.006893369369208813
5.292277819535229e-06,-0.0015914010582491755,0.00027839551330544055,-0.001342577743344009,-0.00146689941175282,-0.0005107750184834003,-0.004894016310572624,-0.0082180080935359
0.0002500981208868325,-0.0002474624488968402,-0.002455851063132286,-0.00037068300298415124,-0.0010567798744887114,-0.000720060255844146,-0.004324608948081732,-0.006726334802806377
0.0011394490720704198,-0.000504026364069432,0.00014833245950285345,-0.0006291308091022074,0.0006584323709830642,0.0013826447539031506,-0.0022299380507320166,-0.005246270913630724
0.0002562061417847872,7.782638022035826e-06,-0.0012328855227679014,0.0007186645525507629,-0.002796637127175927,-0.00012118944141548127,-0.0005124716553837061,-0.006334071047604084
0.004521348513662815,8.602529123891145e-05,0.004464919678866863,0.0006747716688551009,-0.0008349282434210181,-0.0022041606716811657,0.00022836652351543307,-0.0032950767781585455
0.003025772050023079,-0.0024208638351410627,-0.0008054042118601501,-0.0017453302862122655,-0.0019758387934416533,0.0011101228883489966,0.0008390892180614173,-0.0026945227291435003
0.0006798949325457215,0.002364632673561573,0.000665427593048662,-0.00044633247307501733,-0.00020697711443062872,0.0037377465050667524,-0.0005715033621527255,-0.0044919587671756744
-0.0037453300319612026,-0.0002912186027970165,0.002605963731184602,-5.3833402489544824e-05,-0.000312954158289358,-0.001695132814347744,0.00346050295047462,-0.0027396243531256914
0.0013606357388198376,-0.00066544977016747,0.00034616305492818356,0.002385364379733801,-0.0023612419608980417,0.0007433759164996445,0.0017967841122299433,-0.001570692053064704
-0.0007606683648191392,0.00034160245559178293,-0.001308415667153895,-0.00033480164711363614,0.0010373080149292946,-0.001071646111086011,0.0017349853878840804,-0.0019925537053495646
0.0011465187417343259,-0.002134514506906271,0.0005627114442177117,-0.0027906266041100025,0.0006544313509948552,-0.0019207793520763516,0.0016943749506026506,-0.0017351501155644655
-0.002647938672453165,-0.0005163034657016397,-0.003226679051294923,-0.0003858966811094433,-0.0005791974836029112,-0.0020884608384221792,0.0005238585290499032,-0.002309331437572837
0.0008182156016118824,-0.0005033428315073252,0.00023597113613504916,-0.001831681584008038,-0.0010709764901548624,-0.0010442482307553291,0.0003561403718777001,-0.0028907388914376497
0.0004118192882742733,0.0007772691315039992,-0.004999842960387468,-0.00016482792852912098,0.0007256093085743487,-0.0009275150950998068,-0.0002438356023048982,-0.0023482805117964745
-0.0027666010428220034,-0.0008079312974587083,-0.0021118451841175556,-0.0009295581257902086,-0.00018482687301002443,0.0017268715891987085,0.0005778855411335826,-0.0037646652199327946
0.002867650706321001,-0.0010594333289191127,0.0002771431754808873,-0.00042687993845902383,-0.0007471924182027578,-0.0015389195177704096,-0.0013103426899760962,0.00032995277433656156
-0.0012653274461627007,-0.0009250978473573923,-0.00312956515699625,0.0002482643467374146,-0.0002865746500901878,-0.0006391599890775979,-0.0007760381558910012,-0.0009203073568642139
0.003673229832202196,-0.001398597494699061,0.002352870535105467,-0.0002650282403919846,0.0013825595378875732,-0.0033261897042393684,0.0014947459567338228,0.0016049776459112763
-0.0030894530937075615,-0.001014668378047645,-0.002123335376381874,-0.000523376336786896,-0.0009973753476515412,-0.0004186716687399894,-0.0014765140367671847,-0.0007480123895220459
-0.0023890347220003605,-0.0005440725944936275,0.00040478043956682086,-0.0006393349030986428,0.0001523266691947356,0.0015887225745245814,-0.0012062526075169444,-0.0008119456470012665
-0.0010671843774616718,0.0007907277322374284,-0.0036140051670372486,-0.0003615757741499692,-0.0004296867991797626,0.0016201571561396122,-0.002581697888672352,-0.0007994118495844305
-0.004624985624104738,3.8672703794873087e-07,-0.002358384197577834,-0.00044044197420589626,0.0002982172300107777,0.004826979711651802,0.00026054150657728314,-0.0034932696726173162
0.000578408595174551,-0.0018001938005909324,-0.0007837246521376073,-0.002020220970734954,0.0014725211076438427,-0.000770860817283392,-0.0027545772027224302,-0.003996464889496565
0.001340367365628481,-0.001216475386172533,-0.00663774972781539,0.0006158260512165725,0.0012391222408041358,-0.0005639331648126245,-0.0011957586975768209,-0.004935094621032476
-0.004167392384260893,-0.0001838704338297248,-0.0006944997585378587,-8.342361252289265e-05,-0.0005187444621697068,-0.00029849138809368014,-0.0013500020140781999,-0.006073038559406996
-0.0036004672292619944,-0.0011874233605340123,0.0004013812285847962,6.629339623032138e-05,-0.0014059834647923708,-0.0001396913139615208,-0.00436852453276515,-0.006085644476115704
-0.0027771848253905773,-0.0005952425999566913,-0.002819852903485298,-0.0006668490823358297,-0.0006028293864801526,-0.000679863034747541,-0.0036088558845221996,-0.0056772055104374886
-0.004786505829542875,-7.92783703218447e-06,-0.0015044918982312083,-0.0014187386259436607,0.00041053909808397293,0.002349160611629486,-0.0019668343011289835,-0.009739125147461891
-0.0004705515457317233,-0.0026669525541365147,-0.002555031795054674,-0.0008098101825453341,-0.0003031976521015167,-0.0007577575743198395,-0.004715678282082081,-0.007744991686195135
-0.003563119564205408,-0.0007034885347820818,-0.0021048092748969793,-0.0005059897666797042,-0.0008701771730557084,-0.0006706714048050344,-0.0033281997311860323,-0.005089764017611742
-0.0028864722698926926,-0.002333421492949128,-7.013995491433889e-05,-0.0016140001825988293,-0.0015565609792247415,-0.0009222195367328823,-0.003891157219186425,-0.005296109244227409
-0.002518127905204892,-0.00046240014489740133,-0.002303107175976038,-0.00012450854410417378,-0.0015474357642233372,-0.0010510102147236466,-0.003773700213059783,-0.0038419642951339483
-0.001899479073472321,-0.000921598810236901,-0.001427434734068811,-0.001489905989728868,-0.00021024355373810977,-0.00017479494272265583,-0.004184743855148554,-0.006089931819587946
-0.0007028106483630836,-0.0011852507013827562,-0.0015032748924568295,-0.000775051536038518,-0.0015417118556797504,-0.0008439842495135963,-0.005454286467283964,-0.005818748380988836
-0.0027556782588362694,-0.0008020862005650997,-0.0016588271828368306,-0.001099324319511652,-0.0014079393586143851,-0.000374915573047474,-0.005177713464945555,-0.006400659680366516
-0.00383901153691113,-0.0017904664855450392,-0.0008963969885371625,-0.0013145356206223369,-0.001532702473923564,0.00021597648446913809,-0.005798601545393467,-0.007342529483139515
-0.002515128580853343,-0.0011026270221918821,-0.001423809677362442,-0.00044598375097848475,-0.0010678083635866642,-0.00021529530931729823,-0.005852993112057447,-0.006577816791832447
-0.0014437012141570449,-0.0011464356211945415,-0.001963790273293853,-0.0009250526200048625,-0.0008846750133670866,-0.00015455389802809805,-0.005170782096683979,-0.00807584635913372
-0.00021713488968089223,-0.0013665925944224,-0.0018438611878082156,-0.0010496180038899183,-0.0012066568015143275,-0.0006753343623131514,-0.005683322437107563,-0.00795512180775404
-0.0015194356674328446,-0.0003648602869361639,-0.0018177449237555265,-0.000539990549441427,-0.0013517418410629034,-0.00035438116174191236,-0.0049104830250144005,-0.007684237323701382
0.0012116607977077365,-0.0007807051297277212,-0.0004808537196367979,-0.001430889475159347,-0.0004846867814194411,-0.0007662110729143023,-0.0055963522754609585,-0.009357549250125885
-1.1148570592922624e-05,-0.0006739517557434738,-0.0024777844082564116,-0.0001500066282460466,-0.0017461482202634215,-0.001703206798993051,-0.001878979499451816,-0.006981028243899345
0.0014345056843012571,-0.0005220569437369704,0.0015766563592478633,-0.0014313634019345045,-0.0009590461268089712,-0.001191475661471486,-0.002579682506620884,-0.008230013772845268
-0.0039949784986674786,-0.0004306522896513343,-0.0006517635192722082,-0.0006424108287319541,-0.001686485717073083,-0.0006260012160055339,-0.00334792654030025,-0.0047132400795817375
0.0006530465325340629,-0.0025146144907921553,0.00011470350727904588,-0.0014242078177630901,-0.0019679227843880653,-0.001573762740008533,-0.0017563089495524764,-0.008144979365170002
0.0006885667680762708,-0.0007197692175395787,-0.004842908587306738,-0.0005168818170204759,-0.0010031574638560414,-0.001892276224680245,-0.0016438544262200594,-0.005674645304679871
0.0004615847719833255,0.0004225321754347533,-0.0006548511446453631,4.53553038823884e-05,9.773861529538408e-05,-0.0017729905666783452,-0.0004441417404450476,-0.005973202642053366
-0.0005468749441206455,-0.00010420748731121421,0.0024258268531411886,9.809328184928745e-05,0.0015972390538081527,-0.0008476980729028583,-0.000333609088556841,-0.007084407843649387
0.00298156775534153,0.0004822930786758661,-0.0018124926136806607,0.0009949534432962537,-0.0009434472303837538,-0.0005984284216538072,0.0007796864374540746,-0.006012436933815479
0.0010747158667072654,0.0005578760174103081,-0.0008259048336185515,-6.245447002584115e-05,0.0006501961615867913,0.002375005278736353,2.345586835872382e-05,-0.0038936976343393326
0.003120047738775611,-0.0016630063764750957,0.005415274295955896,0.00018164110952056944,-0.0003585369559004903,-0.001982360379770398,0.0012791589833796024,-0.0034721950069069862
-0.006933740805834532,-7.851239206502214e-05,0.0021353033371269703,-0.0007261338760145009,-0.0012711482122540474,-0.001434552250429988,-0.0003894908004440367,-0.0024474754463881254
-0.00317960768006742,-1.0291845683241263e-05,0.0003065682831220329,0.0027333395555615425,-0.00017577988910488784,-0.0016298727132380009,0.0002460222749505192,-0.002364181214943528
-3.7778539990540594e-05,-0.0004780391464009881,-0.0032343962229788303,0.0008295532898046076,-0.0008667096262797713,-0.0017305710352957249,-0.000265385489910841,-0.003414713079109788
-0.002034911420196295,0.0007035503513179719,-0.0030635655857622623,-0.001839662087149918,-0.000653536175377667,0.003068439895287156,-0.0003562899655662477,-0.0038768413942307234
-0.003514132695272565,-0.002013901947066188,-0.0005803911481052637,-0.0006980033358559012,-0.0022052305284887552,-0.003728288458660245,-0.000936829368583858,-0.0019454736029729247
-0.003528114641085267,-0.00188259850256145,-0.001245794235728681,-0.0002798016066662967,-0.0014645785558968782,-0.0031340497080236673,-0.0013663778081536293,-0.0027209369000047445
0.0013823166955262423,-0.0017723990604281425,-0.0031780600547790527,-0.0005968124023638666,-0.00032206979813054204,-0.0021496049594134092,0.00017706751532386988,-0.003391650505363941
-0.0028798335697501898,-0.0009111636900343001,-0.0033145553898066282,-0.00015054474351927638,-0.0012661083601415157,-0.0007695879903621972,-0.0006087652291171253,-0.0044675664976239204
-0.0011803845409303904,-0.003699858207255602,-6.161010242067277e-05,-0.0011709716636687517,-0.002080201869830489,-0.0024365666322410107,-0.00032248080242425203,-0.003789561800658703
-0.0012755341595038772,-0.00053347711218521,-0.0030241820495575666,0.000393815862480551,-0.0017309741815552115,-0.0003004511527251452,-0.005255403928458691,-0.0038960466627031565
-0.0032606276217848063,-0.0011262911139056087,-0.0022845591884106398,-0.0007633856148459017,-0.0005201866733841598,0.0009071669192053378,-0.002052749041467905,-0.007252650801092386
-0.002846609568223357,-0.0022929173428565264,-0.0005423765396699309,-0.0006505319615826011,-0.00152844307012856,-0.0007258363766595721,-0.004855237435549498,-0.004464875906705856
-0.0035196589305996895,-0.0009230832220055163,-0.002001103013753891,-0.00023371573479380459,-0.0010797226568683982,-0.0001584899437148124,-0.005041052121669054,-0.00415378762409091
-0.0016640302492305636,-0.0016715943347662687,-0.0008675448480062187,-0.0012794494396075606,-0.0006569551187567413,-0.0004980991943739355,-0.005589695647358894,-0.0046585737727582455
-0.002231556223705411,-0.0006220879149623215,-0.0018517188727855682,-0.000814923201687634,-0.0014571045758202672,-0.0007615260547026992,-0.005211083218455315,-0.004759704694151878
-0.0022186965215951204,-0.0010299894493073225,-0.0011316637974232435,-0.001439942978322506,-0.001365745672956109,-0.0006777264643460512,-0.005384483374655247,-0.006312063429504633
-0.003445104695856571,-0.0009473564568907022,-0.0012081032618880272,-0.001251198467798531,-0.0015510260127484798,-0.0001811007532523945,-0.005731515120714903,-0.005776107776910067
-0.0010812669061124325,-0.0014721238985657692,-0.0012577177258208394,-0.0011600640136748552,-0.0013517296174541116,-0.0006443520542234182,-0.006047965493053198,-0.0074440003372728825
-0.0004444447113201022,-0.0007293691742233932,-0.002334140008315444,-0.0008725812076590955,-0.0012103952467441559,-0.0006272685714066029,-0.0056819189339876175,-0.00739324651658535
-0.0030714429449290037,-0.0005825789994560182,-0.0011541604762896895,-0.0012434234376996756,-0.001429147319868207,-0.0011208958458155394,-0.0054650031961500645,-0.007429571356624365
-0.00448181014508009,-0.0020963929127901793,-0.0007684289012104273,-0.001143377972766757,-0.0013569040456786752,-0.00039140996523201466,-0.006288502831012011,-0.0071145351976156235
-0.0006077197031117976,-0.0009940493619069457,-0.0019821522291749716,6.266316631808877e-05,-0.0006691133021377027,-0.0007845185464248061,-0.005831516347825527,-0.007169502787292004
-0.002651016926392913,-0.0007695439271628857,-0.0018107759533450007,-0.0009724035626277328,-0.00047404650831595063,-0.0008275064756162465,-0.005478480830788612,-0.00704346876591444
-0.0027657714672386646,-0.0012223684461787343,-0.0007311191293410957,-0.00179308804217726,-0.001831002184189856,-0.0009490762604400516,-0.0056139025837183,-0.007589362096041441
-0.002527509815990925,-0.0006012950325384736,-0.0013671061024069786,-0.0004418336902745068,-0.0011131719220429659,-0.000638060097116977,-0.005610988009721041,-0.005344427656382322
-0.0030498432461172342,-0.0009444467723369598,-0.001258302596397698,-0.0011374683817848563,-0.0010048238327726722,-0.0006982545019127429,-0.005862246733158827,-0.007255878299474716
-0.0029455304611474276,-0.0007659782422706485,-0.000993346911855042,-0.0018084306502714753,-0.001264104968868196,-0.00029507922590710223,-0.006363734602928162,-0.007174858823418617
-0.0030274572782218456,-0.0007267958135344088,-0.001083088805899024,-0.0017811963334679604,-0.001247576205059886,-0.0004137746000196785,-0.006469991989433765,-0.007569388952106237
-0.0009662190568633378,-0.0009971694089472294,-0.0014616033295169473,-0.0014318212633952498,-0.0014885003911331296,-0.000874943973030895,-0.006243807729333639,-0.007302678655833006
-0.0031831723172217607,-0.0006723490078002214,-0.0014784762170165777,-0.0018231780268251896,-0.001465138979256153,-0.0009863626910373569,-0.006102657411247492,-0.007040951866656542
-0.0028674525674432516,-0.0011635557748377323,-0.0007976224878802896,-0.0016691188793629408,-0.0017255996353924274,-0.0008725364459678531,-0.00623913761228323,-0.007390415295958519
-0.0027975020930171013,-0.0005130242207087576,-0.0011838183272629976,-0.0007637055241502821,-0.0010975889163091779,-0.0004750632506329566,-0.006387895904481411,-0.005869643297046423
-0.0013631475158035755,-0.0008432127069681883,-0.0013444338692352176,-0.001159039093181491,-0.0009215424070134759,-0.0008580005378462374,-0.006246264558285475,-0.0071191247552633286
-0.0026483777910470963,-0.0006185667007230222,-0.0013875646982342005,-0.0017927968874573708,-0.0013913741568103433,-0.0007423678180202842,-0.0062588900327682495,-0.00684650894254446
-0.003105351235717535,-0.0008635192643851042,-0.001055337954312563,-0.0016665862640365958,-0.001558317570015788,-0.0010285149328410625,-0.006153943482786417,-0.007290680892765522
-0.0007607027655467391,-0.0010544286342337728,-0.0012866201577708125,-0.0008814849425107241,-0.0013860742328688502,-0.0008417149074375629,-0.006178572773933411,-0.006557009648531675
0.0010671595809981227,-0.0007777416030876338,-0.001896738656796515,-2.1395575458882377e-05,-0.0009619403863325715,-0.002046110574156046,-0.004349760711193085,-0.007283461280167103
0.0005570044158957899,-0.0007978022331371903,-0.0014604943571612239,4.5828150177840143e-05,-0.0017652916721999645,-0.0017492983024567366,-0.002471606247127056,-0.008046400733292103
-0.002981550758704543,-5.269229950499721e-05,0.0006300050299614668,-0.00019826908828690648,-0.0011268542148172855,-0.0004366773064248264,-0.002939868252724409,-0.008516347035765648
-0.0010730382055044174,-0.0006828440236859024,0.00015571714902762324,-0.0005933783832006156,-0.000702017336152494,-0.0008742088684812188,-0.005521161016076803,-0.008977281861007214
-0.0024363556876778603,-0.0011543616419658065,-0.0014018076471984386,-0.00028789174393750727,0.0011718128807842731,-0.001702844980172813,-0.0049622817896306515,-0.006563482340425253
-0.002702658763155341,-0.000677905511111021,-0.000568167888559401,-0.0017165358876809478,-0.00035686124465428293,0.00024725808179937303,-0.0018528049113228917,-0.008296697400510311
-0.00041055865585803986,-0.0011750960256904364,-0.0015138434246182442,9.170536213787273e-05,-0.0009226991096511483,-0.002269164426252246,-0.0034415775444358587,-0.005981019232422113
-0.0008521510753780603,-0.0013361172750592232,-0.0035722607281059027,-0.0009217853075824678,-0.0004840547335334122,-0.0004303850291762501,-0.002972687128931284,-0.009162165224552155
-0.0025275072548538446,-0.0007198398816399276,-0.0008794976747594774,-0.0015960916643962264,-0.0008659005397930741,-0.000969370361417532,-0.0027724779210984707,-0.007619251497089863
-0.0013761300360783935,-0.0009680077200755477,-0.0009440456051379442,-0.0005783416563645005,-0.00036713024019263685,-0.0003965988289564848,-0.003181180451065302,-0.009752875193953514
-6.1853788793087e-05,-0.0007675587548874319,-0.0033645734656602144,-0.0009354139911010861,-0.0009608726250007749,-0.0014841965166851878,-0.0028753490187227726,-0.008511514402925968
-0.0029824741650372744,-0.0009245567489415407,-0.0014933745842427015,-0.0006956409779377282,-0.0009079708252102137,-0.00011338153126416728,-0.003080829745158553,-0.007963779382407665
-0.0057058315724134445,-0.0018378117820248008,-0.0010728467023000121,-0.0006746996659785509,-0.0013260622508823872,0.000203993811737746,-0.00502036465331912,-0.007054674439132214
-0.0017692463006824255,-0.0007442773785442114,-0.001806160667911172,-0.0003134760190732777,-0.0005071157938800752,-0.0006730519235134125,-0.0049019670113921165,-0.0066454471088945866
-0.002284446731209755,-0.0026856937911361456,-0.004530879203230143,-0.002478111768141389,-0.0014313975116237998,-0.0008326362003572285,-0.005033450201153755,-0.00785897858440876
-0.0026940093375742435,-0.00039680811460129917,-0.0018389378674328327,-0.0008717655437067151,-0.00072705396451056,-0.0002957871474791318,-0.0024873327929526567,-0.0070661152713000774
-0.005208332557231188,-0.002182896016165614,-0.0007821105537004769,-0.001075804466381669,-0.0015064452309161425,-0.00027107493951916695,-0.004098051693290472,-0.005349716637283564
-0.0013703439617529511,-0.00037435442209243774,-0.002084378618746996,-0.0002391866291873157,-0.0008525095763616264,-0.0013680820120498538,-0.004218810237944126,-0.005114587023854256
-0.0006720307283103466,-0.0006955191493034363,-0.004547254182398319,-0.0010578836081549525,-0.0006157724419608712,0.0011551514035090804,-0.002991378540173173,-0.008387768641114235
-0.00403798371553421,-0.0009927666978910565,-0.0011369226267561316,-0.0010854634456336498,-0.00113588513340801,-0.0007933643646538258,-0.0029127479065209627,-0.0060844458639621735
-0.003282014513388276,-0.0017912604380398989,-0.0005416777567006648,-0.0006449572974815965,-0.0014038990484550595,-0.0006682372186332941,-0.004879073705524206,-0.005304687190800905
-0.003046974539756775,-0.0007411703700199723,-0.0016972419107332826,-0.0005141278961673379,-0.0008378489874303341,-0.00015567698574159294,-0.005282291676849127,-0.006384662818163633
-0.001509165158495307,-0.002777622314170003,-0.0026122096460312605,-0.0021460058633238077,0.00010612480400595814,-0.0014204378239810467,-0.004939527250826359,-0.007115921471267939
-0.0022498799953609705,-0.00037845686892978847,-0.0028953831642866135,-0.00039183630724437535,-0.0017147905891761184,0.0003117969317827374,-0.003767164424061775,-0.00738481804728508
0.0005637410213239491,-0.001988394185900688,0.0003694824408739805,-0.002134104957804084,-0.0005168251809664071,-0.0004374006821308285,-0.00397013034671545,-0.007003424689173698
-0.0005248126690275967,-0.00032331125112250447,-0.002830327721312642,-0.0014500085962936282,-0.001263842568732798,-0.0006893855170346797,-0.004949798807501793,-0.004638039972633123
-0.0007888100226409733,-0.0012574559077620506,-0.0005357410409487784,-0.001891320920549333,-0.0011417866917327046,-0.0013639639364555478,-0.0018323182594031096,-0.006810856983065605
-0.0017728216480463743,-0.0003543229540809989,-0.0005960100679658353,-0.00021500876755453646,-0.0003402093716431409,-0.000241368223214522,-0.003686860203742981,-0.009230920113623142
-0.0006908438517712057,-0.0011111749336123466,-0.0025188010185956955,-0.0010351246455684304,-0.0012856017565354705,-0.0015972518594935536,-0.003056761808693409,-0.007707889657467604
-0.005257272627204657,-0.0015613501891493797,-0.0015772398328408599,-0.001090852776542306,-0.0010465059895068407,0.0003595939197111875,-0.003405618015676737,-0.007644187193363905
-0.004661427810788155,-0.0012244150275364518,-0.0007960335351526737,-0.0007010604604147375,-0.0009415633394382894,0.000332320953020826,-0.0039788647554814816,-0.007177943363785744
0.0009943771874532104,-0.0001471243449486792,-0.003934280946850777,3.6076387914363295e-05,0.0003929596277885139,-0.0016910949489101768,-0.0017657983116805553,-0.007936063222587109
-0.0013872745912522078,-0.0006086425273679197,-0.0025851079262793064,8.996340329758823e-05,-0.00038730076630599797,0.00023330659314524382,-0.0029629564378410578,-0.007182302884757519
-0.0006435822579078376,-0.0020517129451036453,0.0002157992566935718,-0.0016662308480590582,-0.0011305366642773151,-0.0012980529572814703,-0.003098223591223359,-0.0067722066305577755
0.0008780797361396253,-9.590636182110757e-06,-0.003668077290058136,0.00044501188676804304,0.0014523511053994298,-0.0012108144583180547,-0.0019475603476166725,-0.006189380306750536
0.0008528910693712533,0.002730402396991849,-0.0007613827474415302,0.0016920545604079962,0.0007937771151773632,-7.24830460967496e-05,-0.0009462590678595006,-0.004353155381977558
-0.004615694750100374,-0.0014480985701084137,0.0004555148188956082,-0.0002391473826719448,0.0008402008097618818,-0.0005194135592319071,-0.0029498955700546503,-0.0070600551553070545
-3.957097578677349e-05,0.0010014468571171165,-0.00045175052946433425,-0.0038880938664078712,-0.0013140207156538963,-0.0013471845304593444,-0.0050032068975269794,-0.004957345314323902
0.00031667473376728594,-0.001379971974529326,-0.0022562884259968996,-0.0010471850400790572,-0.0006651016301475465,-0.00018049842037726194,-0.0009387276950292289,-0.003795356722548604
0.00015216491010505706,-0.0013323263265192509,-0.0015480321599170566,-0.000248966331128031,-0.0005279327160678804,-0.00232074991799891,-0.0001481799263274297,-0.005135601852089167
-0.00661666551604867,-0.0008237034780904651,0.00021845595620106906,-3.0030569178052247e-05,0.0003781882405746728,-0.00010711522190831602,-0.001726685557514429,-0.004275431856513023
0.001106137060560286,-0.0007182771805673838,0.0006610431591980159,0.0009083545883186162,0.0001608003512956202,-0.0011187016498297453,0.0008607477066107094,-0.0014963457360863686
0.0007579936063848436,-0.0004282921436242759,-0.0023066368885338306,-8.332585275638849e-05,0.0004099028301425278,0.0024577260483056307,0.00040456559509038925,-0.00254470924846828
-0.0033840874675661325,0.001890095416456461,0.002846239600330591,-0.0002628988295327872,-0.0008115090313367546,-0.001684646587818861,-0.00044395297300070524,-0.002423504600301385
0.003794704098254442,-0.0010045977542176843,0.0033471619244664907,0.0025545433163642883,0.0013815243728458881,-0.0012634433805942535,0.0015085764462128282,0.0004597870574798435
-0.00048538335249759257,-0.0010823794873431325,-0.000860156025737524,0.0037153318990021944,0.003257265081629157,0.00038823974318802357,-0.0010779352160170674,-0.0010008071549236774
0.0003001239674631506,-0.0017415115144103765,-3.3743195672286674e-05,-0.00237195729278028,-0.0036920972634106874,-0.0020545506849884987,-0.0003051551466342062,-0.003043459029868245
-0.0037692261394113302,-0.0003991813282482326,-0.0024354062043130398,-0.0009096835274249315,-0.0013957120245322585,-0.0010852591367438436,-0.000717944698408246,-0.002512935781851411
-0.0035201730206608772,0.0014387484407052398,-0.0006664309767074883,-0.0007102119852788746,0.0007467675022780895,0.0037562961224466562,0.0001299344003200531,-0.004561684560030699
0.0017033289186656475,0.0002828118158504367,-0.0037237086798995733,0.0007326503982767463,0.002452009590342641,-0.0027968925423920155,0.00043763150461018085,-0.001333978958427906
-0.001053044106811285,-0.00060058175586164,-0.0033590090461075306,-2.662328552105464e-05,0.0002777886693365872,-0.00026591948699206114,0.0002261400077259168,-0.002036381745710969
-0.0003640778304543346,-0.0036580136511474848,-1.2795869224646594e-05,-0.003195066237822175,-0.0013182960683479905,-0.0019347085617482662,-0.0015070788795128465,-0.0014594948152080178
-0.00345537718385458,-0.000698849034961313,-0.0029907459393143654,-0.0007911686552688479,-0.0023377379402518272,-0.0006313312915153801,-0.001903665834106505,-0.002674293238669634
0.0018270246218889952,0.00012360284745227545,-0.0003136452578473836,-0.001291325781494379,-0.00030768875149078667,0.0009763575508259237,-0.00033690675627440214,-0.003686693497002125
-0.003100744215771556,-0.0006948521477170289,-0.0032430505380034447,0.0002272768469993025,-0.0013247296446934342,-0.00024803317501209676,-0.0020073975902050734,-0.004647582303732634
0.0001764121261658147,-0.0006958402809686959,0.00046161800855770707,-0.001855652080848813,0.00021889424533583224,0.0023252423852682114,-0.0019724275916814804,-0.006190361455082893
-0.0035713505931198597,-0.0006102490006014705,-0.0028615903574973345,-1.0957620361295994e-05,-0.0016720019048079848,-0.00038396098534576595,-0.0023474961053580046,-0.004164646379649639
-0.005674424115568399,-0.0007223307620733976,-0.000661565747577697,-0.0015188188990578055,-0.0001918642083182931,0.0023398036137223244,-0.002473230008035898,-0.007778124883770943
-0.0005197272985242307,-0.0027560903690755367,-0.003393950406461954,-0.0006304308772087097,0.00048117389087565243,-0.00042755092727020383,-0.004567274823784828,-0.006530440878123045
0.00030791753670200706,-0.0006254054023884237,-0.0035004231613129377,0.0003247385611757636,-0.0005060055409558117,-0.0016927329124882817,-0.001985329668968916,-0.006519002374261618
-0.0026911902241408825,-0.00040125023224391043,-0.0004141920362599194,-0.0006815195083618164,-0.00037652041646651924,-7.692572398809716e-05,-0.0016257661627605557,-0.00628858245909214
-0.004318719729781151,-0.001089062076061964,-0.0006203641532920301,-6.742931145709008e-05,-0.001494319410994649,-0.0002815491461660713,-0.0043451678939163685,-0.004980841651558876
-0.0013388878433033824,-0.0008794694440439343,-0.0023378771729767323,-0.0006615078309550881,-0.0007930719875730574,-0.0005010887980461121,-0.004430718719959259,-0.00850754790008068
-0.0021550795063376427,-0.0008081881096586585,-0.002989472122862935,-0.0005421699024736881,-0.00044041790533810854,0.0008572638034820557,-0.003829231485724449,-0.007685506250709295
-0.004478008020669222,-0.0016688527539372444,-0.0009603277430869639,-0.0015652537113055587,-0.0013178567169234157,0.00012929692456964403,-0.0047202343121171,-0.0073268781416118145
0.0008240903844125569,-0.0022333667147904634,-0.0026772532146424055,-0.0008360100327990949,0.0008267965749837458,-0.0004171292239334434,-0.006193495821207762,-0.007577245123684406
0.0005502548301592469,0.0004960540100000799,-0.0020644301548600197,0.001679204753600061,-0.000978209194727242,-0.003012809669598937,-0.0011972838547080755,-0.007232976146042347
-0.0002750871062744409,-0.0007417846936732531,0.0005700470064766705,-0.0014944119611755013,0.00039786790148355067,-4.55616791441571e-05,-0.003154904581606388,-0.008795048110187054
0.01057601347565651,0.0032168272882699966,0.0011285782093182206,0.0007689964841119945,0.003945487085729837,-0.0010473913280293345,-0.0029319904278963804,-0.007466142065823078
-0.0018529552035033703,0.0009614122100174427,-0.0009302248945459723,-0.0006354701472446322,0.0014189209323376417,-0.001116632716730237,-0.0021844825241714716,-0.005102832801640034
0.0011297303717583418,-0.0018347561126574874,0.001311840140260756,-0.001081738737411797,-0.00043674613698385656,-0.0011439804220572114,-0.003375791944563389,-0.0074461973272264
-0.002602708525955677,-0.0005375572363846004,-0.0020112069323658943,-0.0006892555975355208,-0.0015977912116795778,-0.0012325283605605364,-0.002742554061114788,-0.004534109961241484
-0.002366953995078802,-0.0005800985964015126,-0.00017359867342747748,-0.0011344931554049253,-0.0006978099700063467,0.00039383239345625043,-0.0008291677222587168,-0.009178952313959599
0.0014544413425028324,0.0008955600205808878,-0.0030009541660547256,3.2824984373291954e-05,0.0009133195271715522,-0.0016547574196010828,-0.0016074343584477901,-0.007769950665533543
-0.000780677713919431,-0.00122093316167593,-0.003568554762750864,-0.0011838737409561872,-0.0010090363211929798,-0.0013657574309036136,-0.0010069998679682612,-0.006363688036799431
-0.004159046337008476,-0.0006896682316437364,-0.0010308297351002693,-0.0003507134679239243,0.00010916693281615153,0.0008529842598363757,-0.0027554526459425688,-0.007983204908668995
-0.004516706336289644,-0.0007267027976922691,-0.0007493759039789438,-0.0002801793743856251,-0.0011974062072113156,-0.0007280840072780848,-0.003249564440920949,-0.0043119280599057674
-0.004595133941620588,0.0007789002265781164,-0.0021371538750827312,0.0001950356236193329,0.00015238215564750135,0.0020802123472094536,-0.0022590465378016233,-0.008797738701105118
-0.0037617620546370745,-0.0007720515714026988,-0.0017684507183730602,-0.00044921415974386036,-0.0003898371069226414,-0.0003931515384465456,-0.0032255009282380342,-0.005533216055482626
-0.0007021997007541358,-0.0018763248808681965,-0.0013729877537116408,-0.0008651475072838366,-0.0007935264729894698,-0.002431726548820734,-0.002825857372954488,-0.00510395597666502
-0.0023299853783100843,-0.0006222908850759268,-0.002099019940942526,-0.0007288404740393162,-0.0012812897330150008,-0.0011639103759080172,-0.004162197932600975,-0.004818562418222427
7.389760867226869e-05,-0.0022676957305520773,-0.0006428533815778792,-0.0018421487184241414,-0.001174558070488274,-0.001045086421072483,-0.004879105370491743,-0.006404115352779627
-0.0032426449470221996,-0.00040427560452371836,-0.002164914971217513,-5.026385770179331e-05,-0.0015884664608165622,-0.0005593525711447,-0.003902711905539036,-0.004533642437309027
-0.005721117835491896,-0.0024800391402095556,-0.0007440971676260233,-0.0012266987469047308,-0.0012666922993957996,0.0005636806599795818,-0.005136097781360149,-0.007002933416515589
-0.0012791923945769668,-0.0004258460830897093,-0.002329011680558324,4.5272299757925794e-05,-0.0010464036604389548,-0.0005889171734452248,-0.005315905902534723,-0.004990732297301292
-0.0012616501189768314,-0.0020191415678709745,-0.0036751360166817904,-0.0015691807493567467,-0.0008966365712694824,-0.0009231995209120214,-0.004489542450755835,-0.007459188811480999
-0.0032586136367172003,-0.00016135744226630777,-0.001406751456670463,-0.0007656411034986377,-0.0013452409766614437,-0.0008753895526751876,-0.003594821784645319,-0.006421700585633516
0.000479702721349895,-0.0018199817277491093,0.0006945747300051153,-0.000676681927870959,-0.0011777072213590145,-0.000327928428305313,-0.0061898184940218925,-0.009105340577661991
-0.002534771803766489,-0.0006454996182583272,-0.0026678782887756824,-0.000292621785774827,-0.0012273620814085007,-0.0005019833333790302,-0.004487208090722561,-0.005127621814608574
0.0007572200847789645,-0.0018305659759789705,7.838188139430713e-06,-0.0026009154971688986,-0.00030353807960636914,-0.0006739695090800524,-0.0038217464461922646,-0.007280268240720034
-0.0029775449074804783,-0.00023568161122966558,-0.0021909147035330534,-0.0002099659468512982,-0.0017512585036456585,-0.0004865258524660021,-0.003726938972249627,-0.0042027877643704414
-0.002449998166412115,-0.0018307495629414916,-0.00020201843290124089,-0.0019960568752139807,-1.3314178431755863e-05,0.00023455938207916915,-0.0031977214384824038,-0.007846830412745476
-0.0029185416642576456,-0.00036563430330716074,-0.001792151597328484,-0.0002794337924569845,-0.001537206582725048,-0.00103129749186337,-0.00402906583622098,-0.0036821654066443443
-0.0008726487285457551,-0.0020076788496226072,-0.002475957851856947,-0.0018796921940520406,-0.0008660587482154369,-0.0001913133601192385,-0.004334552679210901,-0.009371524676680565
-0.0005909258616156876,-0.00030757952481508255,-0.0027949728537350893,-3.393287261133082e-05,-0.0009116625296883285,-0.0004064337117597461,-0.00396446930244565,-0.007559497375041246
0.001008734107017517,-0.0008061526459641755,0.00036959070712327957,-0.001683838083408773,-0.00015477498527616262,-0.0002834201732184738,-0.00378805841319263,-0.010218105278909206
-0.004018235951662064,-0.00026266631903126836,-0.0011538169346749783,-0.0001882420328911394,-0.0016028430545702577,-0.000692421046551317,-0.0030028331093490124,-0.004754956811666489
-0.005399212706834078,-0.0010168757289648056,-0.00018715792975854129,-0.00040558131877332926,-8.413856994593516e-05,0.0008356437901966274,-0.003099107416346669,-0.010993707925081253
-0.0016661877743899822,-0.0009699702495709062,-0.0024897560942918062,-0.0004610462056007236,-0.0005078575923107564,-0.0007621662225574255,-0.004642368294298649,-0.005627254955470562
-0.0025295468512922525,-0.002914982382208109,-0.003886701073497534,-0.002030055271461606,-0.0015834479127079248,-0.0016967104747891426,-0.004075823351740837,-0.006991064641624689
-0.003381335409358144,-1.7946429579751566e-05,-0.0019072119612246752,-0.0009228369453921914,-0.0014841887168586254,-0.00014455096970777959,-0.003054949687793851,-0.006600688677281141
-2.8316007956163958e-05,-0.002056405646726489,0.0005052001215517521,-0.0013440783368423581,-0.0013889058027416468,-0.0012079146690666676,-0.003846318693831563,-0.006661676801741123
-0.002189974533393979,-0.0003794871154241264,-0.0029376987367868423,-0.000689628766849637,-0.001483588363043964,-0.0005849717417731881,-0.0038583010900765657,-0.0043178098276257515
0.0005969300982542336,-0.0013633689377456903,-0.0004417950985953212,-0.0025630362797528505,-0.0009194731246680021,-0.0004745202895719558,-0.003319814568385482,-0.007318357937037945
-0.00376933254301548,-0.00034996840986423194,-0.0018439583946019411,-5.853348920936696e-05,-0.0018391205230727792,-0.0007306627230718732,-0.0035601782146841288,-0.003759755752980709
-0.0035971233155578375,-0.0020686048083007336,-0.00024047942133620381,-0.0013944036327302456,-0.00038630812196061015,0.00044351842370815575,-0.004483594559133053,-0.007748988922685385
-0.0027303246315568686,-0.00041431738645769656,-0.0021365159191191196,-0.00014314339205157012,-0.0012252425076439977,-0.0009513727854937315,-0.00395631231367588,-0.004065024666488171
-0.0034744273871183395,-0.0010779296280816197,-0.0011668293736875057,-0.0012426290195435286,-0.00021723589452449232,-0.00028187077259644866,-0.003831787733361125,-0.006173660047352314
-0.000750014849472791,-0.0018389367032796144,-0.0013274794910103083,-0.0009821170242503285,-0.0012439391575753689,-0.0021479465067386627,-0.0036558378487825394,-0.005475377663969994
-0.002409918699413538,-0.0007852616254240274,-0.001653333194553852,-0.0013533596647903323,-0.0013174564810469747,-0.0007548178546130657,-0.0054543293081223965,-0.0066070095635950565
-0.0025806594640016556,-0.0014274497516453266,-0.0007009694818407297,-0.0016152721364051104,-0.0017810756107792258,-0.000721083371900022,-0.004816280212253332,-0.007067978847771883
-0.003805388230830431,-0.0008081511477939785,-0.0013002930209040642,-0.00036839157110080123,-0.0014051166363060474,-0.0005361848161555827,-0.005112198647111654,-0.005029887426644564
-0.001908884383738041,-0.0034007388167083263,-0.0025774657260626554,-0.0020206270273774862,-0.0003721927059814334,-0.000603236723691225,-0.006593730300664902,-0.0074130152352154255
-0.003213020507246256,-0.0005068160826340318,-0.0027728318236768246,-0.00041714892722666264,-0.0013824572088196874,-0.000479181413538754,-0.005427056457847357,-0.0064449612982571125
-0.0025113183073699474,-0.0022998705971986055,-0.00017226571799255908,-0.001581367221660912,-0.0011860509403049946,-0.001031997031532228,-0.004473503213375807,-0.005448528565466404
-0.0008272522827610373,-0.0003030976513400674,-0.0026737654116004705,-0.00047894439194351435,-0.0012190325651317835,-0.001106565585359931,-0.005048888735473156,-0.004641979467123747
-0.0015541843604296446,-0.0008767102845013142,-0.001773674157448113,-0.001268690568394959,-8.662239997647703e-05,-1.463885564589873e-05,-0.004029048141092062,-0.0069376444444060326
-0.0036193227861076593,-0.0016743140295147896,-0.0006696081254631281,-0.001578151248395443,-0.0013550264993682504,-0.0002494255022611469,-0.005305394530296326,-0.0067959981970489025
-0.0027670422568917274,-0.0009586951928213239,-0.0013145143166184425,-0.0004478903429117054,-0.0009978051530197263,-0.0004342460015323013,-0.005526828579604626,-0.006522722076624632
-0.000813910155557096,-0.0026044545229524374,-0.002773660933598876,-0.0018215611344203353,-0.00045029009925201535,-0.0008962226565927267,-0.005574802868068218,-0.007102685980498791
-0.0032875549513846636,-0.0004043782828375697,-0.002075921045616269,-0.0007331648957915604,-0.0015235076425597072,-7.616446237079799e-05,-0.005046488717198372,-0.007151437923312187
-0.005022638011723757,-0.0023359504994004965,-0.0004545842530205846,-0.0014285786310210824,-0.0016217705560848117,-0.0006360917468555272,-0.004745579790323973,-0.005537747871130705
-0.0019505578093230724,-0.0008262459305115044,-0.0020337451715022326,-0.000728691287804395,-0.0007375219720415771,-0.0006293085752986372,-0.005867317318916321,-0.005460283253341913
-0.000967761327046901,-0.0009035129914991558,-0.002570838900282979,-0.0012353063793852925,-9.867619519354776e-05,6.912696699146181e-05,-0.004356039687991142,-0.007981311529874802
-0.0025346234906464815,-0.0009737010113894939,-0.0010581801179796457,-0.002016278449445963,-0.0015641296049579978,-0.0007617339724674821,-0.005774637684226036,-0.007165944203734398
-0.0017247672658413649,-0.0011030066525563598,-0.001165855210274458,-0.0015011717332527041,-0.0013962893281131983,-0.0007497209589928389,-0.005759635008871555,-0.007345728110522032
-0.001022557495161891,-0.0012094230623915792,-0.001967997057363391,-0.0011423012474551797,-0.0012538072187453508,-0.0006993195274844766,-0.0054460144601762295,-0.008204367943108082
-0.0032929531298577785,-0.0008819274371489882,-0.001348063931800425,-0.001260572811588645,-0.001371030113659799,-0.0006817965186201036,-0.005325355101376772,-0.007205669302493334
-0.0009835382224991918,-0.0017139873234555125,-0.0008809850551187992,-0.0012051559751853347,-0.0014375726459547877,-0.0008179919677786529,-0.005419329274445772,-0.008255766704678535
-0.0023994185030460358,-0.0008193633984774351,-0.002035999670624733,-0.0005321830394677818,-0.0011551645584404469,-0.00035407059476710856,-0.005795381497591734,-0.006862062029540539
-0.0008698749588802457,-0.0013635668437927961,-0.0008363787783309817,-0.0011961166746914387,-0.0007999992230907083,-0.00027470485656522214,-0.005360160488635302,-0.007886302657425404
0.0008249463280662894,-0.0005166253540664911,-0.002220692578703165,-9.405822493135929e-05,-0.0004765227495227009,-0.00038649808266200125,-0.005449303891509771,-0.008383695036172867
0.0010934488382190466,-0.00035548832966014743,-0.001421483582817018,0.00031183339888229966,-0.001031451509334147,-0.0021914320532232523,-0.0017557155806571245,-0.008157956413924694
0.0002956422686111182,-0.0003674475592561066,0.0005956063978374004,-0.00047311189700849354,-0.0006587867974303663,-0.0005019817617721856,-0.0028339745476841927,-0.009599434211850166
-0.004556336905807257,-0.0006891384837217629,-0.0006718531949445605,-9.029581269714981e-05,-0.0013891257112845778,-0.0008993552764877677,-0.0031310387421399355,-0.00674910144880414
0.0019538020715117455,-0.0013341474113985896,-7.659348921151832e-05,1.822034755605273e-05,-0.0009643289959058166,-0.0015966333448886871,-0.0026941585820168257,-0.009105769917368889
-0.0023823759984225035,-0.0010737269185483456,-0.002021367894485593,-0.0009863176383078098,-0.00041188663453795016,-0.0019137662602588534,-0.0028822366148233414,-0.005084244534373283
-0.005790384020656347,-0.001873478409834206,-0.000710973865352571,-0.0014378150226548314,-0.0003282282850705087,0.00016650948964525014,-0.002965266117826104,-0.0068374150432646275
-0.0019178560469299555,-0.00042505637975409627,-0.0018588692182675004,-0.0003713321639224887,-0.0013070536078885198,-0.0018814335344359279,-0.003780587576329708,-0.004080065060406923
-0.0023731612600386143,-0.0007301464211195707,-0.003076106309890747,-0.000865658454131335,-0.000266670947894454,0.0009009306668303907,-0.0027327900752425194,-0.007390252314507961
-0.0013924135128036141,-0.001884366269223392,-0.0005188315990380943,-0.001449501607567072,-0.0008662256877869368,-0.0028857027646154165,-0.0026913732290267944,-0.004672458861023188
-0.002796269254758954,-0.0007043654331937432,-0.001608795952051878,-0.00040448474464938045,-0.0014649671502411366,-0.001636313390918076,-0.003567800158634782,-0.003994516097009182
-0.0034242114052176476,-0.0014286518562585115,-0.0008485554717481136,-0.001444254769012332,-0.0012800497934222221,-0.00016224136925302446,-0.004689763765782118,-0.006979580502957106
-0.00219754152931273,-0.0011793964076787233,-0.0014483403647318482,-0.000674875162076205,-0.0012505070772022009,-0.0007593558984808624,-0.005214471369981766,-0.005682600662112236
-0.003661692375317216,-0.0010358814615756273,-0.0012705944245681167,-0.0012319294037297368,-0.0010978922946378589,-0.00021214716252870858,-0.005325576290488243,-0.006488800048828125
-0.0004454876761883497,-0.001773306867107749,-0.00095518579473719,-0.0010544955730438232,-0.0015048064524307847,-0.0005833363393321633,-0.006371269002556801,-0.006209630519151688
-0.0015832652570679784,-0.0006205067038536072,-0.002284113084897399,-0.0008077597012743354,-0.0013564445544034243,-0.00031407465576194227,-0.005924567114561796,-0.006112979259341955
-0.002306900452822447,-0.0009954519337043166,-0.0008022008696570992,-0.0013482420472428203,-0.0013758338754996657,-0.0006162226782180369,-0.0050861830823123455,-0.006608964409679174
-0.003836384043097496,-0.0009861490689218044,-0.0011199895525351167,-0.00037161223008297384,-0.0013688788749277592,-0.0004233953368384391,-0.005248057655990124,-0.005287144333124161
-0.0014720672043040395,-0.0013875962467864156,-0.001457968377508223,-0.0006678613135591149,-0.0009075378766283393,0.00022673832427244633,-0.006407217588275671,-0.008055625483393669
-0.0023685095366090536,-0.0009580159676261246,-0.0020907812286168337,-0.0008607905474491417,-0.0010436627781018615,-0.00023971419432200491,-0.005660160910338163,-0.006797747686505318
-0.0027980119921267033,-0.001146069960668683,-0.0009874145034700632,-0.0013808809453621507,-0.0014021843671798706,-0.0005496244411915541,-0.005357631016522646,-0.007348551880568266
-0.0019931981805711985,-0.0010327768977731466,-0.0012707876740023494,-0.0008307955577038229,-0.0011418878566473722,-0.0005833765608258545,-0.005831727292388678,-0.006890785880386829
-0.0024016471579670906,-0.0011660866439342499,-0.0015305414563044906,-0.0010225886944681406,-0.0012359977699816227,-0.0004513562598731369,-0.005723427981138229,-0.0077283913269639015
-0.0007819536840543151,-0.0015832665376365185,-0.001578893861733377,-0.0013922665966674685,-0.0013000242179259658,-0.0008845206466503441,-0.005278617609292269,-0.00859129149466753
-0.001155852572992444,-0.0006237637135200202,-0.0019737158436328173,-0.0007666444289498031,-0.0012797740055248141,-0.00048772143782116473,-0.005483878310769796,-0.00805598497390747
-3.0973624234320596e-05,-0.0009813997894525528,-0.0010210253531113267,-0.001213311217725277,-0.0009972131811082363,-0.0005845891428180039,-0.005052158609032631,-0.009666305035352707
0.001093006692826748,-0.0003173068107571453,-0.0018044360913336277,-4.8168683861149475e-05,-0.0009150032419711351,-0.0009604759397916496,-0.0036886418238282204,-0.008981226943433285
0.0010990911396220326,-0.0008616437553428113,-0.0005567800835706294,-0.0002555259852670133,-0.0011021647369489074,-0.0011046921135857701,-0.0015602783532813191,-0.009555068798363209
-0.003998025320470333,-5.145038085174747e-05,-0.00024046983162406832,-0.00019291479839012027,-0.0014014781918376684,-0.001026345882564783,-0.0026278069708496332,-0.007264912594109774
-0.0022481358610093594,-0.0011577822733670473,8.892580808605999e-06,-0.00029922963585704565,-0.0009531966643407941,-0.0011441505048424006,-0.0038997656665742397,-0.00752668222412467
-0.002909744391217828,-0.001051652361638844,-0.0013767400523647666,-0.00025013956474140286,-0.0004483072552829981,-0.002007533796131611,-0.0039004876744002104,-0.005467114970088005
0.0005496390513144433,-0.00030989458900876343,-0.0015830113552510738,-0.0013272531796246767,-0.0016153922770172358,-9.545643115416169e-05,-0.0008578376728110015,-0.009562641382217407
-0.003845001570880413,-0.0005742523353546858,-0.002018279628828168,-0.00011396124318707734,-0.001170273986645043,-0.0010301709407940507,-0.002481596078723669,-0.004388718865811825
-0.0021030823700129986,-0.002036358928307891,-0.0002790121070574969,-0.0016931472346186638,-0.0006609595729969442,-0.0017629112116992474,-0.0023240032605826855,-0.005555305629968643
-0.00349301565438509,-0.0006680696969851851,-0.0019438557792454958,-0.00012231673463247716,-0.0013483278453350067,-0.0013818810693919659,-0.0031450495589524508,-0.003519738093018532
-0.004097213968634605,-0.0012575420551002026,-0.0006757371011190116,-0.0014773529255762696,-0.0006829699850641191,-0.0005396067281253636,-0.0034046939108520746,-0.0056332992389798164
-0.0008366020629182458,-0.0015432793879881501,-0.0014372714795172215,-0.0003253150498494506,-0.0012977817095816135,-0.002597312442958355,-0.0036235852167010307,-0.0044076088815927505
-0.002600025152787566,-0.0008090209448710084,-0.0018506684573367238,-0.0012503991601988673,-0.00116965442430228,-0.000501838163472712,-0.005296505521982908,-0.006181800272315741
-0.0019096400355920196,-0.0014875521883368492,-0.0006299538654275239,-0.001538570853881538,-0.0019409650703892112,-0.0008357141050510108,-0.005549703724682331,-0.006287413649260998
-0.002898594131693244,-0.0007159574306569993,-0.0016431760741397738,-0.0003946226788684726,-0.0015049284556880593,-0.0004816945001948625,-0.005361449904739857,-0.00489351199939847
-0.002183769829571247,-0.0014948685420677066,-0.0011230397503823042,-0.0009381473646499217,-0.0009963781340047717,0.00012400501873344183,-0.006226023659110069,-0.0069455974735319614
-0.001979301916435361,-0.0008928151219151914,-0.0016899749170988798,-0.0008505202131345868,-0.0013266862370073795,-0.0001324467739323154,-0.006309622898697853,-0.006127459928393364
-0.003935582935810089,-0.0012345935683697462,-0.001163276843726635,-0.0012465289328247309,-0.0013000838225707412,-3.487873254925944e-05,-0.005859449040144682,-0.006815021857619286
-0.0036957107950001955,-0.0015087254578247666,-0.0007794670527800918,-0.0011299516772851348,-0.001259004813618958,7.677955727558583e-05,-0.0066274129785597324,-0.006371025461703539
-0.003202137304469943,-0.0010062669171020389,-0.0012215690221637487,-0.0010605182033032179,-0.0009777583181858063,-0.00010643364657880738,-0.006239727605134249,-0.006332671735435724
-0.0015081587480381131,-0.0010473368456587195,-0.0014465840067714453,-0.0011488088639453053,-0.001140404143370688,-0.0006443378515541553,-0.005986741743981838,-0.007010336499661207
-0.0002356274053454399,-0.0011827832786366343,-0.0019402812467887998,-0.0015025034081190825,-0.001441572210751474,-0.0009621296776458621,-0.005755802616477013,-0.007152150385081768
-0.002797757275402546,-0.0004691935610026121,-0.001409700489602983,-0.0013058950426056981,-0.0014798474730923772,-0.0008474983042106032,-0.005706234369426966,-0.00785773154348135
-0.00021828236640430987,-0.0017563172150403261,0.00018885744793806225,-0.0010612935293465853,-0.001557389390654862,-0.000838362262584269,-0.005998868495225906,-0.007223435211926699
-0.0009536318248137832,-0.0004165588179603219,-0.00252627138979733,-0.00016121820954140276,-0.0013486488023772836,-0.0007006608066149056,-0.005046790465712547,-0.00705253891646862
-0.00088520348072052,-0.001011290354654193,-0.000305057066725567,-0.0014916307991370559,-0.0003998478932771832,5.369592327042483e-05,-0.004195557441562414,-0.00830202829092741
-0.0015887452755123377,-0.0005678701563738286,-0.0010850547114387155,-1.5771480320836417e-05,-0.0010575586929917336,-0.000664393010083586,-0.005386957898736,-0.007159620523452759
0.0005736832972615957,-0.0011645709164440632,-0.0016936168540269136,-0.0010140669764950871,-0.0007455250597558916,-0.0015963149489834905,-0.004181154537945986,-0.008394300006330013
-0.002634888282045722,-0.0007856411393731833,-0.001610242878086865,-0.0005873897462151945,-0.0010089291026815772,-0.0007172846817411482,-0.003832148388028145,-0.007287386804819107
-0.004130519460886717,-0.00189582584425807,-0.00035891917650587857,-0.0010040010092779994,-0.0010794118279591203,-0.00010277472756570205,-0.0042473990470170975,-0.007434999570250511
-0.0032065322156995535,-0.0004129229055251926,-0.0014932039193809032,-0.0003915689012501389,-0.0009263165411539376,-0.000989639200270176,-0.003963906317949295,-0.0042381612583994865
-0.0015487447381019592,-0.0023694531992077827,-0.002462380565702915,-0.0022180736996233463,-0.0014593142550438643,-0.0010657510720193386,-0.0037118387408554554,-0.007615345064550638
0.00029004167299717665,-0.0002951312926597893,-0.002560789929702878,0.0012589436955749989,-0.0006151423440314829,-0.0014876365894451737,-0.00171848910395056,-0.00824913289397955
-0.002634952310472727,-0.00023926579160615802,1.8204797015641816e-05,-0.0014568688347935677,-0.0006084791384637356,-0.0010145684937015176,-0.0021765611600130796,-0.008030842058360577
-0.0027849930338561535,-0.0003149429685436189,-0.00032221272704191506,-0.00044200062984600663,-0.0016173559706658125,-0.0006524118944071233,-0.0048165214248001575,-0.005480268504470587
-0.0027818416710942984,-0.0012931108940392733,-0.0024689582642167807,-0.001077809021808207,-0.0007592005422338843,-0.0005859797238372266,-0.004134512972086668,-0.007801690138876438
-0.004778014030307531,-0.0010451304260641336,-0.00154297542758286,-0.0009027108317241073,-0.00039431487675756216,0.0013837398728355765,-0.003469678573310375,-0.00898030400276184
-0.004145483486354351,-0.001053282874636352,-0.0010457235621288419,-0.0007141794776543975,-0.0011239444138482213,-0.0006459442665800452,-0.004184981342405081,-0.005158796440809965
-0.0017321024788543582,-0.0012754503404721618,-0.001212505274452269,-0.0004887368413619697,-0.0006786061567254364,-0.0018627694807946682,-0.0035503399558365345,-0.005337656941264868
-0.0017572849756106734,-0.0035606243181973696,-0.003577662631869316,-0.0026238730642944574,0.00015658333722967654,-0.0003071632527280599,-0.006684556603431702,-0.008146731182932854
-0.0030784588307142258,-0.00026055373018607497,-0.0016646358417347074,-0.001127760042436421,-0.0012351216282695532,-0.0006403701845556498,-0.003096669213846326,-0.00604280224069953
-0.0019535627216100693,-0.0024700292851775885,4.27184859290719e-05,-0.0011922098929062486,-0.0019271064084023237,-0.0006615807069465518,-0.004758494906127453,-0.0057229469530284405
-0.00300015090033412,-0.0003286206047050655,-0.0020015286281704903,-4.1750612581381574e-05,-0.0011751073179766536,-0.0006401152932085097,-0.004439299460500479,-0.00414769072085619
-0.0028001561295241117,-0.0014696045545861125,-0.0007537516066804528,-0.001102185808122158,-0.0001483154046582058,0.00044650223571807146,-0.005822625011205673,-0.006733061745762825
-0.0005959498812444508,-0.0013101276708766818,-0.0021440652199089527,-0.0005826328415423632,-0.0011814081808552146,-0.0007214080542325974,-0.0052763535641133785,-0.006379388738423586
-0.0034935472067445517,-0.0008206540369428694,-0.001587982871569693,-0.0011251576943323016,-0.0011644191108644009,-0.0006624587113037705,-0.004876203369349241,-0.006896087434142828
-0.0010430017719045281,-0.0020684076007455587,-0.00013667855819221586,-0.0013276609824970365,-0.0019017602317035198,-0.0009445435716770589,-0.005219607148319483,-0.006383335217833519
0.00043114018626511097,-0.0006218657363206148,-0.003435894614085555,0.00024951950763352215,-0.00021472708613146096,-0.0013795841950923204,-0.0035957633517682552,-0.007055078633129597
-0.0018905700417235494,-0.00023659304133616388,-0.0016754691023379564,-0.0010696286335587502,-0.0008846651180647314,-0.0011988983023911715,-0.002908603521063924,-0.007441045716404915
-0.001709441188722849,-0.0025263908319175243,-0.0007067898404784501,-0.0005479409010149539,-0.0013288883492350578,-0.0006990883266553283,-0.004317142069339752,-0.00588874751701951
-0.0012562648626044393,-0.00040185899706557393,-0.002124099526554346,-0.0021328656002879143,-0.0014997422695159912,-0.0011141907889395952,-0.006041608285158873,-0.005552572663873434
-0.0013573062606155872,-0.0010618222877383232,-0.0012624886585399508,-0.0013755540130659938,-0.000650994828902185,-0.0004903766675852239,-0.0025638025254011154,-0.0069394479505717754
-0.0015831540804356337,-0.0017041563987731934,-0.0012903129681944847,-0.0011731296544894576,-0.0010229795007035136,-0.0003076638968195766,-0.0042471750639379025,-0.00982059258967638
-0.0032731685787439346,-0.0009847262408584356,-0.0019277529790997505,-0.000678358250297606,-0.0009415561216883361,5.990645877318457e-05,-0.004233070649206638,-0.006575143896043301
-0.001576143316924572,-0.0007810720708221197,0.00019114742462988943,-0.0003307814185973257,0.0008529984042979777,-0.001071144244633615,-0.00163059844635427,-0.005202383268624544
-0.0008087916648946702,0.00016409352247137576,-0.0019437243463471532,0.0006023186724632978,-0.0028210761956870556,-0.00158397585619241,-0.0008020472014322877,-0.006290621589869261
0.0008067730232141912,-0.004466951359063387,-0.0011620279401540756,-0.0024046010803431273,-0.0004718031268566847,-0.0012316411593928933,-0.0013133358443155885,-0.003687863936647773
-0.003266890300437808,-0.0002687251253519207,-0.002401615958660841,-0.003657771972939372,-0.002569769974797964,-0.0006737201474606991,-0.005579614080488682,-0.002056329743936658
0.0002443285775370896,-0.0026442576199769974,-0.0006394711672328413,-0.002618305617943406,-0.003686970565468073,-0.001386175281368196,-0.0003541756886988878,-0.0044392552226781845
-0.000292877055471763,-0.0008007892174646258,-0.0053900983184576035,-0.0002979468845296651,0.00037399708526208997,-0.0007863593054935336,-0.00090647058095783,-0.006774436682462692
-0.006581276189535856,-0.0015052141388878226,-0.001170421950519085,-0.0009893587557598948,-0.0008420250378549099,0.00011163275485159829,-0.0024190109688788652,-0.006447066552937031
-0.0036460813134908676,0.0009140880429185927,0.00017200637375935912,-0.00018081774760503322,-0.0019026142545044422,-0.0019533925224095583,-0.00432131253182888,-0.0037677905056625605
-0.0027262666262686253,-0.0003150521661154926,-0.003962931223213673,-0.0003741914115380496,-0.0001907167606987059,0.00041364310891367495,-0.002282128669321537,-0.006184609141200781
0.001280984259210527,-8.273087587440386e-06,-0.002485438948497176,-0.0014776689931750298,0.0005100874695926905,-0.00018616554734762758,0.00014186858606990427,-0.007005453575402498
-0.0008988830959424376,-0.0004507666453719139,-0.003331494051963091,-0.0005867902655154467,0.0014750980772078037,-0.0010486976243555546,-0.002178521826863289,-0.004697778727859259
0.00025945118977688253,0.00018701644148677588,-0.001350084668956697,0.0009879365097731352,-0.0013863265048712492,-0.0021605861838907003,-0.0003616645117290318,-0.004842041991651058
0.0004753564717248082,0.00023713834525551647,0.004054335877299309,0.00031197324278764427,0.001572820357978344,-0.0010213942732661963,-0.0030494569800794125,-0.0032704907935112715
-0.004413191694766283,-0.0005843308754265308,-0.0005030598258599639,-0.0013210182078182697,-0.0017683489713817835,-0.0013064752565696836,-0.0030138781294226646,-0.0029341415502130985
0.0016752438386902213,-0.0015158314490690827,7.6302356319502e-05,-6.142753591120709e-06,-0.0028673571068793535,-0.0016898228786885738,0.0003582607314456254,-0.0057086949236691
-0.0002281368215335533,-0.0010977752972394228,-0.005319847259670496,-0.001064226496964693,-0.0016104094684123993,-0.0021055627148598433,-0.001287295250222087,-0.0045171622186899185
0.002758168848231435,-0.00025645055575296283,-0.0007917620823718607,-0.0010533485328778625,0.00010262853174936026,-0.0023588312324136496,0.0007058361079543829,-0.00452077342197299
-0.0022349657956510782,-0.0013282457366585732,-0.0006804650765843689,0.00012339107342995703,0.00062178896041587,-0.0013178964145481586,-0.00067307916469872,-0.002961323596537113
0.0022776250261813402,-9.509855590295047e-05,0.0040761311538517475,0.0002517513930797577,0.0005212364485487342,-0.0014292056439444423,0.0014007982099428773,-0.0007948585553094745
-0.0006922619650140405,-0.0010650836629793048,-0.0015607270179316401,0.000280647975159809,-0.0002321674837730825,-0.0009920651791617274,-0.0005965414457023144,-0.0015027731424197555
0.0010922529036179185,-0.0015639999182894826,0.0009702763636596501,-0.0019401389872655272,-0.0030680918134748936,-0.001160275423899293,0.0002749679842963815,-0.004543698858469725
-0.001473200973123312,-0.0011691064573824406,-0.002952099544927478,-0.0003727525472640991,-0.0007206544978544116,-0.0020625456236302853,-0.0015059346333146095,-0.003151757176965475
0.00270256819203496,-0.0008641255553811789,0.003157067811116576,-0.0011546172900125384,-0.0006827259785495698,-0.00017772254068404436,0.001491821720264852,-0.001808285596780479
-0.0005538083496503532,0.00011269835522398353,-0.0023126439191401005,-0.0006325566791929305,-0.0015757449436932802,-0.0015013820957392454,-0.0011557266116142273,-0.0013749762438237667
0.002054469892755151,-0.0021237449254840612,0.0011916339863091707,-0.0010520336218178272,-0.0012487847125157714,-0.0008783517987467349,0.0007140706293284893,-0.0012141835177317262
-0.002752292435616255,-0.0004641611594706774,-0.001547959866002202,-0.0010498629417270422,-0.0017569565679877996,-0.0011696487199515104,-0.001388508128002286,-0.0009488837677054107
-0.0002040705585386604,-0.0031384460162371397,0.0006123555940575898,-0.0016369441291317344,-0.005102230701595545,0.000467454781755805,1.887477992568165e-05,-0.0008897281368263066
-0.0009681416559033096,0.0001177392405224964,-0.0026060480158776045,-0.0005560118588618934,-0.001377477077767253,-0.002526868600398302,-0.0008257633307948709,4.268604243407026e-05
0.002024162095040083,-0.002967465901747346,0.0008595471736043692,-0.003108876757323742,-4.817956141778268e-05,6.085581117076799e-05,0.00046860359725542367,0.001566822174936533
0.006742958445101976,-0.0035332459956407547,-0.007470671087503433,-0.0004600364773068577,0.0014930865727365017,-0.0017147480975836515,0.0031488963868469,0.0038960594683885574
-6.142752681626007e-05,0.00369409192353487,0.0016445580404251814,-0.0009845858439803123,-0.00132721196860075,0.00221716845408082,-4.5471479097614065e-05,0.0006257527857087553
-0.00891799759119749,3.665316762635484e-05,0.0033438503742218018,-0.0016037061577662826,-0.00030968274222686887,-0.0012770041357725859,0.0007410382386296988,0.0008856902131810784
0.0005621102172881365,0.0005313134170137346,-0.0005315363523550332,0.0020765301305800676,-0.0021336597856134176,0.0004111455345991999,0.00022225771681405604,9.541666804580018e-05
-0.00173501658719033,-0.000993412104435265,-0.0028964411467313766,-0.0010241891723126173,-0.0010190035682171583,-0.0024049587082117796,-0.001003358862362802,-9.320045501226559e-05
-0.0023991132620722055,-0.003372198436409235,-0.0003109140961896628,-0.0030415495857596397,-0.00018752756295725703,-0.0006715005729347467,0.0001493782183388248,0.0012591417180374265
0.002383664483204484,0.0016861226176843047,-0.0023580954875797033,-0.0001902787189465016,0.0006095463177189231,-0.002727612853050232,0.0008419450605288148,0.0014924671268090606
-0.0010010162368416786,-0.0014802091754972935,-0.0038030087016522884,-0.0007395523134618998,-0.0016242786077782512,-0.0018578083254396915,-0.0004047533730044961,-0.0012747992295771837
-0.0030548106878995895,-0.002167841885238886,-7.708587509114295e-05,-0.0007705750176683068,-9.366975427838042e-05,-0.0006969252717681229,-0.0002787888515740633,-0.00013650133041664958
-0.003877543844282627,0.0001817159354686737,-0.0012666827533394098,-0.0003554740978870541,-0.002009062096476555,0.00045133731327950954,-0.0019016682635992765,-0.001288777100853622
-0.004810798447579145,0.0018814471550285816,-0.0035159001126885414,0.0004959292127750814,0.0009596557938493788,0.0050059170462191105,-0.0010078782215714455,-0.0030491268262267113
0.0005339629715308547,-0.0005004280246794224,-0.0013064774684607983,-0.00038415248855017126,-0.0003245212137699127,0.0015675639733672142,-0.0011428806465119123,-0.0031436150893568993
0.0009709165897220373,1.791585191313061e-07,-0.004318563733249903,0.001274735201150179,-2.185346147598466e-06,0.002799194771796465,-0.001764780725352466,-0.003221262712031603
0.0006418864359147847,-0.0007090227445587516,-0.001298739342018962,-0.0011112185893580317,0.0011448850855231285,-0.0015718488721176982,-0.0029244348406791687,-0.004324761219322681
-0.001599509152583778,0.0003111391270067543,-0.0018591840052977204,0.00044391307164914906,-0.000624078675173223,-0.0008393056923523545,-0.0017584938323125243,-0.00386547832749784
0.0011037212098017335,-0.0017394914757460356,0.0017759226029738784,-0.000448223581770435,0.00020909923478029668,-0.0011995215900242329,-0.004010064993053675,-0.003042552387341857
-0.0037162748631089926,-0.0008225590572692454,-0.001499021309427917,-0.001159792416729033,-0.0012128760572522879,-0.0010430654510855675,-0.0020694220438599586,-0.0029580132104456425
-0.0011109104380011559,0.0004843597998842597,0.0002452740736771375,-0.0007770774536766112,0.0001816846925066784,0.0011395568726584315,-0.00043268196168355644,-0.007681388407945633
-0.003799023572355509,-0.000552403973415494,-0.0029212781228125095,-0.00023171883367467672,-0.0008279194589704275,1.31807682919316e-05,-0.0025774678215384483,-0.004725622944533825
-0.003151994664222002,-0.002261713845655322,-0.0027369025629013777,-0.0022234718780964613,-0.000427624472649768,-0.002341114915907383,-0.0031879928428679705,-0.005818044766783714
-0.001400589942932129,0.00016592048632446676,-0.0025875004939734936,0.000986889936029911,-0.001154408324509859,-0.00040624127723276615,-0.0010178599040955305,-0.007335705682635307
0.0020648024510592222,-0.0010949805146083236,0.0012309560552239418,-0.0033112128730863333,0.0012524547055363655,-0.0005265207146294415,-0.0024717149790376425,-0.007339805364608765
0.00035606446908786893,-0.0002548146294429898,-0.0046458011493086815,-0.0007000828627496958,0.00016897512250579894,-0.000886213849298656,-0.0016957961488515139,-0.005759217776358128
0.001232207752764225,-0.0007819878519512713,0.0002741447533480823,-0.001984276808798313,-0.0013539005303755403,-0.0011619176948443055,-0.0004536424530670047,-0.007373060565441847
0.0009221245418302715,-2.1064270185888745e-05,-0.00022405067284125835,0.00020909143495373428,0.00037170774885453284,-0.0007688079494982958,-0.00160933006554842,-0.006925695110112429
-0.006672387942671776,-0.0016851184191182256,-0.0010702772997319698,-0.0006943382322788239,-0.0012083015171810985,-0.0009084929479286075,-0.0026153577491641045,-0.005136176478117704
0.0003828034095931798,-0.0020448765717446804,0.00048230026732198894,-0.0007014732109382749,-0.00010627132724039257,-0.0025439702440053225,-0.001374938990920782,-0.005874075461179018
-0.00010759370343293995,-0.0006802137941122055,-0.0029282551258802414,-0.00032071047462522984,-0.0006105276406742632,-0.0023733919952064753,-0.0012143382336944342,-0.004009332973510027
0.0014540785923600197,-0.0014177109114825726,0.00126397714484483,-0.0038958138320595026,0.00038004363887012005,-0.0020034904591739178,-0.0001457441394450143,-0.005941959097981453
0.0027754479087889194,-0.00013831570686306804,-0.003371636616066098,-0.00024390098406001925,0.0026389516424387693,-0.0009458860149607062,-0.0003590952546801418,-0.004449835047125816
0.0029395262245088816,-0.0009798177052289248,0.0003696334606502205,-0.0006986975786276162,-0.0012320453533902764,-4.505703327595256e-05,0.0005171539378352463,-0.00364242703653872
-0.0027694180607795715,0.001255010487511754,-0.0005001301178708673,-9.54027273110114e-05,-0.0015119523741304874,-0.0022557482589036226,-0.0007207447197288275,-0.0026110829785466194
-0.0010437492746859789,-0.0019960380159318447,-0.0006607500254176557,-2.9406537578324787e-05,-0.0007019207696430385,-0.001893466105684638,-0.0022277841344475746,-0.002448571380227804
0.0008188198553398252,-0.0002570865035522729,-0.004093708470463753,-0.00022547348635271192,-0.00030798930674791336,-0.000381491263397038,-0.000912916730158031,-0.002611821051687002
-0.0013696879614144564,0.0002613196265883744,-0.001220237696543336,-0.0009812834905460477,-0.0005622811149805784,-0.002013351069763303,-0.0006935978890396655,-0.002330694580450654
-0.0022501267958432436,-0.001113621168769896,0.000610380491707474,-4.0308208554051816e-05,0.00026452247402630746,-0.0011460675159469247,-0.0005465798894874752,-0.0027616145089268684
-0.003109012497588992,0.0004986432031728327,-0.0021193972788751125,-0.000930947600863874,-0.0007429887191392481,-0.0013242915738373995,-0.0026053425390273333,-0.0031753433868288994
-0.0009850095957517624,-0.002531621837988496,-0.0019585643894970417,-0.0019859750755131245,-0.0024304946418851614,-0.0020447196438908577,-0.00010012015991378576,-0.0021390249021351337
-0.00043057091534137726,-0.001406333176419139,-0.00399446114897728,0.00017402824596501887,0.0003565132210496813,-0.0014000716619193554,-0.0007488226983696222,-0.0018155357101932168
0.006968866102397442,0.0020141247659921646,0.005871577654033899,-0.002049122005701065,0.003086674492806196,-0.0007809238159097731,0.0025138601195067167,0.00031101587228477
-0.0019596917554736137,-0.00040159805212169886,-0.001009835279546678,-0.001624098513275385,-0.0014879863010719419,-0.0013435716973617673,-0.0009862808510661125,-0.0004967391723766923
0.0023568267934024334,-0.0018507795175537467,0.0029167497996240854,0.00012386964226607233,-0.003017719369381666,0.0032043640967458487,0.0009948418010026217,0.0007931936997920275
9.823411346587818e-06,0.0006959103047847748,-0.0012324928538873792,-0.005253558047115803,-0.0005580947618000209,0.00022689357865601778,-0.001284854020923376,-0.00018267631821800023
0.0018918233690783381,-0.0030459314584732056,0.004447771701961756,-0.0018983961781486869,-0.0024081990122795105,0.0019199710804969072,1.87116747838445e-05,0.0003544015053194016
0.00019267834431957453,-0.0023435340262949467,-0.004763166885823011,-0.0005207703798078001,-0.0012557300506159663,-0.0005652356194332242,0.00024199095787480474,0.0003607508260756731
-0.0014772850554436445,-0.0011206038761883974,0.0028656499926000834,-0.0015984763158485293,-0.0032553640194237232,-0.0012899297289550304,1.0091948752233293e-05,0.00029901613015681505
0.003729206044226885,0.0017112314235419035,0.0017740923212841153,0.00018833356443792582,0.0008608560892753303,-0.0006030005752108991,0.0026961518451571465,0.0022963224910199642
0.001991317607462406,-0.000572739343624562,-0.003212804440408945,-0.0003846623294521123,-0.0015083253383636475,0.001048532547429204,0.0007299469434656203,0.0008327211253345013
-0.0022614276967942715,-0.0010810199892148376,0.0004984139814041555,-0.001263155834749341,-0.0006709982990287244,-0.0020192342344671488,0.0007286461186595261,0.0009583037463016808
-0.0050118910148739815,-0.00012488091306295246,0.0014233413385227323,0.0001576767535880208,0.00012113931006751955,-0.0009232888114638627,-9.498233703197911e-05,0.0022159037180244923
0.0015536564169451594,0.0008064379799179733,-0.0017707165097817779,0.001487935078330338,-0.0005591092049144208,-0.001602926291525364,0.0005810816073790193,0.00034412022796459496
-0.0005042320117354393,-0.0018379045650362968,-0.004179077222943306,-0.0013891166308894753,-0.0021587556693702936,-0.0024968020152300596,-0.00104530097451061,-0.00019499723566696048
-0.000881158048287034,-0.00026747240917757154,0.00023968562891241163,0.0003606770478654653,0.0021192014683037996,-0.003584996098652482,0.0008810430881567299,0.001977768028154969
0.00252515752799809,0.00015278495266102254,0.0007067227270454168,0.00023572072677779943,0.0013133129104971886,-0.0017235331470146775,-0.00010478337208041921,0.002050084061920643
0.002328252186998725,-0.0009055642876774073,-0.002198674948886037,-0.00012098552542738616,-0.0005624377517960966,-0.0004891361459158361,0.00017461477546021342,0.0018848817562684417
-0.0015381898265331984,0.0025563871022313833,-0.0016558760544285178,0.000738516915589571,-0.0002884643035940826,-0.002667396329343319,-0.00039805154665373266,0.0016207400476559997
0.004019633401185274,-0.0024221951607614756,0.0018017605179920793,0.00013017005403526127,0.0014064155984669924,-0.0006026679766364396,0.000675723422318697,0.00286088977009058
-4.537646964308806e-05,-0.0004342136671766639,-0.001461385516449809,-0.0037060293834656477,-0.0005201805615797639,-0.0008089782204478979,-0.00141123216599226,0.0013943332014605403
0.0008481554104946554,-0.00259515643119812,0.0015438757836818695,-0.001168286893516779,-0.0014135821256786585,-0.002789534395560622,0.0011288521345704794,0.002147210529074073
0.00245269644074142,0.00140087166801095,-0.0030994871631264687,-0.001503902254626155,0.00013291249342728406,-0.0007971333689056337,-1.2838160728279036e-05,0.0014751533744856715
0.002017744816839695,-0.0016054504085332155,-0.0010997493518516421,-0.001272063353098929,-0.0028713790234178305,0.0005375213804654777,0.0003715909260790795,0.0010374831035733223
0.010066653601825237,-0.0029658193234354258,0.0008491157786920667,0.0015100260498002172,0.0021918504498898983,-0.002069925656542182,0.0016532462323084474,0.0020192957017570734
-0.004534524865448475,-0.0008965402957983315,0.00630789203569293,0.0002832608006428927,-9.335609502159059e-05,-0.0018431724747642875,0.0007604759302921593,0.0020389629062265158
0.008724314160645008,0.0007296214462257922,0.006946734618395567,0.005004425533115864,-0.00031471496913582087,0.0010423948988318443,0.0016918247565627098,0.0023974846117198467
-0.0009202544461004436,0.00041959137888625264,-0.0014918267261236906,0.0006687289569526911,0.003178785555064678,0.001190902665257454,-0.00014603851013816893,-0.0001317652640864253
-0.0008301760535687208,-0.0023737659212201834,-0.00011056123912567273,-0.0011715296423062682,-0.0010757227428257465,-0.002024978632107377,5.204919580137357e-05,0.0008540113922208548
0.0018646216485649347,0.0023800444323569536,-0.004062414634972811,-0.002574607729911804,-0.00016535913164261729,-0.002532933373004198,0.00019973325834143907,0.0011917173396795988
0.0011956195812672377,-0.0018970720702782273,-0.00183065515011549,-0.0006079839076846838,-0.0018367171287536621,0.0007004064391367137,0.000627168919891119,-0.000192440245882608
-0.0010263525182381272,0.0035819443874061108,-0.0017364276573061943,0.0006967727094888687,0.00031631748424842954,-0.0019490000559017062,-0.0013091302243992686,0.0011358134215697646
-0.001506476430222392,-0.003050772240385413,-0.0033388251904398203,-0.00022618660295847803,0.0016036342130973935,-0.0018976549617946148,0.001270290114916861,0.0023566167801618576
-0.000825564144179225,0.0015116967260837555,-0.0005994734819978476,-0.0044476850889623165,-0.0003677185741253197,-0.0006487845676019788,-0.0008863270049914718,0.0008797180489636958
0.0009174986043944955,-0.0006307393778115511,-0.0018833719659596682,-0.0016617338405922055,-0.004761260934174061,-0.0025527465622872114,0.0007064904202707112,0.0010468632681295276
-0.0021220494527369738,-0.0010037838947027922,-0.0030237066093832254,0.0003349347389303148,0.0014098535757511854,0.0014095120131969452,-5.722864079871215e-05,0.0017948790919035673
-0.00022048281971365213,-0.001512743066996336,0.00023045243870001286,-0.0006692574243061244,-3.3166224966407754e-06,0.0005284977960400283,-0.00018031436775345355,0.0018085609190165997
-0.00017880885570775717,0.0002280714106746018,-0.0023616175167262554,0.0002429306914564222,0.0005089050973765552,-0.00015040910511743277,-0.0006270181620493531,0.00012353985221125185
0.0009338264935649931,-0.001498908270150423,-0.002229836769402027,-0.0012479525757953525,-0.0006464258767664433,-0.0031750607304275036,0.0009516815189272165,0.0009475800325162709
0.011733237653970718,0.0015457391273230314,-0.0014611524529755116,0.002782861003652215,0.004972389899194241,-0.0006872439989820123,0.0017190411454066634,0.0010056003229692578
-0.004427236504852772,0.0016092677833512425,0.0014366868417710066,0.00028991716681048274,-0.0007554934127256274,-0.0013477981556206942,-0.0023182304576039314,-0.0004017871688120067
0.005162745248526335,-0.0010009320685639977,0.003697238629683852,0.0021355554927140474,0.0007576261414214969,-0.0019242860144004226,-0.0005684856441803277,0.0024630161933600903
0.0017727214144542813,-0.0009999616304412484,-0.0035065533593297005,-3.0642913770861924e-05,0.00040071754483506083,0.001229229150339961,-0.0012770447647199035,-0.0002548599732108414
-0.0010213344357907772,0.00030910270288586617,0.0003422779846005142,-0.0011096488451585174,-0.0012057351414114237,-0.000969713379163295,-0.00031810346990823746,-0.0012983151245862246
0.0010453826980665326,-0.00043216257472522557,0.002750431653112173,0.000524932867847383,0.0013413119595497847,-0.0010422549676150084,0.0004574022314045578,0.00029630307108163834
0.0020564738661050797,-0.0008682261686772108,-0.002374798757955432,0.000891729723662138,-0.0012866667238995433,-0.0006791031919419765,7.637093949597329e-05,-0.0007868034299463034
-0.0005318572511896491,-0.0011339756892994046,-0.0013010582188144326,-0.0009204926318489015,-0.0010800858726724982,-0.0018486120970919728,-0.00027796064387075603,-0.00247488496825099
-0.0006483479519374669,-0.0004588007868733257,0.0012344960123300552,0.00015231409633997828,0.0015696909977123141,-0.0016029158141463995,0.0012316599022597075,-0.0006451521185226738
0.0011417600326240063,8.090944902505726e-05,-0.0014411498559638858,0.00035331168328411877,-0.0001466839894419536,-0.0018963431939482689,0.0002810486766975373,-0.00019378210708964616
0.002102697268128395,-0.0014613615348935127,-0.002934262389317155,-0.0011172788217663765,-0.001640286878682673,-0.001525736297480762,0.00016024203796405345,-0.000782108458224684
0.00026831551804207265,-0.0011462719412520528,-0.0012706512352451682,-1.9100262704796478e-08,-0.0003674514882732183,-0.001764219719916582,-0.00027945113833993673,-0.002592043951153755
-0.001982236048206687,-0.0006324199493974447,0.0028297072276473045,0.00011449081648606807,0.0013269619084894657,-0.0011915431823581457,-4.2383791878819466e-05,-0.0014999909326434135
0.006339685525745153,0.002318703569471836,0.0025121690705418587,0.0013661048142239451,-0.00015951765817590058,0.00018200352496933192,0.0011764407390728593,0.001359619083814323
-0.0007281135767698288,0.0002477300295140594,-0.0020358553156256676,-0.00014103834109846503,0.0009501274907961488,-0.00031046298681758344,-0.00036654717405326664,-0.0010121047962456942
0.00505448505282402,-0.0011274325661361217,0.003531243884935975,-0.0007088418933562934,0.0005974575760774314,0.00014842486416455358,0.0012898350832983851,0.0016530815046280622
0.006308380514383316,-0.004150133579969406,-0.003631540574133396,0.000983772799372673,1.7979770063902833e-06,-0.002883224282413721,0.0013319584541022778,0.0025286234449595213
0.002925779903307557,0.0015664588427171111,0.004350810777395964,0.0016989079304039478,-0.0022173451725393534,0.0019527049735188484,0.001055216183885932,0.0035078981891274452
-0.00692790700122714,-0.00026539587997831404,0.0038050704170018435,-0.0018113915575668216,-7.721375004621223e-05,-0.001720073982141912,0.0006812320789322257,0.0028062525670975447
0.0017973278881981969,-8.318833715748042e-05,0.0016197492368519306,0.002737371250987053,-0.0029651306103914976,0.0013080642092972994,0.0007061244687065482,0.0017433181637898088
0.0022215505596250296,-0.0013707592152059078,-0.003791410243138671,0.0005503493011929095,-0.00024762298562563956,0.0011955348309129477,0.0008882416295818985,0.0005434150225482881
-0.002184932352975011,0.0030060599092394114,-0.001314108376391232,-0.0002578037092462182,-0.0010786742204800248,-0.002167169703170657,-0.0013262084685266018,0.0016826847568154335
0.003047733101993799,-0.0028163304086774588,0.003194557037204504,0.0008628186769783497,0.0011096951784566045,0.0015122838085517287,0.0007653989596292377,0.0010942422086372972
0.0007956166518852115,-0.0009988023666664958,-0.0009541392792016268,-0.0037343434523791075,0.0004705858591478318,0.002556317253038287,0.0034116008318960667,0.002420365810394287
0.0016817625146359205,-0.0010124589316546917,0.002817941829562187,-0.00016179066733457148,-0.0023985356092453003,0.004864046815782785,-0.001356289954856038,0.00363915110938251
-0.0010937921470031142,-0.0018774989293888211,0.0007271362119354308,-0.0038097528740763664,0.00029533193446695805,-0.0016062998911365867,0.0029325769282877445,0.0037047737278044224
0.0006986475782468915,-0.0017805835232138634,0.0025064395740628242,1.7571161151863635e-05,-0.007459907326847315,0.006585944443941116,0.0012604508083313704,0.005352575331926346
-0.000279762753052637,0.0005313705187290907,-0.0005158776184543967,-0.0010372742544859648,0.00023241867893375456,0.0016294558299705386,0.0023307453375309706,0.003630228340625763
0.001933634397573769,-0.0018141695763915777,-0.0017750444822013378,1.7618849597056396e-05,-0.0012776616495102644,0.0035597519017755985,0.00172945496160537,0.0045213415287435055
0.0066266609355807304,-0.0013169609010219574,-0.0002879548992495984,0.001554678427055478,0.0004586534923873842,-0.0008822128875181079,0.007386260665953159,0.006105620414018631
-0.002515404485166073,0.002913352334871888,0.0015890905633568764,5.485571819008328e-05,-0.00031860542367212474,0.00425273273140192,0.0007585132261738181,0.004015389829874039
0.0008997010299935937,-0.0010450778063386679,0.0005419249646365643,0.0015916835982352495,0.001096357824280858,-0.0013372818939387798,0.0028764232993125916,0.004148871637880802
-0.002359767910093069,-0.0005830480949953198,-0.0013739345595240593,0.0015782315749675035,0.0009616738534532487,-0.001618985435925424,0.0003880099975503981,0.0055733839981257915
0.0010334652615711093,-0.0010261819697916508,9.12548421183601e-05,-0.0022968410048633814,-0.0025545391254127026,-0.0025375979021191597,-0.0015375330112874508,0.00719744386151433
0.0020474842749536037,-0.0009136250009760261,-0.003380334470421076,0.0001524132239865139,0.0015158451860770583,-0.002923388499766588,-0.0003002932062372565,0.005984655115753412
0.008114423602819443,0.005878511816263199,0.006047011818736792,0.004852551035583019,0.0030833969358354807,0.0009598910692147911,0.00034107716055586934,0.009833022020757198
0.006612734403461218,0.0014275696594268084,0.004606063477694988,-0.000753388274461031,0.0040791695937514305,0.00032219820423051715,0.001328225014731288,0.00603457260876894
-0.0038160807453095913,-0.00033584277844056487,0.0003610408748500049,-0.0006314905476756394,-0.0005851521855220199,-0.0012899779248982668,-0.0006330580799840391,0.0035351929254829884
-5.5919328588061035e-05,0.001295153982937336,0.0016705143498256803,0.0009843438165262341,8.879890629032161e-06,-0.002608644077554345,0.0006748518208041787,0.007722425274550915
-2.020695319515653e-05,-0.0013195999199524522,-0.003392120823264122,0.0005725398077629507,-0.0009990674443542957,-0.0017734015127643943,-0.00022483212524093688,0.0065149604342877865
0.0013188272714614868,0.00023198487178888172,-0.003179295687004924,-0.00022527015244122595,-0.0006443451275117695,-0.0005900895339436829,-0.00036860426189377904,0.0025589382275938988
-0.0063619487918913364,0.0017535038059577346,0.004328786861151457,0.0014506455045193434,0.0010048775002360344,-0.000577146012801677,0.0013556829653680325,0.00804956816136837
-0.0062719788402318954,0.004306573420763016,0.0017029190203174949,-0.0002973517111968249,-0.0005207787617109716,-0.00011922533303732052,-0.00035593740176409483,0.0033725982066243887
-0.0002672347764018923,0.0028316392563283443,-0.005271404981613159,-0.0001746583729982376,-0.00022546468244399875,-0.00012706712004728615,0.00014935983926989138,0.0026261399034410715
0.0013837723527103662,0.00030007294844835997,-0.0030495026148855686,-0.0013159591471776366,-0.00043014041148126125,0.000314411154249683,0.0014470231253653765,0.0015530367381870747
0.0026431509759277105,-0.0001088788194465451,-0.002514634747058153,0.0007508625858463347,0.003287389874458313,-0.0037763984873890877,0.00191112223546952,0.0025400379672646523
0.006301036570221186,0.004079141654074192,0.002003076719120145,0.0019328302005305886,0.005456804763525724,-0.0014319426845759153,0.002205751370638609,0.003652361687272787
-0.003239926416426897,0.0022338642738759518,0.0038225739262998104,0.00022371506202034652,2.3616297767148353e-05,-0.0022604521363973618,-0.00029705429915338755,0.0013564632972702384
0.0033249782864004374,-0.0007418953464366496,0.002142212586477399,0.0030886016320437193,-9.537315781926736e-05,-0.0018695528851822019,0.0018953297985717654,0.001777007826603949
0.0014161155559122562,-0.0004994835471734405,-0.0023635877296328545,-0.000842337729409337,0.0014186978805810213,0.003085441654548049,-0.0005134825478307903,-0.0005053689819760621
-0.001100622583180666,0.0011034396011382341,-0.0003019399882759899,-0.0012872181832790375,-0.001544108265079558,0.0002842928224708885,-0.0005259740864858031,-0.0005106506869196892
0.00333156855776906,-0.00037508626701310277,0.0037820294965058565,0.0009310857858508825,0.0026757316663861275,-0.0010615041246637702,0.0013943244703114033,0.002634167904034257
-0.002031282987445593,-0.0013583643594756722,-0.001790558104403317,0.0005330855492502451,3.6792553146369755e-05,-0.0013930827844887972,-0.0008518415852449834,0.0007468852563761175
-0.0011043595150113106,-0.00047165711293928325,0.0001478929480072111,-0.0010201447876170278,-0.0013267685426399112,-0.0012371414341032505,-0.000549662800040096,-8.436667121713981e-05
0.0015934323891997337,0.0003467243514023721,-0.0028028562664985657,0.0005706783849745989,0.0017696641152724624,-0.0020429017022252083,0.0010389876551926136,0.0005463731940835714
-0.0011746749514713883,-0.0005575668183155358,-0.003165297908708453,-0.0005254563293419778,-0.0010877327295020223,-0.0024651698768138885,-0.000559950596652925,-0.0012801873963326216
0.0027786027640104294,-0.0017600459977984428,0.0020450688898563385,-0.003384971059858799,0.0012836052337661386,-0.0024779054801911116,0.0007934719324111938,0.0005633360124193132
-0.0009510742384009063,-0.0012921551242470741,-0.004132726229727268,-0.000688370259013027,-0.0001779773156158626,-0.001356034423224628,-0.0015384623548015952,-0.00035725347697734833
2.0880910597043112e-05,-0.0019177478970959783,0.0013335308758541942,-0.0007122050737962127,-0.002315222518518567,-0.002292306162416935,0.00040217305650003254,-0.0006961130420677364
0.0051905810832977295,0.002173125743865967,2.2814449039287865e-05,2.786599361570552e-05,0.0021129492670297623,-0.0007992833852767944,0.0005872538895346224,0.000854862853884697
0.00020465682609938085,-0.0009700848022475839,-0.002117890864610672,-0.0006353231729008257,-0.0006969020469114184,-0.001282367156818509,-0.00023817924375180155,-0.0022122799418866634
-0.005549141671508551,-0.0013877820456400514,-0.00031714033684693277,-0.0003772416093852371,-0.0006251516751945019,-0.0006530320388264954,-0.002560896798968315,-0.0011427137069404125
0.00206032139249146,-0.0005557357799261808,0.0007266306784003973,0.0007126160198822618,0.0005416593048721552,-0.00192559277638793,3.6557521525537595e-05,0.0014104287838563323
-0.0014519839314743876,-0.0008553480147384107,-0.0021694102324545383,-0.0001752572861732915,-0.0008113880176097155,-0.002423103665933013,-0.0005281490739434958,-0.0001921204529935494
0.002412714995443821,-0.0016975391190499067,0.0013781695161014795,-0.002509600482881069,0.0011857409263029695,-0.0029608902987092733,0.0010379875311627984,0.0013525164686143398
-0.002293408615514636,-6.101088729337789e-05,-0.002707689767703414,-0.0013447755482047796,-0.0013588744914159179,-0.0008323678630404174,-0.0011090142652392387,-0.0016616795910522342
-0.0039878906682133675,-0.000946124317124486,-0.00032628391636535525,-0.003383992938324809,0.0012144072679802775,0.0023925246205180883,-0.0007570104207843542,-0.005804781801998615
-0.0023543064016848803,-0.0008524936274625361,-0.0025760435964912176,-0.00047701504081487656,-0.002440943382680416,-0.001823356025852263,-0.002744193421676755,-0.002353901509195566
0.0012582719791680574,0.0016900369664654136,-0.00509160989895463,-0.0009140942711383104,-0.0003786045708693564,0.003267342457547784,0.0013525034300982952,-0.007580386009067297
-0.001589709660038352,-0.0007355699199251831,-0.001958430279046297,-0.0006221081130206585,-0.0007197560626082122,-0.0015327223809435964,-0.002327927388250828,-0.005355680361390114
0.0024181061889976263,-0.0005330885760486126,-0.0009834995726123452,-0.0012498137075453997,0.0025178450159728527,-0.00028924510115757585,-0.003755349898710847,-0.005456645507365465
0.0012917504645884037,-0.0016207766020670533,-0.0038011602591723204,0.0004384751955512911,0.0004886763636022806,-0.0012902675662189722,-0.0012383119901642203,-0.006271963007748127
-0.0035636385437101126,-0.00019455634173937142,0.0007181085529737175,-0.0003071836254093796,-0.0010941296350210905,-0.0008561385911889374,-0.003474750556051731,-0.004337368533015251
0.005233115516602993,0.0011777719482779503,0.003739049658179283,0.0013945333193987608,0.0011096281232312322,-0.0010096559999510646,-0.0024046346079558134,-0.0012759612873196602
-0.0015493725659325719,-0.0007716219406574965,-0.0024881416466087103,-0.0004950533621013165,0.00052673026220873,-0.001758200814947486,-0.0019437649752944708,-0.0032905875705182552
0.0010634367354214191,-0.0017430853331461549,0.0008339775959029794,-0.0014179180143401027,-0.0010671723866835237,-0.001738893217407167,-0.00028834413387812674,-0.005263780243694782
0.0022587317507714033,0.0006671164301224053,-0.004877391736954451,0.0007842740160413086,0.0031955891754478216,-0.0011836191406473517,0.0007148151635192335,-0.0037470299284905195
-0.0012634971644729376,0.0020784682128578424,-0.0013332064263522625,0.000603853608481586,0.0002063260762952268,-0.001611984334886074,-0.0005435396451503038,-0.0025471500121057034
-0.0046487245708703995,-0.002061675302684307,-0.0011099429102614522,-0.00015904419706203043,0.0007516757468692958,-0.00038675873656757176,-0.0021248983684927225,-0.003921546507626772
-0.0012587481178343296,0.001018598908558488,-0.001573836081661284,-0.001566850347444415,-0.0011253186967223883,-0.0025570071302354336,-0.002457966096699238,-0.002942019375041127
-0.0020191369112581015,0.0008029596647247672,-0.003405146300792694,-0.001660460140556097,-0.0008394914329983294,0.001664741081185639,0.0012681633234024048,-0.008782975375652313
-0.0015054091345518827,-0.0017529282486066222,-0.0008875671774148941,-0.0010451641865074635,-0.0011111664352938533,-0.0020634192042052746,-0.001901082112453878,-0.005355517379939556
-0.0027869888581335545,-0.0006091904942877591,-0.0032571256160736084,0.0004310539225116372,-0.0005415318883024156,0.00026206771144643426,-0.003111537080258131,-0.0060089994221925735
-0.0030610773246735334,-0.0012322483817115426,-0.0010942538501694798,-0.0014408082934096456,-0.0007534498581662774,-0.0012183490907773376,-0.0017390953144058585,-0.005741945002228022
0.0004756039706990123,-0.00016281389980576932,-0.003067446406930685,0.00013948891137260944,0.002903522225096822,-0.002002215478569269,-0.0013147173449397087,-0.005457589402794838
0.0005078275571577251,5.270725887385197e-05,-0.003139631822705269,0.0017397623741999269,-0.0010353882098570466,-0.0024193325079977512,-0.00016419826715718955,-0.00487911282107234
0.0034536169841885567,0.0003722572582773864,0.0034906906075775623,-0.002233619336038828,0.00032105870195664465,-0.0021502382587641478,-0.002112114802002907,-0.003621425712481141
-0.0039777751080691814,-0.00017929122259374708,-0.00025486413505859673,-0.001515312003903091,-0.0014925416326150298,-0.0008301510824821889,-0.0019502162467688322,-0.002611192874610424
0.0023955577053129673,-0.0017879009246826172,0.0018507243366912007,6.942251638974994e-05,-0.0014860887313261628,-0.0009968207450583577,-0.0003501804603729397,-0.0023350687697529793
-0.0008352097356691957,-0.0009902991587296128,-0.002636403078213334,-3.125345756416209e-05,7.630217442056164e-05,-0.0016561135416850448,-0.0014129074988886714,-0.0021200270857661963
-0.0032509115990251303,-0.0008517264504916966,0.00010752448724815622,-0.001392636331729591,-0.0005353189189918339,0.0001657095563132316,-0.00015467680350411683,-0.006461622193455696
0.0013678178656846285,0.0016987614799290895,-0.0016313819214701653,-5.077706009615213e-05,0.0006898429710417986,-0.001405544695444405,-0.0008097902173176408,-0.004832439590245485
-0.0010335412807762623,-0.001431105425581336,-0.004278415348380804,-0.0013992729363963008,-0.0015226532705128193,-0.0004803402698598802,-0.0011011107126250863,-0.005150446202605963
0.0024884368758648634,-0.000633580086287111,-0.0005718730390071869,-0.0010168609442189336,0.00287330592982471,-0.0032541609834879637,0.0008941229316405952,-0.004543577320873737
0.0033750056754797697,-0.001639557653106749,-0.003251968650147319,0.00014800748613197356,0.0028319046832621098,-0.00131328369025141,3.3810905733844265e-05,-0.004840795882046223
-0.005442226305603981,-0.0005547942128032446,-0.00023440470977220684,-0.00043277975055389106,-0.0011977923568338156,-0.0016971301520243287,-0.002434142865240574,-0.0039146956987679005
-0.006550979800522327,-0.00014846003614366055,-0.0002136125840479508,-0.00027592942933551967,-0.0010682925349101424,-0.00028539891354739666,-0.003193088574334979,-0.005808139219880104
0.0009163633221760392,0.0008916143560782075,-0.003753941273316741,6.638700142502785e-05,-0.0008727805106900632,-0.0022283620201051235,-0.0013537247432395816,-0.0053675551898777485
0.00073330505983904,-0.001079590292647481,-0.0019430832471698523,-0.0003274883783888072,2.0744057110277936e-05,-0.0002548739721532911,-0.0011961052659898996,-0.002791846403852105
-0.0002998250420205295,0.0013569785514846444,-0.0008794628083705902,0.0005025138962082565,-0.0004383084597066045,-0.001987593248486519,-7.658120011910796e-05,-0.003308519721031189
-0.0019860456231981516,-0.0017406177939847112,0.0005402489914558828,6.942344043636695e-05,0.001832036767154932,-0.0014551500789821148,-0.0009476841078139842,-0.0011959014227613807
0.00024328332801815122,0.00193418946582824,0.00033933494705706835,-0.0025271379854530096,5.767116817878559e-06,0.0007845580694265664,2.524782985346974e-06,-0.0004924206295982003
9.263013635063544e-05,-0.002814727369695902,-0.0004818392626475543,-0.0010222052223980427,-0.004690381698310375,0.0023856209591031075,-0.00019774114480242133,-0.0010283258743584156
-0.0004340008308645338,0.0019313553348183632,-0.0020665586926043034,0.0006378371035680175,-0.00034860867890529335,-0.001696061808615923,-0.0008524502627551556,0.0002083288854919374
-0.002991195535287261,-0.0032115119975060225,-0.0013517847983166575,-0.000770695332903415,0.0007791995885781944,-0.0014238394796848297,-0.001331298379227519,-0.0004364837659522891
-0.0013277303660288453,0.002274866448715329,-0.0005716384039260447,-0.002483067335560918,-0.0014376303879544139,-0.001446220907382667,1.7637461496633478e-05,-0.0007832525880075991
-0.0011400082148611546,-0.0011497337836772203,-0.0026924472767859697,-0.001904057222418487,-0.0030503319576382637,-0.0017242057947441936,-0.0012810049811378121,-0.0033425784204155207
0.0009288470610044897,-0.000159454473759979,-0.001687517506070435,-0.0005943249561823905,0.0018727981951087713,-0.0011276713339611888,0.0003518603334669024,-0.001503081526607275
-0.005113780032843351,-0.0010494316229596734,-0.0016467106761410832,0.0004279305867385119,-0.0003558870521374047,0.001672843238338828,-0.00235709804110229,-0.003750989679247141
-0.002069626934826374,-0.000431587832281366,-0.00011118653492303565,0.00032034912146627903,0.0006821885472163558,-0.0016578563954681158,0.000170190425706096,-0.00018534842820372432
-9.948293882189319e-05,0.003795321797952056,-0.002376633696258068,0.0009883249877020717,-0.0013631252804771066,-0.002624564804136753,0.00022292036737781018,-0.0006548381643369794
-0.0021786242723464966,-0.004797101486474276,-0.004145100712776184,-0.0024245944805443287,-0.0005993000813759863,-0.0009695120388641953,-0.0015488925855606794,-0.001140162697993219
-0.0016505930107086897,-0.000621176790446043,-0.00409759720787406,-0.005557863041758537,-0.001877136412076652,-0.001093685976229608,-0.00456951092928648,-0.0009910771623253822
0.0006639159983024001,-0.00024864645092748106,-0.003298429772257805,-0.0029962477274239063,-0.003122144378721714,-0.00019002285262104124,0.0017694884445518255,-0.004862091038376093
-0.0026533117052167654,-0.0017159768613055348,-0.0006939068553037941,-2.961983955174219e-05,-0.0025186387356370687,-0.0024736940395087004,-0.0013467128155753016,-0.002781638875603676
-0.005265993531793356,7.10598033037968e-05,-0.0022243624553084373,0.0008699082536622882,-0.0009619101765565574,0.0024152782279998064,-0.0017319524195045233,-0.004450916312634945
-0.003925114870071411,-0.003180314553901553,-0.0032239388674497604,-0.0022173942998051643,0.0018837577663362026,-0.002975691808387637,-0.0014740746701136231,-0.002026486909016967
-0.002114302245900035,0.0009210341959260404,-0.0025578567292541265,0.0013131479499861598,-0.0003236977499909699,0.0007856118609197438,-0.000731608655769378,-0.0033442871645092964
-0.0009729121811687946,-0.0036314993631094694,-0.0007400883478112519,-0.0029870939906686544,-0.0005258912569843233,-0.0011641739401966333,-0.0026803205255419016,-0.0038101670797914267
-0.002142606768757105,-0.0004638131649699062,-0.0028421429451555014,-0.0011728378012776375,-0.0018523941980674863,-0.0007016097661107779,-0.004523370414972305,-0.0031116188038140535
0.0008137830882333219,0.00029444252140820026,-0.0011615658877417445,-0.002691742265596986,-0.0005522574065253139,0.002081442391499877,-0.0023254635743796825,-0.008727042935788631
0.0023825205862522125,-3.70930356439203e-05,-0.00298682670108974,0.0004938790225423872,0.0018429799238219857,0.00025840193848125637,-0.0030911497306078672,-0.00616588955745101
-0.0038016578182578087,-0.0006078454316593707,-0.00149849324952811,-0.00030442638671956956,-0.0007139010122045875,-0.00048316075117327273,-0.002230461221188307,-0.006691926158964634
0.00020510522881522775,-0.0009167187381535769,0.0012273528845980763,-0.00030146693461574614,-8.59041974763386e-05,0.00021356510114856064,-0.004829879384487867,-0.007244859356433153
0.0007164366543292999,-0.00028889477835036814,-0.005201118532568216,-0.00048246089136227965,-0.0009281408856622875,-0.0019364343024790287,-0.0020261830650269985,-0.005475454963743687
-0.0037132096476852894,0.0004709796921815723,-0.0013684156583622098,-0.0001350402453681454,-0.0007678151014260948,-0.0015498049324378371,-0.0013808048097416759,-0.0055455053225159645
-0.005197239574044943,-0.002157525159418583,-0.0004685953026637435,0.00010305527393938974,-0.0019230752950534225,0.0002849007723852992,-0.0034490192774683237,-0.005621299613267183
0.0002582719607744366,0.00016838088049553335,-0.004208534024655819,6.409747584257275e-05,-0.00024606517399661243,-0.0013273878721520305,-0.0013921924401074648,-0.003692226717248559
0.0007158209336921573,0.004042124375700951,-0.0015337348449975252,0.0018816223600879312,0.0013391614193096757,-0.0009730066522024572,-0.000652636750601232,-0.002266575815156102
-0.0036843314301222563,-0.00048773695016279817,-0.0005517287645488977,-0.001284009194932878,0.000248541560722515,-0.000977379735559225,-0.0014251534594222903,-0.007673295214772224
-0.00420715706422925,0.0008793811430223286,-0.00011293001443846151,-0.002106443978846073,-0.002472373191267252,-0.0007399104651995003,-0.004849724005907774,-0.002417472656816244
-0.00029463236569426954,-0.0025600737426429987,-0.0024033181834965944,-0.0006624228553846478,-0.002271157456561923,-0.0017586681060492992,-0.0008345895330421627,-0.00501162838190794
0.0017995130037888885,-0.001174546661786735,-0.003619021736085415,-0.0008373123127967119,-0.0006283428519964218,-0.0021261931397020817,-0.0008430393063463271,-0.005154325161129236
0.0033759265206754208,-0.001967791933566332,0.00046739724348299205,-0.0022889517713338137,0.002308968920260668,-0.001690270146355033,-0.00011693833221215755,-0.00592998368665576
-0.006600722670555115,-6.917249265825376e-05,0.0021147325169295073,-0.00017720003961585462,-0.00010835042485268787,-0.001143587869592011,-0.0021621128544211388,-0.0037482846528291702
-0.0058741080574691296,0.0009383595897816122,-0.00042137582204304636,0.0004400414472911507,-0.0006788045866414905,-0.0015644101658836007,-0.002656984841451049,-0.0038126951549202204
-0.0001517694618087262,-0.0003386974276509136,-0.0028537691105157137,0.0010303558083251119,-0.0002905760193243623,-0.002061359817162156,-0.0007236993405967951,-0.004751207772642374
0.0005666170618496835,0.002021200256422162,-0.004868302959948778,-0.0015033143572509289,-0.0011873984476551414,0.0019371523521840572,0.0014422886306419969,-0.0069917356595396996
-0.003176575293764472,-0.0012112460099160671,-0.0016788942739367485,-0.000566598551813513,-0.0011469846358522773,-0.0017977452371269464,-0.001507236622273922,-0.004324296489357948
0.0018926963675767183,-0.0005039512179791927,-0.0008921452099457383,-0.0006772648775950074,0.0026740378234535456,-0.002903673565015197,0.0005847740103490651,-0.0025709038600325584
-0.0006083784392103553,-0.0011247536167502403,-0.003976356238126755,0.0006981545593589544,0.00028062183992005885,-0.0010040857596322894,-0.0006232067826204002,-0.004073841497302055
-0.0013330091023817658,-0.0014704189961776137,0.0005855185445398092,-0.000859006424434483,0.0004833180573768914,-0.0003337417438160628,-0.0028714456129819155,-0.005540830548852682
0.00773999746888876,0.0026717418804764748,0.000762725539971143,0.0005722535424865782,0.0025669503957033157,-0.000859997293446213,-0.0012368651805445552,-0.0012977643636986613
-0.0001906792022055015,-6.602471694350243e-05,-0.0022230942267924547,-0.00032468471908941865,4.8782738303998485e-05,-0.001523017417639494,-0.0004787535290233791,-0.0028947333339601755
-0.007425237912684679,-0.0019970491994172335,-0.0006372476345859468,-0.0009219817002303898,-0.0011276314035058022,0.0005439435481093824,-0.0029898874927312136,-0.005587414372712374
-0.000346985092619434,0.0027539271395653486,0.00015255805919878185,-0.00031500429031439126,0.00012525549391284585,-0.00017401817603968084,-0.0033423411659896374,-0.004500902723520994
-0.0013264577137306333,-0.0003892492095474154,-0.005818322766572237,-0.0005273509887047112,-0.0009511219104751945,0.0008908176678232849,0.0005241253529675305,-0.005405507516115904
2.141382992704166e-06,-0.0009517385042272508,-0.001188207883387804,-0.002428301377221942,0.0008719413890503347,-0.0021603291388601065,-0.0009258211357519031,-0.005428995005786419
-0.0023294277489185333,0.00010863124043680727,-0.002111559733748436,0.000542870897334069,-0.001361859729513526,-0.000560595712158829,-0.001133098267018795,-0.005200501531362534
-0.0014473103219643235,-0.0022884104400873184,-8.150067878887057e-05,-0.0013418475864455104,0.00044691257062368095,0.00041609135223552585,-0.0035044578835368156,-0.005253121256828308
0.002848890144377947,0.0009170156554318964,-0.006934902165085077,-0.00036835699575021863,0.0016710365889593959,-0.001670179539360106,-0.0010291235521435738,-0.0037401667796075344
0.0012466341722756624,-0.0009576395386829972,0.00033376648207195103,-0.00011887543223565444,0.0015370170585811138,0.005347658880054951,-0.0001218712204718031,-0.001529795816168189
2.761275027296506e-05,-0.00016779341967776418,0.0010837025474756956,0.0014994292287155986,-0.0027300172951072454,-0.0007877207826822996,-0.0003965051146224141,-0.0024092646781355143
-0.007883147336542606,-0.000621274346485734,0.004297677427530289,0.00022564087703358382,0.0006266196141950786,-0.0019096576143056154,-0.001216071075759828,-0.003438419196754694
0.0010436666198074818,0.003065805183723569,0.0007833651616238058,-0.008948435075581074,0.0034809017088264227,0.004033613484352827,0.0030863455031067133,-0.001408217241987586
0.0004373960546217859,-0.002257242100313306,-0.0015227696858346462,-0.0005807140260003507,-0.002441415563225746,0.001169272931292653,-0.0003961549373343587,-0.0018070082878693938
-0.001927589881233871,-0.0015416506212204695,-0.00263293762691319,-0.0015251372242346406,-0.0008342625224031508,-0.00107922765891999,-0.00033591690589673817,-0.0017205835320055485
-0.0008765172096900642,-0.0009520689491182566,0.0006497821304947138,-9.533414413454011e-05,-0.0004988969885744154,-0.002563031855970621,0.0011050382163375616,0.0002808501885738224
-0.00434593390673399,0.0009201914072036743,-0.0022407379001379013,-0.0004336240526754409,0.00042315968312323093,-0.0005753489676862955,0.00033113217796199024,-0.0010668589966371655
-0.0003357592213433236,-0.00132769497577101,-0.0016530719585716724,-0.001969275064766407,-0.0018530040979385376,-0.0023493526969105005,0.0006327570881694555,-0.0014806723920628428
-3.260856829001568e-05,-0.0018533766269683838,-0.004956502933055162,5.9949306887574494e-05,0.001720497035421431,0.0005259426543489099,4.711719157057814e-05,-0.0016185385175049305
-0.002967841224744916,-0.001397999469190836,0.0007054638699628413,-0.00024344217672478408,0.000508544675540179,0.0020253495313227177,-0.0016843420453369617,-0.002983987098559737
-0.0004692495276685804,-8.476032962789759e-05,2.2967788027017377e-06,-0.0001595573703525588,-0.0011812583543360233,0.00019152683671563864,-0.0032700926531106234,-0.002009251620620489
-0.003112040227279067,-0.0011426465352997184,-0.002728062681853771,-0.0006271698512136936,-0.0007264782325364649,0.0001004042278509587,-0.0006208373233675957,-0.004099859390407801
-0.0024686974938958883,-0.0030847524758428335,-0.0007628103485330939,-0.0021341959945857525,0.00035317466245032847,-0.0021366504952311516,-0.00147618493065238,-0.000808057957328856
-7.470838318113238e-05,0.0025090265553444624,-0.002780159004032612,0.0010304063325747848,-0.0012323928531259298,-0.0027975947596132755,0.0004987457650713623,-0.0006559470202773809
-0.00205832626670599,-0.004415140021592379,-0.0016193230403587222,-0.0016561474185436964,-0.00013490839046426117,-0.00037788544432260096,-0.0012644908856600523,-0.0011166069889441133
-0.0029483328107744455,0.00015385473670903593,-0.002692784182727337,-0.0034696755465120077,-0.0019523281371220946,-0.0010001813061535358,-0.003940106835216284,-0.0017259079031646252
-0.0009373378707095981,-0.0018418596591800451,-0.002887113718315959,-0.002453730907291174,-0.004787795711308718,-0.001894989050924778,-0.0004248307959642261,-0.0025169947184622288
-0.0037670498713850975,-0.000370828463928774,-0.00232813716866076,0.0009502910543233156,-0.0001836630399338901,0.001793749281205237,-0.001075985375791788,-0.0020191397052258253
0.0010339105501770973,-0.002127662766724825,0.0017646545311436057,-0.0019203458214178681,0.001987036084756255,-0.0028256515506654978,0.0004379223973955959,0.00024085758195724338
-0.0007239546393975616,6.584430138900643e-06,-0.002539387671276927,-0.00030881501152180135,-0.001501640072092414,-0.0020362078212201595,-0.0005481491098180413,-0.004675983916968107
0.0008263896452262998,-0.002824336290359497,0.00010497734183445573,-0.0026852660812437534,-0.00030438846442848444,-0.0010984339751303196,-0.0014480329118669033,-0.005716427695006132
6.993757415330037e-05,0.0004928336129523814,-0.004912500735372305,-0.0011693326523527503,-0.00035232174559496343,-0.001315588946454227,-0.0018075149273499846,-0.003327511018142104
-0.0003286695573478937,-0.0014616830740123987,-0.001223059487529099,-0.0017175156390294433,-0.0018075346015393734,-0.0020632389932870865,0.0003644714888650924,-0.005518615245819092
0.004516337066888809,0.0011549859773367643,0.0006591266137547791,-2.5425055355299264e-05,0.002168102655559778,-0.0014366306131705642,-9.817956743063405e-05,-0.004687233828008175
-0.0007521964726038277,-0.0010343267349526286,-0.002562635811045766,-0.0004904217203147709,-0.000832621764857322,-0.002481945790350437,-0.0009115178254432976,-0.004357880912721157
-0.0023564978037029505,-0.0013271321076899767,0.0002781704533845186,-0.0009593511931598186,-0.0003777467936743051,-0.0006936740828678012,-0.001977413659915328,-0.00506983557716012
-0.004625445697456598,-0.0002853685582522303,-0.0014286231016740203,-0.0005016517825424671,-0.0007528570131398737,0.00011884491686942056,-0.00233223894611001,-0.004686496686190367
0.0001651483471505344,0.0008022247347980738,-0.0022501731291413307,-0.0011403989046812057,-0.0006790514453314245,-0.0006950729293748736,0.0001930320286192,-0.006140616722404957
0.0007633452769368887,-0.0010910161072388291,-0.0033422710839658976,-0.0002760157221928239,0.0005083815776742995,-0.0025164729449898005,-0.0011594925308600068,-0.0038170928601175547
-0.0007111270097084343,0.002226179698482156,-0.001818802091293037,0.001337365247309208,-0.000249730161158368,-0.002369854599237442,0.0003782782005146146,-0.003683124203234911
0.00643567368388176,-0.00226616021245718,0.0023268372751772404,-0.0007910131826065481,0.00408934848383069,-0.0008612622041255236,0.001017262227833271,0.0004461411153897643
-0.0006386019522324204,-0.0005881977267563343,-0.0021094747353345156,-0.003493676893413067,-0.0020475948695093393,-0.0013042177306488156,-0.0014327436219900846,-0.001784952008165419
0.0017425938276574016,-0.003206881694495678,0.0029172012582421303,-0.0029303471092134714,-0.0024000792764127254,-0.0012648524716496468,0.0005634852568618953,-0.003301386721432209
-0.0037991891149431467,-0.00028227578150108457,-0.002138738287612796,-0.0018993625417351723,-0.0019452684791758657,-0.0009597865282557905,-0.0032629433553665876,-0.0018392882775515318
0.0011104024015367031,0.00015637757314834744,0.00024377541558351368,-0.0020896277856081724,-0.0016484117368236184,-0.0004168929299339652,0.0021185248624533415,-0.005802153144031763
0.0008897549705579877,0.00036777567584067583,-0.0064407829195261,-0.0005050453473813832,0.00024896967806853354,-0.0013084913371130824,-0.0008980087004601955,-0.0035444984678179026
0.00011655819253064692,-0.0011777386534959078,-0.0030664820224046707,-0.001424914924427867,-0.0011820648796856403,-0.0012416336685419083,-0.00022392827668227255,-0.00483660725876689
0.0037740925326943398,0.0013105428079143167,-0.00019244590657763183,0.0012585828080773354,0.004205415491014719,-0.003257735865190625,0.0009433198138140142,-0.002270712051540613
0.005531847942620516,0.0003090827667620033,0.0007946381811052561,2.110523018927779e-05,0.0016445907531306148,-0.0011498956009745598,0.00021448406914714724,-0.0037710729520767927
-0.001818591495975852,-0.0003346604062244296,9.614357986720279e-05,-9.836287063080817e-05,-0.0010834545828402042,-0.002048867754638195,-0.0007811256218701601,-0.002766777528449893
-0.006853599101305008,-0.0014316871529445052,-9.041532030096278e-05,-4.973881004843861e-05,-0.00101406907197088,-0.0004029945994261652,-0.003146963194012642,-0.004150820896029472
0.001246679457835853,0.0013110156869515777,-0.002159741474315524,0.00029222603188827634,-0.0003550433611962944,-0.0021366418804973364,-0.0008718006429262459,-0.004303596448153257
-0.0005314743029884994,-0.001404068199917674,-0.004659100901335478,-0.001001237891614437,-0.001549099339172244,-0.0013800160959362984,-0.0003171633870806545,-0.00416870042681694
0.0028736076783388853,-0.00017336956807412207,0.0003246605338063091,-0.001013419358059764,0.0027151377871632576,-0.003216076409444213,0.001171030686236918,-0.003631776897236705
-0.0021723804529756308,-0.0007260625134222209,-0.002522388705983758,-6.699156801914796e-05,-0.00040568842086941004,-0.0011218759464100003,-0.0012781393015757203,-0.0038143207784742117
0.0018825589213520288,-0.001210470451042056,0.0029569396283477545,-0.001137178624048829,0.00013909413246437907,-0.002348819747567177,0.0011341983918100595,-0.002695404924452305
0.005875829607248306,0.00036914914380759,-0.0041878605261445045,0.0007145751151256263,0.0013450984843075275,-0.0010144360130652785,0.0009873370872810483,-0.001250670524314046
0.0033768517896533012,-0.0009632333531044424,-0.00038019404746592045,-9.030260116560385e-05,-0.0011094992514699697,0.0007723204325884581,2.3457298084395006e-05,-0.0015332649927586317
-0.005408562254160643,0.002044466556981206,0.0022519584745168686,-0.00035441250656731427,-0.0009725525160320103,-0.001592456828802824,-0.0014524630969390273,-0.00212386273778975
-0.006722637452185154,0.0007446345407515764,-0.0009567484958097339,0.0007639641989953816,-0.00021673001174349338,-0.0018268654821440578,-0.0031933176796883345,-0.0026179018896073103
0.0008512890199199319,0.0001083782481146045,-0.0028997245244681835,0.001537406467832625,0.0006013603415340185,-0.0012718490324914455,-0.0006786101148463786,-0.0029140813276171684
-0.000812933431006968,-0.0017253495752811432,-0.004352445248514414,-0.0023280479945242405,-0.002979537006467581,-0.0010960237123072147,-0.0011775853345170617,-0.0035659221466630697
0.0025482531636953354,-0.00014174832904245704,-0.0008896584622561932,-0.0005038802046328783,0.0037619667127728462,-0.004325609654188156,0.0010103442473337054,-0.0010070145362988114
-0.001741477521136403,-0.0003531622642185539,-0.0021950439549982548,0.00031211835448630154,0.00028011598624289036,-0.0016658485401421785,-0.0006564687937498093,-0.002007985021919012
0.007071035914123058,-6.790967745473608e-05,0.004997387062758207,-0.00012659342610277236,0.0020175136160105467,-0.0004631105111911893,0.0016805093036964536,0.0011887651635333896
0.0007031362620182335,-0.002388137625530362,-0.0021597801242023706,-0.000827377603854984,-0.001273578149266541,-0.00019712478388100863,-0.0005461209802888334,-0.0003851025248877704
0.0007178701343946159,-0.0009038897696882486,0.001729829702526331,-0.0003215325123164803,-0.0016796326963230968,-0.00030022201826795936,0.0002446368453092873,-0.0010792856337502599
-0.00562273571267724,-0.0009487835341133177,-0.0003451294032856822,-0.0016893873689696193,-0.0015921364538371563,-0.000773959734942764,-0.0019266670569777489,-0.0014465204440057278
-0.0006154056754894555,-0.001914143213070929,-0.0004165070131421089,-0.0006328458548523486,-0.004231229890137911,-0.0015913723036646843,-0.00027334841433912516,-0.0024770605377852917
-0.0011162074515596032,-0.0005371292936615646,-0.002991441870108247,-4.8612142563797534e-05,-0.00048072784557007253,-0.0017182533629238605,-0.0002596307604108006,-0.0016807356150820851
-0.0029678980354219675,-0.003857880597934127,-0.000965495128184557,-0.004140492063015699,-8.70864896569401e-05,-0.0015128947561606765,-0.0006212746957316995,-0.001876742229796946
0.0016350424848496914,0.0012020413996651769,-0.005607455503195524,-0.0011856406927108765,0.00028933421708643436,-0.003720714710652828,-0.0004630505573004484,-0.0012725804699584842
-0.0007493200828321278,-0.0006131328409537673,-0.003530906978994608,-0.0003700159431900829,-0.001208357629366219,-0.002760072937235236,-0.00013470224803313613,-0.0017356931930407882
0.0029025671537965536,-0.001123675610870123,0.0017880226951092482,-0.0025349166244268417,0.0022199288941919804,-0.0032455408945679665,0.0012731568422168493,0.0002927876776084304
-0.0034919842146337032,-0.0005259500467218459,-0.0016641777474433184,-0.0009225849062204361,-0.0009684204123914242,-0.0011533597717061639,-0.0016497591277584434,-0.0012196433963254094
0.0018034549430012703,-0.0020046464633196592,0.001200569560751319,-0.0008878667140379548,-0.0005396215128712356,-0.002277437597513199,-0.0011968144681304693,-0.001640358124859631
-0.000414366862969473,-0.0005260357283987105,-0.0043610516004264355,-0.00133896479383111,-0.0013823367189615965,-0.0018026302568614483,-0.0021282436791807413,-0.0024603416677564383
0.0006376067758537829,-0.0012085223570466042,-0.0006507626385428011,-0.002079741330817342,-0.002398812212049961,-0.0020320070907473564,-7.071893924148753e-05,-0.005442120600491762
-0.005169300828129053,-0.0007110147271305323,-0.0010691778734326363,-0.00013995908375363797,-0.0011002555256709456,-0.000540207838639617,-0.0018878886476159096,-0.003312827553600073
-0.0035349191166460514,-0.0004992886097170413,0.000613753218203783,0.0007337461574934423,0.0011365005047991872,0.00263028172776103,0.00039630019455216825,-0.0001371439575450495
0.0006813280051574111,0.0060608889907598495,-0.0015741505194455385,0.0007797410944476724,-0.00040289669414050877,0.0005766052636317909,-0.00024390160979237407,-0.00019042905478272587
-0.002421669429168105,-0.005104954820126295,-0.0023909909650683403,-0.0015237927436828613,-0.0009887011256068945,-0.001571680186316371,-0.0013366681523621082,-0.0012189297704026103
-0.003044837387278676,0.0008253076812252402,-0.0017414852045476437,-0.0062425341457128525,-0.002627378096804023,-0.0010883500799536705,-0.003284087870270014,-0.0004970644949935377
0.0005631197709590197,-0.0017878327053040266,-0.0027135834097862244,-0.0015517452266067266,-0.0049256207421422005,-0.0019102036021649837,0.0001776776771293953,-0.0033171684481203556
0.0008803994860500097,-2.249335011583753e-06,-0.0027033176738768816,-0.00011026310676243156,0.0021647426765412092,0.00012602076458279043,0.0002891655021812767,-0.0029740245081484318
0.00043210090370848775,3.8000060158083215e-05,-0.0018553863046690822,0.0005692343693226576,0.0024748723953962326,-0.0007655657245777547,0.00036938971607014537,-0.0036766142584383488
-0.0030288940761238337,-0.00024078719434328377,-0.0010183161357417703,0.0005329378764145076,0.0006279972731135786,0.0005892172921448946,-0.0015268010320141912,-0.004476631060242653
-0.003808107692748308,0.00023836841864977032,-0.0010181821417063475,-1.774223528627772e-05,0.00013331581430975348,0.0013929319102317095,-0.0016475709853693843,-0.004267057869583368
-0.00032117325463332236,-0.0009696341585367918,-0.0031945749651640654,-0.0016456331359222531,0.0005816375487484038,-0.0013984058750793338,-0.000321234023431316,-0.0044949790462851524
0.00029633002122864127,-0.0007388528320007026,-0.003760306630283594,0.0004220428236294538,-0.00037676290958188474,-0.0009468432981520891,-0.0015955270500853658,-0.00422702357172966
-0.0017905080458149314,-0.001121694571338594,-5.310457345331088e-05,-0.0005429366719909012,0.0004738968564197421,0.0022492697462439537,-0.00270992424339056,-0.004194080363959074
-0.006010128650814295,-0.0010773329995572567,-0.0005270216497592628,-0.00017116955132223666,-0.0017132285283878446,-5.0312228268012404e-05,-0.0016499442281201482,-0.00442616967484355
-0.002506447024643421,-0.0019727819599211216,-0.002412066562101245,-0.001955506158992648,-0.0008780877105891705,-0.0018978099105879664,-0.0022011545952409506,-0.005099868401885033
-0.0013858623569831252,-0.00011922275007236749,-0.002787616802379489,0.0002880121464841068,-0.00036546640330925584,-0.00042682685307227075,-0.001863019773736596,-0.004844438284635544
0.0032284962944686413,-0.0016601699171587825,0.0013685169396921992,-0.005311043467372656,0.00110813498031348,-0.002292787190526724,-0.0023876121267676353,-0.0030166797805577517
-0.0026581177953630686,2.993711404997157e-06,-0.00317728822119534,-0.0007105715340003371,-0.001195441815070808,-0.0006932395626790822,-0.0023469640873372555,-0.0035169036127626896
-0.0037735733203589916,-0.0009888800559565425,-0.0006273117614910007,-0.002054831711575389,0.0005945379380136728,0.0021700472570955753,-0.0016648006858304143,-0.007477657403796911
-0.0025899296160787344,-0.0003874232352245599,-0.002140688244253397,-0.0007693590014241636,-0.001802410464733839,-0.0014218910364434123,-0.003667767159640789,-0.002923624822869897
-0.0017800118075683713,0.0025876560248434544,-0.004756966605782509,-0.0005092027131468058,0.00048117554979398847,0.004977707751095295,-0.0008609846699982882,-0.00912160612642765
-0.0006602334324270487,-0.0021754601038992405,-0.0015153229469433427,-0.0014079276006668806,-0.0010749399662017822,-0.001836762297898531,-0.0036406449507921934,-0.006925040390342474
-0.002375473966822028,-0.0006206882535479963,-0.0020505827851593494,-0.00043436631676740944,-0.001127781579270959,-0.0007552180322818458,-0.004158495459705591,-0.005952108651399612
-0.004400282166898251,-0.0017158602131530643,-0.0009583727805875242,-0.0014328743563964963,-0.0013916940661147237,-3.171907883370295e-05,-0.0042857155203819275,-0.006875545252114534
-0.0037927436642348766,-0.0008721050689928234,-0.00112938042730093,-9.35532443691045e-05,-0.0012386864982545376,-0.0005684359348379076,-0.004371658433228731,-0.005062336102128029
-0.0006304580601863563,-0.0004063505039084703,-0.0024884871672838926,-0.00010212283814325929,-0.00017941622354555875,0.0011372639564797282,-0.004541581962257624,-0.0099694998934865
-0.002008375246077776,-0.0008816467016004026,-0.002268025651574135,-0.000836078601423651,-0.0011129556223750114,-0.0003488956717774272,-0.005275210831314325,-0.0063859992660582066
-0.002246467163786292,-0.0011320384219288826,-0.000817969732452184,-0.0013779151486232877,-0.0015402489807456732,-0.0006269105360843241,-0.005036940798163414,-0.006759209558367729
-0.0034315374214202166,-0.0008680493920110166,-0.0013129300205036998,-0.0003380809212103486,-0.001368150464259088,-0.000598347804043442,-0.0047889333218336105,-0.005308899097144604
-0.0013635852374136448,-0.0014885985292494297,-0.0014894627965986729,-0.0007913453737273812,-0.0009413454681634903,0.00018763641128316522,-0.005528381559997797,-0.008386196568608284
-0.0012434860691428185,-0.0011242046020925045,-0.0025546522811055183,-0.0008941476116888225,-0.0010886220261454582,-0.0003910815285053104,-0.004929144401103258,-0.007818094454705715
-0.003870805259793997,-0.0010672813514247537,-0.0011199854779988527,-0.0013474344741553068,-0.001397180836647749,-0.0003464212641119957,-0.005135522689670324,-0.007281994912773371
-0.0012731122551485896,-0.0017272381810471416,-0.0008732610731385648,-0.000963628466706723,-0.0014171669026836753,-0.0005540619022212923,-0.005730404052883387,-0.007738354150205851
-0.002077002776786685,-0.0008963708532974124,-0.002406434388831258,-0.0006376156234182417,-0.0010207274463027716,-7.697482942603528e-05,-0.00530746765434742,-0.007171657867729664
-0.0004843411734327674,-0.0013385331258177757,-0.0012501993915066123,-0.0013771504163742065,-0.000793194689322263,-0.000295474223094061,-0.004950834438204765,-0.008533044718205929
-0.004032353404909372,-0.000617493293248117,-0.001423373818397522,-0.000693583395332098,-0.0013376951683312654,-0.0005597678828053176,-0.0048934100195765495,-0.005557426251471043
-0.0030356901697814465,-0.001614919281564653,-0.0006287103751674294,-0.0009557234006933868,-0.0011333269067108631,-0.000412014196626842,-0.005811816547065973,-0.007857403717935085
-0.002560469787567854,-0.0007545697735622525,-0.0016083039809018373,-0.0003971936530433595,-0.000888864160515368,-0.00018670631106942892,-0.005591999273747206,-0.006253587082028389
-0.00054741749772802,-0.001363531919196248,-0.0017244172049686313,-0.0016158003127202392,-0.0005040834657847881,-0.0007169445743784308,-0.004527418874204159,-0.007937265560030937
-0.002593683311715722,-0.0005169672658666968,-0.001426223199814558,-0.001264240127056837,-0.0012956128921359777,-0.000606374756898731,-0.005631148815155029,-0.0061983633786439896
-0.0002388909342698753,-0.0019431510008871555,-0.0006947806687094271,-0.0014136061072349548,-0.001390142017044127,-0.0007460192427970469,-0.0055195968598127365,-0.008036182262003422
-0.0034500041510909796,-0.0004435601586010307,-0.0018223641673102975,-0.0003351208579260856,-0.0012223046505823731,-0.0003333084750920534,-0.005102594383060932,-0.005325809586793184
-0.0046747904270887375,-0.002018507570028305,-0.0004682132275775075,-0.0009757962543517351,-0.0009113848209381104,-0.00043185841059312224,-0.0054922462441027164,-0.006612167228013277
5.194091500015929e-06,-0.0007226963061839342,-0.002483871066942811,0.00017511491023469716,-0.000888977141585201,-0.001425677677616477,-0.004559521097689867,-0.005721816327422857
-0.0005960189155302942,-0.001048941514454782,-0.0030745440162718296,-0.000995671027339995,-0.0006521512405015528,-0.0006338265375234187,-0.004297534003853798,-0.007480529136955738
-0.0027712902519851923,-0.0005283061182126403,-0.0005496770609170198,-0.0016560791991651058,-0.001540899625979364,-0.0011292817071080208,-0.004487053956836462,-0.006944074761122465
-0.0018415505765005946,-0.0011756877647712827,-0.0008365194662474096,-0.00010324356844648719,-0.0009641647338867188,-0.0005254626739770174,-0.005588138476014137,-0.00719402777031064
0.00020286852668505162,-0.00118746527004987,-0.0029903969261795282,-0.0005850167362950742,-0.0008922514971345663,-0.0014737321762368083,-0.0039682830683887005,-0.007360149174928665
-0.0007316141854971647,-0.0008399980724789202,-0.0019182211253792048,-0.0007831044495105743,-0.0008652865653857589,-0.0012682494707405567,-0.0029187449254095554,-0.008326874114573002
-0.0033596979919821024,-0.0009799200342968106,-0.0004435288137756288,-0.0007742648012936115,-0.0010549627477303147,9.062077879207209e-05,-0.0040917531587183475,-0.00902263168245554
-0.0036642735358327627,-0.0009118249290622771,-0.0010384204797446728,-0.00014988637121859938,-0.0011628343490883708,-0.0007118026842363179,-0.005357852205634117,-0.006244146265089512
-0.0017913237679749727,-0.0031439585145562887,-0.0029503991827368736,-0.0023881886154413223,-0.0015261794906109571,-0.0015602537896484137,-0.0049264635890722275,-0.007571602240204811
-0.0012068143114447594,-0.0007316246046684682,-0.002419848693534732,-0.0001689308846835047,-0.0007780788000673056,-0.000551719160284847,-0.0034040180034935474,-0.008271628059446812
-0.0015474087558686733,-0.0017951908521354198,-0.0001223365543410182,-0.0015574287390336394,-0.0009874323150143027,-0.00012753315968438983,-0.003980339039117098,-0.00844871811568737
-0.002821046393364668,-0.00026624524616636336,-0.0015543641056865454,-0.0003077480650972575,-0.0014126983005553484,-0.0009006184991449118,-0.003943002317100763,-0.004416530951857567
-0.003404636401683092,-0.0003074578125961125,-0.0016343831084668636,-0.0005915641668252647,-0.00026524942950345576,0.0020917311776429415,-0.0031577092595398426,-0.011640863493084908
-0.0032057110220193863,-0.00105170754250139,-0.0015057491837069392,-0.0005784337990917265,-0.0009725422132760286,-0.0001555854396428913,-0.004089042078703642,-0.006411045324057341
-0.0009326455183327198,-0.0014585114549845457,-0.0019451708067208529,-0.0009588179527781904,-0.000778591725975275,-0.0005412166938185692,-0.003993433900177479,-0.008543090894818306
-0.0030160623136907816,-0.0009524419438093901,-0.0016463127685710788,-0.0010630286997184157,-0.0011720358161255717,-0.0005602359306067228,-0.004800517112016678,-0.006306293420493603
-9.5445204351563e-05,-0.0022979003842920065,-0.0007655548397451639,-0.0015367327723652124,-0.0011882679536938667,-0.0009231902658939362,-0.004935680888593197,-0.007817458361387253
0.0015612732386216521,-0.00021927252237219363,-0.004058615770190954,0.00023100789985619485,0.00037677085492759943,-0.0004778495931532234,-0.0032816336024552584,-0.009643730707466602
-0.0019002205226570368,-0.0002925767912529409,-0.000621527258772403,-0.00058535928837955,-0.0006737880175933242,-0.0007190416799858212,-0.0021969012450426817,-0.007449031341820955
-0.006360230501741171,-0.0018779237288981676,-0.0008469698368571699,-0.00028288966859690845,-0.0014600546564906836,0.00012211909051984549,-0.004582725930958986,-0.006122964434325695
-0.0018476450350135565,-0.0008416302734985948,-0.0018730736337602139,-0.0009650785359553993,-0.0006538092857226729,-0.000865587149746716,-0.005672498140484095,-0.006771215237677097
-0.002956192474812269,-0.0005943040596321225,-0.0032547651790082455,-0.00045397234498523176,-0.00022616921341978014,0.0011952517088502645,-0.00396997993811965,-0.007440675515681505
-0.006884601898491383,0.0008381830411963165,0.0009929141961038113,0.0030700089409947395,-0.0020316033624112606,0.004998867865651846,-0.00038783217314630747,-0.001262539648450911
-0.00012976539437659085,0.0006044096662662923,-0.001857941155321896,0.001404810231178999,-0.004576946143060923,-0.0011401250958442688,0.00030484673334285617,-0.003330807201564312
-4.226474993629381e-05,-0.0026002845261245966,0.005386109463870525,-0.0018562061013653874,-0.0003422491136007011,5.866269566467963e-05,-6.749884050805122e-05,-0.0019583553075790405
0.0011970029445365071,0.0009455262334086001,-0.001415323931723833,-0.013187612406909466,0.00019877728482242674,0.004220739472657442,0.006734453607350588,-0.0004678907571360469
0.0004919511848129332,0.0027420162223279476,-0.0008013000478968024,-0.0010152221657335758,-6.652961747022346e-05,0.009927227161824703,-0.0011774135055020452,-0.0019141696393489838
-0.003585327649489045,-0.0016093873418867588,0.0025444375351071358,0.00023051659809425473,0.0003704067785292864,-0.0013959711650386453,0.0033645702060312033,-0.0014068734599277377
-0.004205520264804363,0.0016019478207454085,0.0009342704433947802,-0.0005749947740696371,0.0004799290036316961,-0.0015752516919746995,0.004108906257897615,-0.0015754993073642254
-0.00022156728664413095,0.0004348290094640106,-0.0018050760263577104,0.0010115666082128882,-0.0017055601347237825,-0.001777416211552918,0.0016108239069581032,-0.002566945506259799
0.0004405948566272855,-0.0006734170019626617,-0.0027653691358864307,-0.0014881424140185118,-0.0015494812978431582,-0.001420434913598001,0.0014701263280585408,-0.0017605291213840246
0.001025178818963468,-0.0005948212929069996,-0.0022987178526818752,-0.0018695826875045896,0.0020402944646775723,-0.001595612964592874,0.0020676248241215944,-0.0004055545723531395
-0.005584719590842724,-0.0012264181859791279,-0.000823947717435658,0.00021385242871474475,-0.0011074054054915905,0.0007176458020694554,-0.0008592642843723297,-0.0017826700350269675
-0.0021075881086289883,0.0008215995621867478,6.155690061859787e-05,0.0004120362864341587,-0.0010556000052019954,0.001095599145628512,-0.0016408450901508331,-0.00042263383511453867
-0.0008343714289367199,-0.0006375176599249244,-0.005202810745686293,-0.0012643997324630618,-0.0002548347692936659,-0.0012373500503599644,-0.0004408631066326052,-0.0008590300567448139
0.0041138483211398125,-0.00016269931802526116,-0.004070676397532225,0.0013795653358101845,0.0006471393280662596,-0.001198258833028376,5.676665750797838e-05,0.00033917007385753095
-0.0047385054640471935,-0.00036812451435253024,-0.0004068698617629707,0.0005265014478936791,1.088955468731001e-05,0.0011885325657203794,-0.0012633086880668998,-0.0008889061282388866
-0.008089364506304264,-0.0005456163198687136,0.0008354364545084536,0.0001504447718616575,-0.0011362761724740267,0.0023650743532925844,-0.0014264737255871296,-0.0022437842562794685
0.0005707566742785275,0.0021754323970526457,-0.0052382368594408035,-0.0011066215811297297,4.473867375054397e-05,0.00015737663488835096,-0.0032265239860862494,-0.002143325749784708
-0.0005435910425148904,0.00018852611538022757,-0.006662953644990921,-0.0006104045896790922,-0.0003434367827139795,0.004132274072617292,0.0022473710123449564,-0.0018712732708081603
-0.0034264184068888426,-0.0020623195450752974,-0.0005120300920680165,-0.0013573042815551162,-0.0013847623486071825,-0.001170723931863904,0.0016288628103211522,-0.0015279358485713601
-0.0016052903374657035,-0.0018120125168934464,-0.00095970812253654,0.000967302592471242,-0.004314117599278688,-0.0011621590238064528,-0.0012595993466675282,-0.0004420366894919425
-0.0013527906266972423,-0.0020133426878601313,-0.005640857387334108,-0.0019144346006214619,-0.0003523060295265168,-9.772034900379367e-06,-0.004702483303844929,-0.007657801732420921
0.00027555020642466843,-0.0007064748788252473,-0.0020126488525420427,-0.0011344971135258675,5.634869012283161e-05,-0.0006116951117292047,-0.001689449418336153,-0.007959295064210892
-0.002875053556635976,-0.0006194710731506348,-0.00038087257416918874,-4.461081334738992e-05,-0.00017829272837843746,0.0002173152897739783,-0.003147441428154707,-0.0073161195032298565
-0.004710154142230749,-0.0012905432377010584,-0.001048251404426992,-0.00013574789045378566,-0.0012449449859559536,-0.00033079981221817434,-0.004549741744995117,-0.006310861557722092
-0.0019098668126389384,-0.003315914189442992,-0.002661649603396654,-0.002094837138429284,-0.0013400772586464882,-0.001349761034362018,-0.005830631125718355,-0.0077241528779268265
-0.003169300500303507,-0.0012149735121056437,-0.0023732008412480354,-0.0005030817701481283,-0.0006840813439339399,-2.5556986656738445e-05,-0.0037775191012769938,-0.006255439016968012
-0.005676671862602234,-0.0023310468532145023,-0.0005466120201162994,-0.0015542820328846574,-0.0012016681721433997,0.00011325375089654699,-0.004375398624688387,-0.006271968595683575
-0.002628096379339695,-0.000679803779348731,-0.0019638838712126017,-1.4948761418054346e-05,-0.0013664051657542586,-0.0014533390058204532,-0.003830160014331341,-0.0036856147926300764
-0.0019064797088503838,-0.000794488878455013,-0.0020856757182627916,-0.0011634142138063908,-5.847953798365779e-05,-0.0007096799672581255,-0.0032576858066022396,-0.005750519689172506
-0.002596426522359252,-0.0009616237948648632,-0.0009200971690006554,-0.0014186968328431249,-0.0013260996202006936,-0.001243326929397881,-0.004270248115062714,-0.005184096749871969
-0.0033022151328623295,-0.0010674725053831935,-0.0009555795113556087,-0.001613908912986517,-0.0015858872793614864,-0.0004417116870172322,-0.005243321880698204,-0.006117957178503275
-0.0015151037368923426,-0.004035096615552902,-0.0024048341438174248,-0.002282365458086133,-0.0008280377951450646,-0.0010803869226947427,-0.006596728693693876,-0.006464351434260607
0.0008276102598756552,-0.00025811034720391035,-0.0026935329660773277,-0.0001980308588827029,-0.0011960221454501152,-0.0008819071226753294,-0.0047836871817708015,-0.007211778312921524
-0.0022678053937852383,-4.394613279146142e-05,-0.0004704246239271015,-0.0009899255819618702,-0.0011645926861092448,-0.0004258524568285793,-0.0033155798446387053,-0.008737336844205856
-0.001534836133942008,-0.0015488765202462673,8.755722228670493e-05,8.163588063325733e-05,-0.0013683163560926914,-0.00018864026060327888,-0.006563510280102491,-0.006474232766777277
-0.001252826303243637,-0.0010293744271621108,-0.0021690980065613985,-0.0006385979941114783,-0.0014106190064921975,-0.0015512241516262293,-0.0055891708470880985,-0.006709449924528599
-0.0024365284480154514,-0.0009513124241493642,-0.0011949322652071714,-0.001053236541338265,-0.0003875160473398864,0.000472630636068061,-0.0034390047658234835,-0.008139489218592644
-0.0003265081613790244,-0.0017244928749278188,-0.0012060285080224276,-0.000950307643506676,-0.0006850915960967541,-0.0007927865372039378,-0.0048766471445560455,-0.009660164825618267
-0.0009524282068014145,-0.0009638395858928561,-0.003411009907722473,-0.0009436581749469042,-0.0009811054915189743,-0.00103577075060457,-0.0031293865758925676,-0.007767106872051954
-0.005006888415664434,-0.0012485060142353177,-0.001051747822202742,-0.0010052622528746724,-0.001069999998435378,-1.4681178981845733e-05,-0.0037130285054445267,-0.00773095665499568
-0.0013957697665318847,-0.0003733897174242884,-0.0005845458945259452,-0.0002308226248715073,-0.0008077945676632226,-0.0014831289881840348,-0.0038550933822989464,-0.0073812492191791534
-0.0032165932934731245,-0.0010924063390120864,-0.002056184923276305,-0.0007537520141340792,-0.0007710611098445952,-2.0862193196080625e-05,-0.004239180590957403,-0.006463417783379555
-0.0031789224594831467,-0.0016657008090987802,-0.000500847992952913,-0.0011427055578678846,-0.000630404450930655,-0.00024757921346463263,-0.004208061844110489,-0.0074034021236002445
-0.0014309538528323174,-0.0007898256881162524,-0.0021011054050177336,-7.199269020929933e-05,-0.0011462203692644835,-0.0010174800409004092,-0.004507505334913731,-0.005412342958152294
-0.003996181767433882,-0.0011044925777241588,-0.0011702574556693435,-0.001188175636343658,-0.0009020112920552492,-0.00043398464913479984,-0.004870578646659851,-0.006787693593651056
-0.0035690749064087868,-0.0013880919432267547,-0.000490758044179529,-0.001425831113010645,-0.0013085319660604,-0.0005539252888411283,-0.004949610680341721,-0.0060660052113235
-0.0005758756306022406,-0.0034669635351747274,-0.00325495982542634,-0.0012638675980269909,0.000391473964555189,-0.0007090280414558947,-0.006322953850030899,-0.0055743372067809105
-0.0027666869573295116,-0.0003870323998853564,-0.002680478384718299,-0.0007759513682685792,-0.0009656319743953645,-0.00022820015146862715,-0.004318655002862215,-0.00755565520375967
-0.004045089241117239,-0.0028384116012603045,-0.00021150872635189444,-0.001357484725303948,-0.0016829718369990587,-0.0005989520577713847,-0.004042297601699829,-0.005823493003845215
-0.0015977026196196675,-0.00037210070877335966,-0.0021748740691691637,-0.0005775524768978357,-0.001190532697364688,-0.001169094699434936,-0.005024672951549292,-0.0041677807457745075
-0.0008945965091697872,-0.0005830515292473137,-0.003182594431564212,-0.0008805135148577392,-0.0001139631203841418,0.0008006872958503664,-0.00445587607100606,-0.007122463081032038
0.0005456390790641308,-0.001604906632564962,-0.0014936082297936082,-0.0017372536240145564,-0.0005586990737356246,-0.00046103051863610744,-0.005638586822897196,-0.008815008215606213
-0.0033883980941027403,-0.000395844952436164,-0.0018932094099000096,-0.0003645052493084222,-0.0015519610606133938,-0.0003427808696869761,-0.004242539405822754,-0.006589863449335098
0.0008859883528202772,-0.001810812158510089,0.0008073388016782701,-0.0010556161869317293,-0.0002761920040939003,-1.896031608339399e-05,-0.005324240308254957,-0.009361651726067066
0.000753419182728976,-0.00040721456753090024,-0.0047679017297923565,-0.0007012312998995185,-0.0008660597959533334,-0.0014498447999358177,-0.0020394213497638702,-0.006143997423350811
-0.00283038429915905,0.0021681443322449923,-0.0006935200071893632,-0.001004885765723884,0.00025907927192747593,-0.0022253498900681734,-0.0017773642903193831,-0.00687006302177906
-0.003952757455408573,-0.002918175421655178,-0.0010253541404381394,-5.231644172454253e-05,-0.0011527478927746415,-0.0005686301155947149,-0.004125946667045355,-0.005593655630946159
-0.002300381427630782,-0.0012993795098736882,-0.002016247482970357,-0.001782269449904561,-0.000970912748016417,-0.0012629993725568056,-0.005416597705334425,-0.005331038031727076
-0.0023678757715970278,0.0003509197267703712,-0.0018276241607964039,-0.0015561794862151146,-0.0002519071858841926,0.001546837855130434,-0.001396089792251587,-0.01015564240515232
-0.0012566986260935664,-0.0007090290891937912,-0.0029669839423149824,-0.0003958090383093804,0.0011537548853084445,-0.0017810579156503081,-0.0012811018386855721,-0.005272273439913988
-0.00025040472974069417,-0.00034329641493968666,-0.0021124263294041157,0.0006940288003534079,-0.0017809164710342884,-0.001791411661542952,-0.0007858286262489855,-0.006188318599015474
0.00025976449251174927,-0.0010223669232800603,-5.023100311518647e-05,-0.0027087500784546137,0.00031284854048863053,-0.000807334843557328,-0.0017998681869357824,-0.006559066940099001
-0.004569645039737225,-0.0004195388173684478,-0.0006793397478759289,-0.0020614154636859894,-0.002568663563579321,-0.00035868294071406126,-0.003910917788743973,-0.0024112595710903406
0.00108195876237005,-0.0013626914005726576,-0.000734236091375351,-0.0009159193141385913,-0.0029799204785376787,-0.001688976539298892,9.177638276014477e-05,-0.009127319790422916
-0.0015677862102165818,-0.0007854003924876451,-0.0038546500727534294,-0.00047255546087399125,-0.0007146386196836829,-0.0006671827868558466,-0.0034977730829268694,-0.005226826295256615
0.00106250518001616,-0.0010053090518340468,-0.001315272762440145,-0.0027952524833381176,1.1983186595898587e-05,-0.0007341530290432274,-0.0017992552602663636,-0.007277822121977806
-0.0033358060754835606,-0.00035312387626618147,-0.0020335745066404343,0.00011241609900025651,-0.0011097709648311138,-0.0004179904644843191,-0.0019985204562544823,-0.0055718556977808475
-0.007132539059966803,-0.0017463441472500563,-0.0010834088316187263,-0.0011434166226536036,-0.0009038884309120476,0.0009031977388076484,-0.003253440372645855,-0.007429359946399927
-0.0017455616034567356,0.0002877132501453161,-0.002396062947809696,-0.00047303480096161366,-0.00048665498616173863,-0.0016115100588649511,-0.0040242355316877365,-0.005172906443476677
-0.003624310716986656,-0.0006830234196968377,-0.0033995253033936024,-0.0006073570693843067,-1.7530728655401617e-06,0.0010175685165449977,-0.002754164393991232,-0.006452315021306276
0.00021443470905069262,-0.002680071396753192,-0.000501491129398346,-0.0021850476041436195,-0.0009154597064480186,-0.002035940531641245,-0.0033494136296212673,-0.004949720110744238
-0.0017550741322338581,-0.00040950998663902283,-0.00324168149381876,0.00010201231634709984,-0.0014727063244208694,-0.0006512216641567647,-0.004480760078877211,-0.004365730099380016
-0.002316941972821951,-0.0013127921847626567,-0.00045599645818583667,-0.0023986201267689466,-0.0009023035527206957,-0.00020567655155900866,-0.003329516388475895,-0.006217800546437502
-0.0033938237465918064,-0.0006153701688162982,-0.0013742665760219097,5.45642469660379e-05,-0.0019908989779651165,-0.0007939030765555799,-0.0036816264037042856,-0.004123303573578596
-0.0045888228341937065,-0.0013084772508591413,-0.00162878364790231,-0.0006977996090427041,-0.0008538919501006603,0.0010019976180046797,-0.005831090267747641,-0.008800344541668892
-0.0022752981167286634,-0.0013726085890084505,-0.0014761685160920024,-0.000783266150392592,-0.0010393968550488353,9.510405652690679e-05,-0.006071773357689381,-0.007064613047987223
-0.0037258004304021597,-0.0009951555402949452,-0.0013458967441692948,-0.0012235507601872087,-0.001119218417443335,-0.00022190345043782145,-0.005382714793086052,-0.006308425217866898
-0.0012386239832267165,-0.003702903166413307,-0.0019089977722615004,-0.0019170530140399933,-0.0009254816686734557,-0.0014613610692322254,-0.005978250876069069,-0.006365724839270115
-0.0032683485187590122,-0.000392704299883917,-0.0023858118802309036,-0.0004792471299879253,-0.001453826087526977,-0.0006149717373773456,-0.004500024486333132,-0.004979196935892105
-0.0028795995749533176,-0.002176980720832944,-0.00010272081999573857,-0.0015483417082577944,-0.0012217850890010595,-0.0007749369251541793,-0.004619162064045668,-0.005878005176782608
-0.00018326078134123236,-0.000434380053775385,-0.0025482745841145515,-7.65760923968628e-05,-0.0011822902597486973,-0.0013342393795028329,-0.004839279688894749,-0.0050239525735378265
-0.00035488259163685143,-0.0012267249403521419,-0.0023145012091845274,-0.0013396592112258077,-0.0006462583551183343,-0.001133203157223761,-0.003470064140856266,-0.007351988460868597
-0.0023991940543055534,-0.00036798694054596126,-0.0006406379980035126,-0.0012287996942177415,-0.0015082908794283867,-0.0007914330926723778,-0.004411702509969473,-0.006985961925238371
-0.0030504902824759483,-0.0014710124814882874,-0.0010606645373627543,-0.0005464896676130593,-0.0011420011287555099,-0.00024241450591944158,-0.005829657427966595,-0.007741411216557026
-0.004013276658952236,-0.0012938299914821982,-0.001822072546929121,-0.0008682823390699923,-0.0011183711467310786,0.00018168218957725912,-0.005730673670768738,-0.008289379999041557
-0.0023990084882825613,-0.0012883018935099244,-0.0015376651426777244,-0.00079761678352952,-0.0007917106850072742,0.0001433451980119571,-0.005305203143507242,-0.009081270545721054
-0.0020992762874811888,-0.0014718057354912162,-0.001832180074416101,-0.00135250692255795,-0.0011219498701393604,-1.7772284991224296e-05,-0.005254315212368965,-0.008198807947337627
-0.003070749342441559,-0.0012331134639680386,-0.0012080802116543055,-0.0012596329906955361,-0.0013164866250008345,-0.00044991151662543416,-0.005243940278887749,-0.007626791018992662
-0.0005338163464330137,-0.0018602072959765792,-0.0015809808392077684,-0.0013907232787460089,-0.0012707124697044492,-0.001081280643120408,-0.005000103730708361,-0.008501694537699223
-0.0008785940008237958,-0.0007561928941868246,-0.0029109090100973845,-0.0008274080464616418,-0.000773517123889178,-0.0006199816125445068,-0.004196923691779375,-0.008749755099415779
-0.0029945382848381996,-0.0007710392819717526,-0.0008756335009820759,-0.0012409267947077751,-0.001380279310978949,-0.00030434230575338006,-0.004167356062680483,-0.008063174784183502
-0.0030109069775789976,-0.0015812198398634791,-0.0010686302557587624,-0.0005929417675361037,-0.0011401911033317447,-0.00017016274796333164,-0.005917072761803865,-0.007937153801321983
-0.0010365567868575454,-0.0012532605323940516,-0.002414822345599532,-0.000830993871204555,-0.0010711844079196453,-0.0005629811785183847,-0.005143492016941309,-0.008252215571701527
-0.0026852828450500965,-0.0010953546734526753,-0.0018869527848437428,-0.0005855915951542556,-0.0008122201543301344,0.0001613932108739391,-0.004855805542320013,-0.007828112691640854
-0.0034020498860627413,-0.0019298057304695249,-0.0010226655285805464,-0.001330830156803131,-0.0015055551193654537,-3.1383271561935544e-05,-0.005049026571214199,-0.008147585205733776
-0.0013028259854763746,-0.0012662815861403942,-0.002286731032654643,-0.0008366329129785299,-0.0009570478578098118,-0.0004518413043115288,-0.00487773260101676,-0.008243532851338387
-0.004306820221245289,-0.0012472238158807158,-0.001483427477069199,-0.0009403611766174436,-0.0009962288895621896,1.5912472690615687e-06,-0.004648786969482899,-0.007181995082646608
-0.0003152797871734947,-0.0020724062342196703,-0.0007156769861467183,-0.0014442881802096963,-0.001209396286867559,-0.0014455995988100767,-0.004611993674188852,-0.007883384823799133
-0.0019839880988001823,-0.0005973355728201568,-0.0027254200540483,-0.00027203941135667264,-0.001088069868274033,-0.0004569888114929199,-0.004703597631305456,-0.005510977003723383
0.00047747683129273355,-0.0017296677688136697,-0.00032328866655007005,-0.002219520742073655,-0.00021404502331279218,-0.001098256092518568,-0.004538402426987886,-0.008035465143620968
0.00046268184087239206,-0.0007645985460840166,-0.003558079246431589,-0.00018238510529045016,-0.0004243974690325558,-0.0007878319011069834,-0.002554556354880333,-0.007813085801899433
-0.004966475069522858,-0.0006624854286201298,-0.0005737108876928687,-0.0007828305824659765,-0.0007828011875972152,-0.0006210325518622994,-0.0029916828498244286,-0.007520888466387987
-0.0028469101525843143,-0.0008649262599647045,3.157953324262053e-05,-0.0003364793083164841,-0.001342188916169107,-0.0005934741348028183,-0.005888776388019323,-0.006060383748263121
0.00045672428677789867,-0.0011657604482024908,-0.003966382704675198,-0.00037152302684262395,-0.0006651058210991323,-0.0022387132048606873,-0.0018120725871995091,-0.005189824849367142
-0.0010827590012922883,-0.0009895830880850554,-0.0017584380693733692,-0.001095378422178328,-0.0005587944178842008,-0.0006811602506786585,-0.0022827419452369213,-0.006786648649722338
0.002303599612787366,-0.0009054617839865386,0.0007119980291463435,-0.001450326293706894,0.000794409541413188,1.674627492320724e-05,-0.0029526406433433294,-0.009843824431300163
0.00011551982606761158,-0.0011070080799981952,-0.004001786932349205,-0.000417435570852831,-0.0005086743622086942,-0.0014229670632630587,-0.0013448281679302454,-0.006935073062777519
-0.005563840735703707,-0.001616144087165594,-0.0009194101439788938,-0.000999495037831366,-0.0009328252053819597,-0.000910852977540344,-0.0027452895883470774,-0.006403889507055283
-0.003261217148974538,0.0009955959394574165,0.0003330190374981612,-7.35856156097725e-05,-0.0006055060657672584,-0.0007226597517728806,-0.003781604813411832,-0.0067546009086072445
-0.0024694011081010103,-0.0006012999219819903,-0.0028461746405810118,-0.0006330005126073956,-0.0004423238569870591,-0.00033471238566562533,-0.003363565308973193,-0.006007424555718899
7.227662717923522e-05,-0.001062721130438149,-0.002017688238993287,-0.0018624939257279038,-0.00030266278190538287,0.00024019068223424256,-0.0035779871977865696,-0.008724764920771122
-0.00042643107008188963,-0.0005191385862417519,-0.003473814344033599,0.0010067735565826297,0.00022411787358578295,0.000576319987885654,-0.002225164556875825,-0.008710194379091263
0.0010916132014244795,-0.0006124466890469193,0.00045216872240416706,-0.0017126331804320216,0.0007176775252446532,-0.00034000317100435495,-0.0026553168427199125,-0.008488794788718224
-0.0029794378206133842,-0.0005919074174016714,-0.0013821754837408662,-0.00014384141832124442,-0.0006339624524116516,-0.0006115718861110508,-0.00228743813931942,-0.0060274130664765835
-0.0068713040091097355,-0.0010653110221028328,-0.0010025829542428255,-0.0007716068648733199,-0.0007482136716134846,0.0014671795070171356,-0.0028579088393598795,-0.009090167470276356
-0.002964173909276724,-3.224323154427111e-05,-0.001659434987232089,-0.0003063013718929142,-0.00034988170955330133,0.0003927357029169798,-0.0037863091565668583,-0.007777346298098564
-0.0033390445169061422,-3.022111559403129e-05,-0.0038765145000070333,-7.362257019849494e-05,-0.00015927270578686148,0.00207373034209013,-0.0034166795667260885,-0.007621620781719685
0.00022780042490921915,-0.002211047103628516,-0.0014832275919616222,-0.0019978482741862535,-0.00047940819058567286,-0.0009367784368805587,-0.0031748570036143064,-0.007749251555651426
-0.00342305819503963,-0.00047899739001877606,-0.0018822121201083064,-0.00013699063856620342,-0.001543545164167881,-0.0012113680131733418,-0.0031776416581124067,-0.003977482207119465
-0.0010239917319267988,-0.002215852728113532,3.981148256571032e-05,-0.0016471212729811668,-0.0011137587716802955,-0.0012774327769875526,-0.0028802999295294285,-0.006362691521644592
-0.002035281388089061,-0.00040483486372977495,-0.0025918283499777317,-1.5722036550869234e-05,-0.0013250893680378795,-0.0008909587631933391,-0.004104429855942726,-0.004513304680585861
-0.002922188024967909,-0.0011343476362526417,-0.0010717228287830949,-0.0014685345813632011,-0.0006376771489158273,0.0008202875615097582,-0.004124234896153212,-0.007620877120643854
-0.004117672331631184,-0.0010623651323840022,-0.0011631051311269403,-0.0003298918891232461,-0.0014823181554675102,-0.0005169527721591294,-0.00445526884868741,-0.004891176708042622
-0.0005555842071771622,-0.0013138926587998867,-0.0017291025724262,-0.0006988327368162572,-0.0008040220127440989,3.3466832974227145e-05,-0.005527212750166655,-0.007974638603627682
-0.002743270481005311,-0.0009177952306345105,-0.002170208841562271,-0.0008092101197689772,-0.0010383460903540254,-0.0003387100878171623,-0.004938491154462099,-0.006190976593643427
-0.0003804398002102971,-0.0020296196453273296,-0.0005999499117024243,-0.0015440621646121144,-0.001271194196306169,-0.0008130741189233959,-0.004977750591933727,-0.007314698304980993
-0.001588186016306281,-0.00037385750329121947,-0.0024733911268413067,-9.326860890723765e-05,-0.0012171427952125669,-0.0005577600095421076,-0.004784280434250832,-0.005812257062643766
-0.003629102371633053,-0.0013877276796847582,-0.001016724156215787,-0.0010420517064630985,-0.0011674766428768635,6.777376984246075e-05,-0.00497814966365695,-0.007579720113426447
-0.0035015507601201534,-0.0012929183430969715,-0.001034367480315268,-0.0004369668022263795,-0.0010786071652546525,-0.00015032861847430468,-0.005558611359447241,-0.006725206505507231
-0.003931889776140451,-0.0013010785914957523,-0.0014425161061808467,-0.0008453892078250647,-0.0009796676458790898,0.0005935132503509521,-0.006200330797582865,-0.008125216700136662
-0.00024155396386049688,-0.0015964731574058533,-0.001937634078785777,-0.0010815446730703115,-0.0007457993924617767,-0.0006459990981966257,-0.004983778111636639,-0.008099586702883244
-0.0035401678178459406,-0.0006999755860306323,-0.0014050394529476762,-0.00145283667370677,-0.0012696157209575176,-0.00047662388533353806,-0.005766238085925579,-0.006525643635541201
-0.0003782864660024643,-0.0020200491417199373,-1.3457743989420123e-05,-0.0014620217261835933,-0.0013846558285877109,-0.0015032243682071567,-0.004697458818554878,-0.006726039573550224
-0.001026013633236289,-0.00022118864580988884,-0.00292884255759418,7.612119225086644e-05,-0.00131288543343544,-0.0005343005759641528,-0.004865861497819424,-0.005371317267417908
-0.00045325554674491286,-0.000957558979280293,-0.0005629105726256967,-0.0020609924104064703,-0.00024223473155871034,-0.00017456040950492024,-0.004122311249375343,-0.007640040013939142
-0.001116901752538979,-0.0003745169087778777,-0.0012277341447770596,4.7663859731983393e-05,-0.0010799715528264642,-0.0005481240805238485,-0.005004608538001776,-0.007021235302090645
-0.001686384086497128,-0.0010989982401952147,-0.0015857652761042118,-0.0008290935074910522,-0.0011291846167296171,-0.0003221335937269032,-0.004963592626154423,-0.008521689102053642
-0.001980547560378909,-0.0011260958854109049,-0.001580401323735714,-0.0009339279495179653,-0.0011705422075465322,-0.00012543579214252532,-0.0051422868855297565,-0.009240036830306053
-0.001456692349165678,-0.0011674475390464067,-0.0021272990852594376,-0.0010686799651011825,-0.0010661045089364052,-0.0002574681711848825,-0.004592488054186106,-0.009469162672758102
-0.0042305295355618,-0.0013729962520301342,-0.0017918809317052364,-0.000999043695628643,-0.0012115752324461937,0.0005370419239625335,-0.0046697501093149185,-0.008530999533832073
-0.005021743010729551,-0.0017880949890241027,-0.0012008633930236101,-0.0012184561928734183,-0.001315601053647697,0.000467922625830397,-0.005228954367339611,-0.008472572080790997
-0.0024584601633250713,-0.0009775132639333606,-0.0013040400808677077,-0.0005425746203400195,-0.0008452939800918102,-0.0002364126848988235,-0.0046797036193311214,-0.007095853798091412
-0.0008130933856591582,-0.0011764250230044127,-0.0026996335946023464,-0.0010707059409469366,-0.0006332658813335001,-0.00046895674313418567,-0.004321265034377575,-0.008456820622086525
-0.0028942651115357876,-0.0008481077966280282,-0.0012840313138440251,-0.001387899392284453,-0.001267162850126624,-0.0007627818849869072,-0.005098170135170221,-0.006741131655871868
-0.00028792087687179446,-0.002203570678830147,-0.0005769113777205348,-0.0014199248980730772,-0.001466704299673438,-0.001007232815027237,-0.00496122520416975,-0.008022211492061615
-0.001654122956097126,-0.00053185666911304,-0.0025336898397654295,-0.0002639252634253353,-0.001120025641284883,-0.0005704078357666731,-0.004621082451194525,-0.006352260243147612
-0.005296280607581139,-0.0015356107614934444,-0.000843568064738065,-0.0011671524262055755,-0.0011642033932730556,4.214244199829409e-06,-0.00474334554746747,-0.007249470334500074
-0.0030982964672148228,-0.0010542479576542974,-0.0009157640743069351,-0.00012073964899173006,-0.0010193348862230778,-0.00039337933412753046,-0.005644496064633131,-0.006269709672778845
-0.00405418686568737,-0.0011705349897965789,-0.0013507386902347207,-0.0007867084932513535,-0.0007382540497928858,0.0005407665157690644,-0.006350332871079445,-0.007683338597416878
-0.00409103836864233,-0.0011973786167800426,-0.0006058625294826925,-0.0013922922080382705,-0.001050230348482728,0.00017253609257750213,-0.005786352325230837,-0.007132161874324083
-0.0033641932532191277,-0.0006007388583384454,-0.0009079049341380596,-0.001313043525442481,-0.0013176779029890895,-0.000564051850233227,-0.005471020471304655,-0.005252997390925884
-0.00021872943034395576,-0.001848747138865292,-0.0014779844786971807,-0.0013822355540469289,-0.00113003293517977,-0.0014597439439967275,-0.004486759193241596,-0.006302406080067158
-0.0019826404750347137,-0.00045277440221980214,-0.0018104033078998327,-0.001389747834764421,-0.0014583416050300002,-0.0010835829889401793,-0.0056939204223454,-0.006210988853126764
-0.0029468678403645754,-0.0011629776563495398,-0.0005803698441013694,-0.0017216862179338932,-0.001998821273446083,-0.0008445254061371088,-0.00518770469352603,-0.006922485306859016
-0.0008178080897778273,-0.000717958202585578,-0.0012776945950463414,0.00013523799134418368,-0.0012843762524425983,-0.0006937143043614924,-0.0060975207015872,-0.005781421437859535
0.0015946897910907865,-0.0010473201982676983,-0.0015796591760590672,-0.00017062989354599267,-0.0003829222987405956,-0.0022661190014332533,-0.0034127600956708193,-0.006401652004569769
-0.001730996766127646,-0.0004857770982198417,-0.0015422024298459291,-0.0005776594043709338,-0.0016348393401131034,-0.0006853699451312423,-0.004181523807346821,-0.00877257902175188
-0.0011887572472915053,-0.0015674595488235354,0.00017777217726688832,-0.00027971380040980875,-0.0006064752233214676,-0.0002800958463922143,-0.004082523286342621,-0.00875930581241846
-0.002603828674182296,-0.0004812731349375099,-0.0014020147500559688,-0.0014291858533397317,-0.0015733289765194058,-0.0008918395615182817,-0.0057055652141571045,-0.005924351047724485
-0.003080069087445736,-0.000350924237864092,-0.0010438166791573167,-0.0006857283879071474,-0.0005035739159211516,0.0006494820700027049,-0.0027294678147882223,-0.009721469134092331
-0.00021582450426649302,-0.0012904414907097816,-0.0021397797390818596,-0.0002642227918840945,-0.00034818745916709304,-0.0017072478076443076,-0.0035459590144455433,-0.007341898512095213
-0.00268063903786242,-0.0009145313524641097,-0.0021961755119264126,-0.0005034509231336415,-0.0006719010998494923,-0.0005509800976142287,-0.004247036762535572,-0.006292202044278383
-0.0014059660024940968,-0.002034730976447463,-6.797423702664673e-05,-0.0019820304587483406,-0.0015752766048535705,-0.0013841120526194572,-0.0034407374914735556,-0.0069302525371313095
0.00090975925559178,-8.931480260798708e-05,-0.004017175640910864,0.00022866661311127245,0.00035136405494995415,-0.0006968422094359994,-0.003419650485739112,-0.008830375969409943
-0.0030102822929620743,-0.0009181107743643224,-0.0014099854743108153,-0.0007366526988334954,-0.0005823493702337146,-0.00013998735812492669,-0.0033228108659386635,-0.007470311596989632
-0.005169423762708902,-0.0023503757547587156,-0.0006510982639156282,-0.001142927329055965,-0.0015881116269156337,-0.00010850180115085095,-0.005511256866157055,-0.006422207225114107
-0.0005822571692988276,-0.0008420482045039535,-0.0025592755991965532,-0.00046427734196186066,-0.0007138657383620739,-0.000972389942035079,-0.005398689303547144,-0.006778406444936991
-0.0025087904650717974,-0.0008666638168506324,-0.0023970953188836575,-0.0008676376310177147,-8.766425889916718e-05,-0.0001366609358228743,-0.004348026122897863,-0.006583699956536293
-0.0029714303091168404,-0.0017224240582436323,-0.000420218741055578,-0.0017510022735223174,-0.0019169067963957787,-0.0006623737281188369,-0.004747405182570219,-0.006546423304826021
-0.000859471911098808,-0.0007456085877493024,-0.0023289623204618692,0.00011235744750592858,-0.0012039841385558248,-0.0012011424405500293,-0.004467294551432133,-0.0055658589117228985
-0.0032977170776575804,-0.0009136003791354597,-0.0016201143153011799,-0.0010060956701636314,-0.0007660420960746706,-0.0004797397996298969,-0.0045717195607721806,-0.0066572194918990135
-0.0011278230231255293,-0.0021508901845663786,-0.00047504474059678614,-0.0014559637056663632,-0.0017726074438542128,-0.001000927877612412,-0.00461302837356925,-0.00710731977596879
-0.0009600676712580025,-0.0005214572884142399,-0.0028351652435958385,-0.0001581284450367093,-0.0010087151313200593,-0.0006335036596283317,-0.00494200037792325,-0.006116213742643595
0.0007552961469627917,-0.0012321873800829053,-0.0010090727591887116,-0.0009495168342255056,-0.0005539607373066247,-0.001814486226066947,-0.004349913448095322,-0.007063813041895628
0.0012336855288594961,-0.000679732474964112,-0.002063626889139414,0.00016140000661835074,0.00024119587033055723,-0.0006323031266219914,-0.003078108187764883,-0.009609444998204708
-0.0021435944363474846,-0.00026117762899957597,0.0003771857882384211,-0.00021477833797689527,-0.0011087029706686735,-0.0006123360944911838,-0.002692864742130041,-0.008298270404338837
-0.001082688570022583,-0.0005595365655608475,0.0005630595842376351,-2.1068384739919566e-05,-0.0009227533009834588,-0.0008430822053924203,-0.005174893885850906,-0.007997584529221058
-0.003910011611878872,-0.0014430576702579856,-0.00183320720680058,-0.0009220268111675978,-0.0010860403999686241,-0.0014450226444751024,-0.0041741542518138885,-0.00657272944226861
-0.0002764907549135387,-0.0016857158625498414,-0.0009171534329652786,-0.0021014774683862925,-0.001663415925577283,-0.0013825236819684505,-0.002336106263101101,-0.009178299456834793
-0.0035365961957722902,-0.0007285478059202433,-0.0021666772663593292,-0.0002258464664919302,-0.0009242682717740536,-0.0007070290157571435,-0.002767713740468025,-0.0047113895416259766
-0.005097510758787394,-0.00210238597355783,-0.0005044284625910223,-0.0017055453499779105,-0.0004709921486210078,-0.00027993961703032255,-0.0027687400579452515,-0.006191703490912914
-0.00034401973243802786,-0.0009684814722277224,-0.0025314849335700274,-0.00020818943448830396,-0.0010948614217340946,-0.0024886662140488625,-0.0033815400674939156,-0.004605012014508247
-0.0008670916431583464,-0.0014311694540083408,-0.0037099134642630816,-0.0005461664986796677,-0.000573072989936918,0.0008553135558031499,-0.0029418624471873045,-0.008366212248802185
-0.004193564876914024,-0.0012173678260296583,-0.0006979257450439036,-0.0016447999514639378,-0.0014365256065502763,-0.0007665427983738482,-0.004297209903597832,-0.005915959365665913
0.0007428170065395534,-0.002065241802483797,-0.0013341078301891685,0.00018334966443944722,-0.0008357050828635693,-0.0013358114520087838,-0.005389085039496422,-0.006475795526057482
-6.589465192519128e-05,7.09034939063713e-05,-0.0028799823485314846,0.000746150326449424,-0.0011341823264956474,-0.002534078899770975,-0.002762321149930358,-0.006864635739475489
-0.004434963222593069,6.789586041122675e-05,-0.0003650638973340392,0.0013386649079620838,-0.0006160216871649027,0.003300813026726246,-0.0019201177638024092,-0.0027660122141242027
-0.0003045416669920087,-0.0008419372024945915,-0.0017046945868059993,-0.0005851589376106858,-0.002446563448756933,-0.001735259429551661,-0.0006945665809325874,-0.005347605794668198
-0.004233354236930609,-0.004277452826499939,-0.0022399795707315207,-0.000516069820150733,-0.0007900747586973011,-0.0008760904311202466,-0.00197069114074111,-0.0029134175274521112
-0.0019646454602479935,-0.000979677657596767,-0.002712923800572753,-0.007906925864517689,-0.0017079459503293037,-0.001428441610187292,-0.004856784828007221,-0.0018378709210082889
0.0007747818017378449,-0.0016148046124726534,-0.0027699468191713095,-0.0015637833857908845,-0.004695886746048927,-0.0012952287215739489,0.00021354560158215463,-0.004700110759586096
-0.0012422516010701656,-0.0015662808436900377,-0.0015565772773697972,-0.001276658964343369,-0.0012671517906710505,-0.004829830024391413,-0.0005695537547580898,-0.0032442796509712934
0.0019376279087737203,-0.00034244023845531046,-0.001967862481251359,0.0001908827543957159,0.0029346784576773643,-0.0020087375305593014,0.0006776249501854181,-0.003734930418431759
0.0013700863346457481,-0.0006009857170283794,-0.00289186486043036,0.0005825114785693586,0.0026344615034759045,-0.0010784019250422716,0.0002079108526231721,-0.006015390157699585
-0.005136050749570131,-0.0009291566093452275,-0.0009476309060119092,-0.00024195147852879018,5.090157355880365e-05,2.4615355869173072e-05,-0.002001371933147311,-0.006502362433820963
0.00102145504206419,0.000640145328361541,0.0008061333792284131,0.00024103846226353198,0.0006840491550974548,-0.001135070575401187,-4.602921990226605e-07,-0.005753880366683006
0.0009467062191106379,-0.0007164687849581242,-0.0033570786472409964,-0.0004468071856535971,-0.00034654687624424696,-0.0017363395309075713,-0.0017044608248397708,-0.004282485693693161
0.0009051609085872769,-0.0005854163900949061,-0.001022558775730431,-0.0007017712923698127,-0.0003787389723584056,-0.0009095646673813462,-0.0017650325316935778,-0.005241619423031807
-0.002356369746848941,-0.0002203206968260929,0.00047432471183128655,0.00010956502228509635,-0.0004742130695376545,-0.0010803607292473316,-0.0020921891555190086,-0.004576938226819038
0.009392393752932549,0.0026042310055345297,0.006676476448774338,0.0022267098538577557,0.0006870480719953775,-0.00031840454903431237,0.0020285742357373238,-0.00026202521985396743
-0.0005916139925830066,0.0003142046625725925,-0.001262851757928729,-0.00069843465462327,0.0011618172284215689,0.00010982685489580035,-0.0012823956785723567,-0.0011185489129275084
0.0013586938148364425,-0.002933322452008724,0.00130824139341712,-0.001486978493630886,-0.0019568270072340965,-0.0019677262753248215,0.00043712795013561845,-0.001633864943869412
-0.003993055317550898,-0.0005472168559208512,-0.0018987089861184359,-0.00202522287145257,-0.0015933236572891474,-0.001424945890903473,-0.002622544066980481,-0.0015162284253165126
-0.00031003300682641566,0.001439730986021459,0.0001871272543212399,-0.0011337106116116047,0.0004900370840914547,0.0015565468929708004,0.0021420326083898544,-0.0029764496721327305
-0.0030177244916558266,-0.0008569840574637055,-0.004269746597856283,1.2007745681330562e-05,-0.0015925569459795952,-0.0009361582924611866,-0.0011306644883006811,-0.003318331902846694
-0.002127111656591296,0.0006473778048530221,-0.002087147906422615,-0.002824231283739209,0.0008540558046661317,0.003078164765611291,0.0007941043586470187,-0.005000165663659573
-0.002395391231402755,-0.0013386403443291783,-0.0008855484193190932,-0.0006934863049536943,-0.0014467881992459297,-0.0033660843037068844,-0.0023735305294394493,-0.003122783498838544
0.0001980241504497826,-0.0016508214175701141,-0.0022118801716715097,-0.000629094080068171,-0.0006457420531660318,-0.0009166928939521313,-0.003686336800456047,-0.007385049946606159
-0.003400640096515417,-0.0006660139770247042,-0.0020567458122968674,-0.00017494229541625828,-0.0010319428984075785,-0.0008598149288445711,-0.0026296349242329597,-0.00508664408698678
-2.4395242235186743e-06,-0.0022378466092050076,0.00019940832862630486,-0.001192056224681437,-0.0013007692759856582,0.00019141439406666905,-0.0044698771089315414,-0.006490758620202541
-0.0009103767806664109,-0.0004296677652746439,-0.003590485779568553,6.963936903048307e-05,-0.001138138584792614,-0.0003389128251001239,-0.004465817008167505,-0.004818497691303492
-0.0047042169608175755,-0.001405924092978239,-0.001237117568962276,-0.0009381300769746304,-0.0006430223002098501,0.0014495619107037783,-0.0008991491631604731,-0.007832851260900497
-0.005003056488931179,-0.001743930159136653,-0.0005946893361397088,-0.00010686659516068175,-0.0014848433202132583,-0.0004813775885850191,-0.0044992296025156975,-0.004192075226455927
-0.0020125270821154118,-0.0008953306241892278,-0.0024762859102338552,0.00018902320880442858,-0.0003333511995151639,-0.0006523022893816233,-0.004201782401651144,-0.005258507560938597
-0.002802089089527726,-0.0009135193540714681,-0.0020273621194064617,-0.001220065401867032,-0.0004907799302600324,-0.0005003460100851953,-0.004177794326096773,-0.004968367516994476
-0.00037899415474385023,-0.002966915722936392,-0.0014807716943323612,-0.0017685957718640566,-0.0010481160134077072,-0.0018190473783761263,-0.005022432655096054,-0.005503988359123468
-0.0010408915113657713,-0.0002536783867981285,-0.0027949220966547728,-0.000274581165285781,-0.0013562615495175123,-0.0006651958101429045,-0.004891162272542715,-0.005993722006678581
-0.0031124521046876907,-0.0008831933955661952,-0.000435702851973474,-0.0014140629209578037,-0.0013786103809252381,-0.0007619514362886548,-0.004034292884171009,-0.0066325487568974495
-0.001510673202574253,-0.0007758866995573044,-0.0008731770794838667,8.92032949195709e-06,-0.0011787801049649715,-0.0007086555124260485,-0.005526393186300993,-0.006066564936190844
-0.0013816411374136806,-0.0012561194598674774,-0.0025287216994911432,-0.0007691756472922862,-0.0009021969744935632,-0.0005120538407936692,-0.005094768479466438,-0.00786534883081913
6.175864655233454e-06,-0.0014859396032989025,-0.001357730943709612,-0.0015750175807625055,-0.0007492799777537584,-0.0007435890147462487,-0.004811339545994997,-0.008596927858889103
-0.0006919868174009025,-0.0005090162740088999,-0.0020154493395239115,-0.0002031267067650333,-0.0010362466564401984,-0.0005518491961993277,-0.00361649040132761,-0.008931463584303856
-0.0008455507922917604,-0.0009469854994677007,9.343819692730904e-05,-0.00098974141292274,-0.000989628373645246,-0.0002793985477183014,-0.004046333488076925,-0.010118730366230011
-0.0030290167778730392,-0.0005977849359624088,-0.0012803119607269764,-0.0002005001879297197,-0.001289296429604292,-0.0006611216231249273,-0.003946186043322086,-0.008041170425713062
-0.00066014239564538,-0.0018927967175841331,-0.0019066076492890716,-0.0026689437218010426,-0.0015509951626881957,-0.001980698201805353,-0.003001872915774584,-0.009220937266945839
-0.003076815279200673,-0.0010534245520830154,-0.0018436131067574024,-0.0007795987767167389,-0.0009631147258915007,-0.0006468536448664963,-0.003125505754724145,-0.0065879072062671185
-0.0018134235870093107,-0.0006519705639220774,6.354528159135953e-05,-0.00038102411781437695,0.0009559580939821899,-0.0004032128199469298,-0.0014617623528465629,-0.00514059467241168
6.384811422321945e-05,0.0012366861337795854,-0.0012504016049206257,-0.0004652858478948474,-0.0034222742542624474,-0.0002592727541923523,-0.0009172703139483929,-0.005140728782862425
0.001443568617105484,0.00027035383391194046,0.004090888425707817,-0.0020122239366173744,-0.0010778449941426516,-0.0005949417245574296,0.0003348870959598571,-0.0052747284062206745
0.0005508696776814759,0.00026589975459501147,0.0009782194392755628,-0.0017485457938164473,-0.0008584428578615189,-0.0009269672445952892,0.0011027257423847914,-0.002966772299259901
0.0011182415764778852,-0.0006417466211132705,-3.061648749280721e-05,0.00024092257081065327,-0.0012158870231360197,0.0017903301632031798,-4.5202872570371255e-05,-0.004424342419952154
0.003945908974856138,-0.0009213478770107031,0.0001460610656067729,-0.00036613366683013737,-0.001504856743849814,-0.000999240088276565,0.0011233699042350054,-0.003192753763869405
-0.003722694469615817,-7.137291686376557e-05,-0.0010092497104778886,-0.00010720323189161718,-0.00044032291043549776,-0.0022536194883286953,4.0637034544488415e-05,-0.0019551196601241827
-0.0016221421537920833,-0.0004990337765775621,0.00015701008669566363,0.00013446982484310865,0.0004855472652707249,-0.0009652699809521437,0.0015648285625502467,-0.002152033383026719
0.000920567661523819,0.0003695119812618941,-0.005248082801699638,-0.00022364009055308998,-0.0005068067112006247,-0.0017621670849621296,0.0006807992467656732,-0.0021255486644804478
-0.00015479091962333769,-0.0015752194449305534,-0.002327368827536702,-0.0018132958794012666,-0.0016431898111477494,-0.0020344234071671963,0.00013300306454766542,-0.0021334318444132805
0.0037047795485705137,0.002066132379695773,0.002875492675229907,0.0026301764883100986,0.003818753408268094,-0.0036617263685911894,0.002037938218563795,-0.0001164313216577284
0.0023531396873295307,0.00014744652435183525,0.0004685924213845283,0.00011830914445454255,0.002209807513281703,-0.0012612298596650362,0.00023361104831565171,0.00042524468153715134
-0.0026958573143929243,-0.0011411256855353713,-0.0006711525493301451,-0.00042588880751281977,-0.0013099604984745383,-0.002657783217728138,-0.0009902467718347907,-0.0006677880883216858
-0.006826026830822229,-0.0003139238397125155,-0.00021856337843928486,-8.665972563903779e-05,-0.00022831700334791094,0.0015550144016742706,-0.0015677895862609148,-0.0010278824483975768
-0.0007058175397105515,0.0030059022828936577,-0.001589612802490592,0.0001231760688824579,0.0006664842367172241,0.0011391841107979417,-0.000971975561697036,-0.001975104445591569
-0.0023950061295181513,0.0008633059915155172,-0.005963020492345095,0.0007990394369699061,0.00048399530351161957,0.004952943883836269,-0.0004099391517229378,-0.00379334413446486
-0.003273055888712406,-0.001778634381480515,-0.0007947200792841613,-0.0016807892825454473,-0.0008040738175623119,-0.0012007274199277163,0.0003406486939638853,-0.0031226440332829952
-0.0027554957196116447,-0.0019532821606844664,-0.0012229623971506953,1.9009336028830148e-05,-0.002692172536626458,-0.003332078456878662,-0.001276047551073134,-0.002409224398434162
0.0008175249677151442,-0.0018820889526978135,-0.004400135949254036,-0.0003507921064738184,0.0010079825296998024,0.0012269183062016964,-0.0022377774585038424,-0.004684091545641422
-0.003117505693808198,-0.0004795297281816602,-0.0028607395943254232,-0.00010700428538257256,-0.0007649086182937026,0.0009755475912243128,-0.0003275999042671174,-0.003973393235355616
-0.0012038327986374497,-0.002880558604374528,0.0002522362628951669,-0.0011949936160817742,-0.0018621075432747602,-0.0013427938101813197,-0.00260895024985075,-0.004973103757947683
-0.0009189429692924023,-0.00039518269477412105,-0.003295858856290579,-7.981353701325133e-05,-0.0012784862192347646,-0.0006093699485063553,-0.004807423334568739,-0.004237175919115543
-0.0033946034964174032,-0.00119196274317801,-0.0014620993752032518,-0.0014036421198397875,-0.00045881536789238453,0.0011817320482805371,-0.0019975202158093452,-0.00820666179060936
-0.004175588954240084,-0.0016598657239228487,-0.0006468636565841734,-0.0003911301610060036,-0.0016085200477391481,-0.0007651553023606539,-0.004210779443383217,-0.004469285719096661
-0.001427393057383597,-0.0002997107512783259,-0.0027747326530516148,-1.4517548152070958e-05,-0.00010076742910314351,-0.002342503285035491,-0.0035563206765800714,-0.004491278436034918
0.00018060512957163155,0.0008184954640455544,-0.0006814610096625984,0.0010210851905867457,-0.0010735056130215526,-0.0025864443741738796,-0.0014785656239837408,-0.0058004604652523994
0.00502274464815855,-0.00029081793036311865,0.0037583732046186924,-0.004253866150975227,0.001025659847073257,-0.0013826371869072318,-0.0007826358778402209,-0.004471414722502232
-0.003759881481528282,0.0004817727312911302,-0.0014732821146026254,-0.0012693756725639105,-0.001440795254893601,-0.0008083738503046334,-0.0030742762610316277,-0.002951184520497918
0.002156470902264118,-0.0027306259144097567,0.0034178218338638544,-0.001220080885104835,-0.0022575100883841515,-0.00011135017848573625,0.0007092492305673659,-0.004824399016797543
-0.002814396983012557,-0.0004120388184674084,-0.0023523566778749228,-0.0010461778147146106,-0.0017980854026973248,-0.0013268861221149564,-0.0026818602345883846,-0.0034964221995323896
0.00019020054605789483,-0.002113764639943838,-0.0001716647093417123,-0.00264854752458632,-0.0036509849596768618,-0.0015934384427964687,-0.00026666687335819006,-0.005568872671574354
-0.0012988895177841187,-0.0004890745622105896,-0.002933201380074024,-0.0005150541546754539,-0.0012144685024395585,-0.0012356615625321865,-0.0006837977562099695,-0.006310163531452417
0.0019915823359042406,-0.0011301973136141896,0.001263150479644537,-0.0033284276723861694,-0.0003946534125134349,-0.00182052340824157,0.0002450669417157769,-0.0060961018316447735
-0.0019737882539629936,-0.0010594450868666172,-0.0037569017149508,-0.0007867567474022508,-0.000579223211389035,-0.0016146828420460224,-0.001123491209000349,-0.004392340779304504
-0.0054528359323740005,-0.0010015923762694001,-0.00013312512601260096,-0.0009482186869718134,-0.0002673187991604209,0.0013942769728600979,-0.001737387734465301,-0.007880978286266327
-0.003493085503578186,-7.987787830643356e-05,-0.0016785807674750686,-0.0006016527768224478,-0.0013690307969227433,-0.0015703296521678567,-0.003606814192607999,-0.00322288298048079
-0.0012353680795058608,-0.0011992985382676125,-0.005610370542854071,-0.0016723701264709234,-0.001721753622405231,0.0006817847024649382,-0.002036287449300289,-0.0073233358561992645
0.0011648557847365737,-0.0007043813238851726,-0.004731528926640749,-0.0002941722923424095,0.0021761199459433556,0.0013746878830716014,-0.0003179166233167052,-0.006038982886821032
-0.002576578175649047,-0.0003435200487729162,-0.0005614232504740357,-0.0006304660928435624,-0.00014149921480566263,-0.0002420903620077297,-0.001560147968120873,-0.006264925468713045
-0.005205167457461357,-0.0010856421431526542,-0.00042238773312419653,-5.792480442323722e-05,-0.001684434711933136,-0.0004164731944911182,-0.0025468894746154547,-0.004707756917923689
-0.0009292907197959721,-0.0014660017332062125,-0.003161967033520341,-0.0012380164116621017,-0.0007969166617840528,-0.0007457900210283697,-0.004784266464412212,-0.007168687414377928
-0.00019207921286579221,-0.0011295538861304522,-0.004375551361590624,-0.0005086783785372972,-0.0009485200862400234,-0.0025331005454063416,-0.0005289510008879006,-0.0049607534892857075
0.0005055531510151923,-0.0010506266262382269,-0.0005294817965477705,-0.0019804842304438353,3.5957189538748935e-05,0.0005733392899855971,-0.003978933207690716,-0.005606519524008036
0.007231489289551973,0.00171094317920506,0.002637371188029647,0.0010825294302776456,0.0050078933127224445,-0.0008435979252681136,-0.0011081709526479244,-0.00011817988706752658
0.0016901702620089054,-0.001954283332452178,-0.0008059372776187956,-0.0001105701521737501,-0.0010698202531784773,0.000513631384819746,-0.0009970003738999367,-0.003734263591468334
-0.0063018715009093285,0.0023503093980252743,0.00101931591052562,0.00022794540564063936,-0.0010932695586234331,-0.0015687430277466774,-0.0012475121766328812,-0.002507526893168688
-0.002917913254350424,0.0006516328430734575,-0.0006982423947192729,0.0011723602656275034,-0.0005568029591813684,-0.0016067507676780224,-0.0022469121031463146,-0.004406018182635307
-0.0007959913928061724,-0.0008736718446016312,-0.0027924615424126387,0.0011642351746559143,0.001451488584280014,-0.0018343866104260087,-0.0019896053709089756,-0.003429517848417163
-0.0012660948559641838,0.0027459308039397,-0.0015793218044564128,-0.0022229880560189486,-6.44099127384834e-05,0.0032016478944569826,0.0016369713703170419,-0.008875353261828423
-0.0022624190896749496,-0.0015019926941022277,-0.0019203313859179616,-2.8681997719104402e-05,-0.0018629360711202025,-0.0035629505291581154,-0.001716855214908719,-0.0027660878840833902
0.000230917488806881,-0.0012499582953751087,-0.0036474335938692093,-0.0006062751053832471,0.002115147188305855,-0.001218175864778459,-0.0001524481049273163,-0.005999534856528044
-0.0012384888250380754,-0.00014078390086069703,-0.0025991108268499374,0.0008459294331260026,0.00024831798509694636,-0.0004169357125647366,0.0002058593527181074,-0.005896291695535183
-0.001839949982240796,-0.0016659111715853214,0.0002489058533683419,-0.00023023203539196402,6.025831316947006e-05,8.49680436658673e-05,-0.0025623352266848087,-0.0065421974286437035
-0.0014909839956089854,-2.9027991331531666e-05,-0.002147737657651305,-0.0005080379778519273,-0.001000213553197682,-0.0009081650641746819,-0.004342990927398205,-0.005195094738155603
-6.447743362514302e-05,-0.0010186778381466866,-0.002449298743158579,-0.0010358630679547787,-0.0008643695618957281,0.0002392968162894249,-0.003228037850931287,-0.00723342364653945
0.00011687763617374003,-0.0005294253351166844,-0.001831605564802885,-0.0010279291309416294,0.0010932813165709376,-0.0018294883193448186,-0.0034992003347724676,-0.005011976230889559
-0.0019361276645213366,6.82408717693761e-05,-0.0015447577461600304,0.00025874291895888746,-0.001098067732527852,-0.0016488246619701385,-0.002028165152296424,-0.004205731209367514
-0.006091889925301075,-0.002304126275703311,-0.0004886604729108512,-0.0004686425381805748,-0.0006146866362541914,0.0004673049843404442,-0.0037915536668151617,-0.006219544913619757
-0.0023663148749619722,0.00088695710292086,-0.0021246708929538727,-0.0014751756098121405,-0.0007836797158233821,-0.0015771486796438694,-0.004801452159881592,-0.004243201110512018
-0.0011513801291584969,-0.0030213475693017244,-0.002691333880648017,-0.002223919378593564,-0.0026955262292176485,-0.002133179223164916,-0.0017993876244872808,-0.002756160218268633
-0.0002753284643404186,0.0008041848195716739,-0.0028530063573271036,0.0014777756296098232,-0.0005179477739147842,-0.002527689328417182,0.00020545360166579485,-0.0037052331026643515
0.00035894138272851706,-0.0013123664539307356,0.0011683708289638162,-0.0007723064627498388,0.0014185095205903053,-0.0006985885556787252,-0.0027241231873631477,-0.0038066552951931953
0.005441197659820318,0.002258084947243333,-0.000791278260294348,-0.0020295896101742983,0.001919949078001082,-0.0006122055929154158,0.0003909419465344399,-0.002409284468740225
-0.002405943349003792,-0.000403277954319492,-0.0010213956702500582,-0.0009537334553897381,4.746113336295821e-05,-0.0017151017673313618,-0.000666158099193126,-0.0035975456703454256
0.002821717644110322,-0.0010318919084966183,0.0030035139061510563,-0.0005165858310647309,0.0009947805665433407,-0.0015960537130013108,0.001276894472539425,-0.004567390773445368
4.1163712012348697e-05,0.0004448514082469046,-0.0016408206429332495,-0.0009769872995093465,-0.0008715082658454776,-0.001996763050556183,-0.0008772382861934602,-0.0038338941521942616
-0.004114676266908646,-0.0026244528125971556,-0.0007596531650051475,-0.0011714027496054769,-0.0009133305284194648,-0.0004089180438313633,-0.0018257505726069212,-0.00563605735078454
-0.0030238607432693243,0.0018289802828803658,-0.0011683324119076133,-0.0014128414914011955,-0.00185184006113559,-0.0016219743993133307,-0.0035913288593292236,-0.0018482726300135255
0.0006898276624269783,-0.002157897688448429,-0.0012850940693169832,-0.0011591622605919838,-0.00310043478384614,-0.0015809052856639028,-0.00018444798479322344,-0.0022421875037252903
-0.005112451501190662,-0.0007576800417155027,-0.00012626413081306964,0.0021516084671020508,-0.0007411185069940984,0.0012310865567997098,0.00103471998590976,-0.000550455879420042
0.002841235138475895,-0.001213483395986259,0.006041569169610739,-0.0005082771531306207,0.0003378911060281098,-0.004271337296813726,0.0013065241510048509,0.0011170018697157502
-0.001681446679867804,0.0028487963136285543,0.010345504619181156,0.00027573981788009405,0.0025247219018638134,-0.0005438480875454843,0.0028072563000023365,0.0018090882804244757
0.0028873917181044817,0.0012115879217162728,0.0019798260182142258,0.004431620705872774,-0.0029884236864745617,0.0070121572352945805,0.0038626149762421846,0.0017418822972103953
0.00031683602719567716,0.0015914213145151734,-0.0008519915281794965,0.0024571181274950504,0.004889794159680605,0.003971634898334742,0.0017464797710999846,0.0008420252124778926
0.0013614461058750749,-0.002031332813203335,0.0019632393959909678,-0.0010631178738549352,-0.0036787069402635098,0.0014904175186529756,7.678396286792122e-06,0.002949813613668084
0.004686819389462471,-0.001021649339236319,0.0006960705504752696,0.0016911212587729096,0.0015989620005711913,-0.000433979817898944,0.005025154910981655,0.003600897267460823
-0.004214836284518242,4.44635734311305e-05,0.000939239573199302,3.700760134961456e-05,-0.00022720059496350586,-0.00012801615230273455,0.003840317949652672,0.001586311962455511
0.001795958261936903,-0.0009747253498062491,0.0014480900717899203,0.002338010584935546,0.0004813506093341857,-0.001127781462855637,0.003895167727023363,0.00290926662273705
0.0032114405184984207,0.0006485350895673037,-0.002758291084319353,0.003025094512850046,0.0007506206748075783,0.00021390295296441764,0.008978819474577904,0.005344622768461704
-0.002228231867775321,0.00048134184908121824,-0.0007186688599176705,-0.000714763649739325,-0.0012641102075576782,-0.001889903680421412,-0.0007946216501295567,0.0022549412678927183
0.002148204715922475,-0.0017857358325272799,0.0015235986793413758,0.0005251786205917597,0.000871820084284991,-0.001928902231156826,0.0006733672926202416,0.0030462946742773056
-0.0022685641888529062,-0.0016338289715349674,-0.001890846062451601,-0.0002621814201120287,-0.00016173309995792806,-0.0016920692287385464,-0.0011414311593398452,0.002777322195470333
0.0015074372058734298,-0.002039016457274556,0.0014985929010435939,-0.001814257469959557,-0.0026573946233838797,-0.002456263406202197,-0.0003850255161523819,0.005449539050459862
-0.0013650985201820731,-0.0013739445712417364,-0.003649629419669509,0.00021914797252975404,0.0007637144881300628,-0.0009233528398908675,-0.0010997321223840117,0.005572746507823467
-0.0032443946693092585,-0.0008376751793548465,0.0007714488892816007,0.0006351495394483209,-0.00012038130080327392,-0.0010775943519547582,0.0014852621825411916,0.0055058239959180355
0.0028276743832975626,0.001989149721339345,-0.00044570196769200265,0.0005627296632155776,-1.721981243463233e-05,-0.0012058267602697015,0.0005899061216041446,0.005363576579838991
0.001925045857205987,-0.001442070584744215,-0.005736734718084335,-0.0004050324787385762,-0.0015105110360309482,-0.002920854138210416,-0.00019034490105696023,0.005579096730798483
-0.0019089393317699432,0.0013707270845770836,0.0017326291417703032,0.005969023797661066,0.002872812794521451,-0.0014324503717944026,0.0025833151303231716,0.010398522950708866
-0.003465561196208,-0.0012025200994685292,0.0008483391720801592,3.45579392160289e-05,-0.0008806083351373672,0.0008040432003326714,-0.0006908638752065599,0.004877137020230293
-0.001154542900621891,0.001145596383139491,-0.000952644448261708,3.2867603295017034e-05,3.0382792829186656e-05,-0.0003075133136007935,-0.0011323974467813969,0.0007143368711695075
-0.0029827600810676813,-0.0033883636351674795,-0.0032270154915750027,-0.0028626471757888794,-0.0023153312504291534,-0.002053801901638508,-0.0021829388570040464,-0.0012036156840622425
-0.0009149403194896877,0.0011990598868578672,-0.002707941457629204,0.0009857439436018467,-0.00016389545635320246,-0.002619827399030328,0.0002603531756903976,-0.0005476282676681876
-0.0005071816849522293,-0.001791415037587285,0.004276332911103964,-0.0017447805730625987,0.002752112690359354,0.00030867059831507504,0.0011834559263661504,0.0022270448971539736
0.0003360036644153297,0.0014525828883051872,-0.0015143572818487883,-0.0046315304934978485,-0.002466566162183881,0.00012468770728446543,-0.0013728425838053226,-2.0133096768404357e-05
-0.0034828230272978544,-0.004054916091263294,-0.0012474760878831148,-0.00040036841528490186,-0.0007903232472017407,-0.0025970053393393755,-9.057079296326265e-06,-0.0013954094611108303
0.0015771661419421434,0.0016660797409713268,-0.003325466997921467,-0.005508224479854107,-0.00031535810558125377,-0.0007885359227657318,-2.7118776415591128e-05,-0.0010101126972585917
0.0004548122815322131,-0.0006236826884560287,-0.0015917695127427578,-0.0016167631838470697,-0.0015462478622794151,8.624144538771361e-05,-0.0004726460902020335,-0.0015245846007019281
-0.002610002178698778,-0.0005774223245680332,3.8592363125644624e-05,-0.0003493109252303839,0.0018012886866927147,-0.0014696386642754078,0.0006279617082327604,-0.0012374030193313956
0.0025869845412671566,-0.0009709090227261186,0.0012666237307712436,0.0012961355969309807,0.0036726254038512707,-0.0007566858548671007,0.0012593920109793544,0.0010801466414704919
-0.0004620625404641032,0.0013698601396754384,-0.0022697828244417906,5.300300836097449e-05,0.00029598537366837263,-0.0007574656629003584,0.0001667972101131454,-0.0010637975065037608
-0.0055480836890637875,-0.0031583216041326523,-0.0014402775559574366,-0.0007567115826532245,-0.00033503747545182705,-0.0006035699625499547,-0.0012619547778740525,-0.0025610565207898617
-0.001248990767635405,0.0029425695538520813,-0.0010244285222142935,-0.0030251042917370796,-0.0010865104850381613,-0.0015477304114028811,-0.0005633580731227994,-0.0016480855410918593
-0.0008259178139269352,0.0010220756521448493,-0.0072275251150131226,-0.0006365264416672289,-0.0011258483864367008,0.001193507807329297,0.0014532773056998849,-0.004765302408486605
-0.00043938818271271884,-0.0013141727540642023,-0.0003253273607697338,-0.003410159144550562,-6.010533616063185e-05,-0.0008238843875005841,0.00035819917684420943,-0.002843678230419755
0.002526742871850729,1.1477910447865725e-05,-0.0025810643564909697,0.0012117627775296569,0.0018843610305339098,-0.002140207914635539,0.0006364230066537857,-0.000734807166736573
-0.002358892932534218,-0.0008172217640094459,-0.002666913904249668,0.00029694288969039917,0.00039664522046223283,0.000653396244160831,-0.0005335768801160157,-0.0033343101385980844
-0.006255326792597771,-0.001960072899237275,-0.0005014932248741388,-7.369321247097105e-05,-0.001370599609799683,0.0004964330582879484,-0.0014309929683804512,-0.004177762661129236
-0.00018242717487737536,-0.0014328061370179057,-0.0028432593680918217,-0.00014309513790067285,0.0010551292216405272,-0.0015272893942892551,-0.0033756550401449203,-0.003926003351807594
-0.00025408618967048824,-0.00093791977269575,-0.004395387601107359,0.00013456016313284636,-0.0005786136607639492,-0.0008789798012003303,-0.00010221017873845994,-0.004119350109249353
-0.004246503580361605,-0.0019406084902584553,-0.0002892958582378924,-0.0017614272655919194,-0.0007717739790678024,0.0010589840821921825,2.8901078621856868e-05,-0.004520735237747431
-0.0019150808220729232,-0.0004844931827392429,-0.0011594262905418873,-6.718968052155105e-06,-0.0024136595893651247,-0.0003492586256470531,-0.0034862190950661898,-0.005053819622844458
-0.00353877991437912,-0.0007465261733159423,-0.004074928350746632,-0.00011504127905936912,-4.635531877283938e-05,0.0016241236589848995,-0.0015952055109664798,-0.006178888492286205
0.0008071981137618423,-0.0014994117664173245,-0.0006768293096683919,-0.0029572704806923866,0.0001774216943886131,-1.4287880730989855e-05,-0.0036432126071304083,-0.009139806032180786
-0.001691192388534546,-0.0004305365728214383,-0.0034764325246214867,0.00021762998949270695,-0.0013048500986769795,-0.0006029634387232363,-0.0035279104486107826,-0.004805996548384428
0.0006978735909797251,-0.0017341258935630322,0.00010484414087841287,-0.0032643843442201614,-4.22665380028775e-06,6.532845145557076e-05,-0.004045115318149328,-0.006696202792227268
-0.0025012949481606483,-0.0003346080775372684,-0.0022944468073546886,-0.00015680305659770966,-0.001738275634124875,-0.0007093970198184252,-0.0033030628692358732,-0.004672984592616558
-0.0007916557951830328,-0.001400378649123013,-0.00031533261062577367,-0.0012030148645862937,-0.0007313200039789081,0.0004109709698241204,-0.0035641079302877188,-0.008724316954612732
0.0009427762124687433,-0.0001052729130606167,-0.003356157336384058,-0.00017314475553575903,-4.2520616261754185e-05,-0.00042363404645584524,-0.004689899273216724,-0.008470302447676659
-0.004572958219796419,-0.0010343901813030243,-0.001580814365297556,-0.0006276877829805017,-0.0008852141909301281,-0.0003525052161421627,-0.003256821306422353,-0.0068197972141206264
-0.0027533553075045347,-0.0018873825902119279,-7.337565330090001e-05,-0.0006262905080802739,-0.0009259097860194743,-4.321703272580635e-06,-0.004141198005527258,-0.008010122925043106
-0.0034135484602302313,-0.0004595000937115401,-0.002200497779995203,-0.00028437114087864757,-0.000746014469768852,-0.0006927989888936281,-0.003636595793068409,-0.004188926424831152
0.0005877255462110043,-0.0003580485936254263,-0.000605779408942908,-0.002304141176864505,0.00046538689639419317,0.0011606637854129076,-0.002424514852464199,-0.010905252769589424
0.0020696946885436773,-3.945856951759197e-05,-0.005203860811889172,0.000848934636451304,0.001303734490647912,3.512777402647771e-05,-0.003519526682794094,-0.009067119099199772
7.230247865663841e-05,-0.00021151606051716954,-0.0013577921781688929,-0.0011022307444363832,-0.0005535172531381249,-0.001559618511237204,-0.001620848779566586,-0.008408117108047009
-0.005021755583584309,-0.0008311180863529444,-0.0006059248116798699,-0.00022341037401929498,-0.0006810163613408804,-0.00030712259467691183,-0.0031254771165549755,-0.007223543711006641
-0.0042349351570010185,-0.0005370360449887812,-0.0006307852454483509,-0.0001704186579445377,-0.0010331450030207634,-0.0006595759768970311,-0.00480952113866806,-0.0061041307635605335
-0.0022011836990714073,-0.0031154868192970753,-0.004083624109625816,-0.00190011877566576,-0.0019202940165996552,-0.0016471892595291138,-0.004341960418969393,-0.007091458886861801
-0.0032643917948007584,-0.0008319350308738649,-0.002517099492251873,-0.00027158900047652423,-0.0004912398871965706,-2.6535777578828856e-05,-0.0034443670883774757,-0.006585049442946911
-0.0002988701162394136,-0.0021051412913948298,0.00045005007996223867,-0.0019296187674626708,-0.0009605673840269446,-0.0017245188355445862,-0.0035737580619752407,-0.005479828920215368
-0.0028225556015968323,-0.0004357406869530678,-0.0024224871303886175,-0.0003424297028686851,-0.0015405613230541348,-0.0009107872610911727,-0.0037057846784591675,-0.0034419046714901924
-0.0029532841872423887,-0.001204532221890986,-0.00024068044149316847,-0.0025490466505289078,6.172575376695022e-05,0.0002714086731430143,-0.002027116948738694,-0.007674197666347027
-0.002890876028686762,-0.0007437073509208858,-0.0016459999606013298,1.8549984588389634e-06,-0.0018503465689718723,-0.0015370015753433108,-0.003455925965681672,-0.003500252030789852
-0.003790948074311018,-0.0012463558232411742,-0.0013287914916872978,-0.0009788894094526768,-0.0006395663949660957,0.00026750596589408815,-0.004916159901767969,-0.0068204402923583984
-0.0017012420576065779,-0.0013546356931328773,-0.001159070641733706,-0.0010813078843057156,-0.0013345443876460195,-0.0009541854960843921,-0.0051162876188755035,-0.005994943901896477
-0.0004178269882686436,-0.0023944999556988478,-0.002836002968251705,-0.0018675274914130569,0.00010184483835473657,-0.00020004279213026166,-0.006784122437238693,-0.007819224148988724
-0.0015039772260934114,-0.0004148771695327014,-0.0021572408732026815,-0.0006615155725739896,-0.0011119288392364979,-0.00027523637982085347,-0.003567672101780772,-0.007995703257620335
-0.004724252037703991,-0.0016664400463923812,-0.0005312425782904029,-0.0010616848012432456,-0.001347274286672473,-0.00042381248204037547,-0.004404737148433924,-0.006397527642548084
-0.0005958437686786056,-0.00048038194654509425,-0.0012924352195113897,-0.0005472105112858117,-0.0010610477766022086,-0.0009940153686329722,-0.006014983169734478,-0.006898090243339539
-0.00027068014605902135,-0.0012736022472381592,-0.0029548921156674623,-0.001828751410357654,-0.0006830318016000092,-0.0020759233739227057,-0.0022925434168428183,-0.0058880760334432125
-0.0009104728233069181,-0.0006209004786796868,-0.0011081068078055978,-0.0009672347223386168,-0.0006201427313499153,-0.0006364150904119015,-0.0026480318047106266,-0.008307251147925854
-0.005062241572886705,-0.0012590476544573903,-0.0009352081106044352,-0.0003710737219080329,-0.0010038141626864672,-0.00015635433373972774,-0.0037736559752374887,-0.006472939159721136
-0.0023418038617819548,-0.0004638614191208035,-0.001208396628499031,-0.0005225770873948932,-0.0007849966059438884,-0.0007396188448183239,-0.004538069479167461,-0.00783016812056303
-0.0012355411890894175,-0.0010139893274754286,-0.003493864554911852,-0.0011449283920228481,-0.0008248998201452196,-0.0003443832974880934,-0.003320181742310524,-0.007938015274703503
-0.0025529719423502684,-0.0013427487574517727,-0.0017498178640380502,-0.0011078219395130873,-0.0007677050889469683,0.00010615347127895802,-0.0034417915157973766,-0.008529365062713623
-0.004600580781698227,-0.0012987506343051791,-0.000920915394090116,-0.0010632701450958848,-0.0011947804596275091,-0.00027639351901598275,-0.004604017827659845,-0.005911089945584536
-0.0015038825804367661,-0.00371015933342278,-0.002656608819961548,-0.0018666493706405163,-0.00045689340913668275,-0.0008555289823561907,-0.005754438228905201,-0.0077977473847568035
-0.0016059046611189842,-0.0010222771670669317,-0.0029136217199265957,-0.0003027477068826556,-0.0006438438431359828,-0.00023297106963582337,-0.004377512261271477,-0.007053777109831572
0.0007665700395591557,-0.0015160769689828157,-0.0004598381055984646,-0.0028956460300832987,0.00020370534912217408,-0.0001533003378426656,-0.004780401475727558,-0.010050365701317787
-0.0028702309355139732,-0.00031608479912392795,-0.002200598828494549,-5.673210762324743e-05,-0.0016175903147086501,-0.00048053087084554136,-0.003910188563168049,-0.004852493293583393
-0.004308508243411779,-0.002078198129311204,-0.0005073676584288478,-0.0013928344706073403,-0.00032381407800130546,0.00017726243822835386,-0.0037813056260347366,-0.00754324859008193
3.286245191702619e-05,-0.0004500291252043098,-0.002728715306147933,-0.0007905505481176078,-0.0007785828202031553,-0.0014048739103600383,-0.00475609116256237,-0.006158106494694948
2.6488685762160458e-05,-0.0011152069782838225,-0.003138589207082987,-0.001303191646002233,-0.0008072419441305101,-0.0022173612378537655,-0.0009920086013153195,-0.005663169547915459
-0.0031147694680839777,0.00019152852473780513,-0.0006989059038460255,-0.0005244173225946724,-0.0006218620110303164,-0.0005595128168351948,-0.0012797039235010743,-0.0075439875945448875
-0.003972928039729595,-0.0016656954539939761,-0.0002501930866856128,-7.59667600505054e-05,-0.001526328269392252,-0.00013552262680605054,-0.004214235115796328,-0.005729766562581062
-0.0007828468224033713,-0.0007932462613098323,-0.00273908325470984,-0.0006149715627543628,-0.0007349865627475083,-0.0013856609584763646,-0.0038542738184332848,-0.006156895309686661
-0.0038322319742292166,-0.0009317624499090016,-0.0022358696442097425,-0.0009765562135726213,-0.00019811112724710256,0.001111190882511437,-0.002667549066245556,-0.007538580801337957
-0.0024165480863302946,-0.0018011466600000858,-0.0004710615030489862,-0.0009927402716130018,-0.001378426793962717,-0.001983674243092537,-0.0030496844556182623,-0.0046083261258900166
-0.0001913072046590969,-0.0012224421370774508,-0.003370389575138688,-0.00026549253379926085,-0.0006569806719198823,-0.0006899790605530143,-0.00472639873623848,-0.006973445415496826
-0.003696597181260586,-0.0006932696560397744,-0.0015026347246021032,-0.001029809471219778,-0.0008713744464330375,-0.0006468191859312356,-0.0041535357013344765,-0.006335633806884289
-0.0014873711625114083,-0.0022414233535528183,0.00013507176481653005,-0.001351019600406289,-0.0017977465176954865,-0.0011400863295421004,-0.00412311777472496,-0.005681576672941446
-0.0005754283629357815,-0.00024414394283667207,-0.003088077064603567,-4.244809679221362e-05,-0.0010628647869452834,-0.0012062066234648228,-0.0044419667683541775,-0.0049611167050898075
-0.0018204329535365105,-0.0004885459202341735,0.0007674974040128291,0.0011397519847378135,0.0011484595015645027,0.003332266816869378,-0.0015578920720145106,-0.0031847255304455757
-0.0007000158075243235,-0.004421457648277283,-0.0013697645626962185,0.0012267065467312932,-0.005776944104582071,0.0021658511832356453,-0.0006703303661197424,-0.004117459990084171
0.002927534282207489,0.006399334874004126,0.015136701054871082,-0.0006864666356705129,0.0019811552483588457,-0.007025814149528742,0.0027028911281377077,-0.003001352772116661
-0.006420527584850788,-9.991988190449774e-05,0.004563780501484871,-0.003573452588170767,-0.0015961133176460862,0.00035798363387584686,0.00013031420530751348,-0.0017043257830664515
0.0011187517084181309,-0.0033885184675455093,0.0004635156656149775,0.0041241939179599285,-0.0037761181592941284,0.007139122579246759,0.00018222854123450816,-0.001757394173182547
-0.00026999114197678864,-0.0011741414200514555,-0.002319131977856159,-0.00025701281265355647,0.00015773149789310992,-0.00045666415826417506,0.000983873032964766,-0.0020333933643996716
-0.0012616387102752924,-0.0013079148484393954,8.891140896594152e-05,-0.0017065011197701097,-0.0009035654948092997,-0.0010590708116069436,0.0016148622380569577,-0.0028226024005562067
0.0027624701615422964,0.00035898297210223973,-4.514860120252706e-05,0.00032157107489183545,0.002125099068507552,-0.0021612553391605616,0.002947970060631633,-9.999667963711545e-05
0.0006844409508630633,-0.0012374076759442687,-0.0026022756937891245,-0.00039304490201175213,6.91090026521124e-05,-0.0012351209297776222,0.005150803830474615,-0.0012342029949650168
-0.0018793883500620723,-0.0009117908193729818,0.002140333876013756,-0.0007520135259255767,0.0010792891262099147,-0.0009518744773231447,0.004322295542806387,-0.0009683863027021289
0.0011806805850937963,0.0019967276602983475,0.0007624886929988861,0.0004267012991476804,0.0008315194281749427,-0.0014364138478413224,0.0005908047896809876,-0.0006963185151107609
-0.0025935578159987926,-0.0009724425617605448,-0.003465240588411689,-0.0004560119705274701,-0.0003652710875030607,-6.6198299464304e-05,0.0006235747132450342,-0.0026092720218002796
-0.0022237857338041067,-8.099492697510868e-05,0.0003072907275054604,-0.0016584316035732627,0.0005522918072529137,0.002480994211509824,0.00021601766638923436,-0.0017819121712818742
0.0018207994289696217,-5.408894139691256e-05,-0.0037676531355828047,0.0008351069409400225,-0.0005335143068805337,-0.0003185985842719674,-0.00012910370423924178,-0.0008151555666700006
-3.6057950637768954e-05,-0.0008805747493170202,-0.004038303624838591,-0.0006709527224302292,0.0003449614450801164,0.001961309229955077,0.0013101245276629925,-0.0010864174691960216
-0.005777938291430473,-0.0011123457225039601,-0.0007604733691550791,-0.00017914909403771162,-0.0014075993094593287,0.0015741422539576888,0.00041968972072936594,-0.001379026914946735
-0.0071472544223070145,-8.564073505112901e-05,-0.0006148024694994092,0.0007819989114068449,-0.002064187778159976,0.001884786761365831,-0.001689102384261787,-0.002304414752870798
-0.0038691277150064707,0.0015330375172197819,-0.004887509159743786,0.0012280073715373874,0.00028036319417878985,0.003956370521336794,-0.00302521581761539,-0.002467487473040819
-0.0001688565535005182,-0.002984276507049799,-0.0055049872025847435,0.0006538323359563947,0.0007676370441913605,0.002035795710980892,-0.0038871122524142265,-0.0018415044760331511
0.0011714472202584147,-7.896334864199162e-05,-0.0055321925319731236,0.0011548795737326145,0.000124733240227215,0.004168197046965361,-0.0009498923900537193,-0.00104839401319623
0.00011624554463196546,-0.0005158001440577209,0.00042384598054923117,-0.0018911132356151938,0.00016661654808558524,0.0017319926992058754,-0.004066979978233576,-0.006674476899206638
0.0012404911685734987,-0.00023501362011302263,-0.0003952855186071247,0.00020234714611433446,0.0006528539233841002,0.00024338923685718328,-0.004992371425032616,-0.007816916331648827
0.0019700154662132263,-0.0005700045730918646,-0.0003156550519634038,-6.636282341787592e-05,0.0004506122204475105,0.0011473007034510374,-0.0021640239283442497,-0.004513758234679699
0.0008484124555252492,0.00087820237968117,-0.0009106580982916057,0.0011570453643798828,-0.0006920602754689753,0.0011426499113440514,-0.0009135404834523797,-0.004008054733276367
0.005781156476587057,0.0008365513640455902,0.004759459290653467,0.0013756020925939083,0.000190172519069165,-0.003032685723155737,0.0008724255603738129,-0.0021618350874632597
-0.0007090942817740142,-0.0015744264237582684,-0.0006800303817726672,-0.004135755822062492,-0.0011326352832838893,0.0018822269048541784,-0.0009116759174503386,-0.0019138249335810542
-0.0019396409625187516,-0.0025991566944867373,0.0014206594787538052,-0.0004288015188649297,-0.0015085474587976933,-0.0012777167139574885,0.0007649254985153675,-0.0021754326298832893
0.0006677609635517001,0.0011353332083672285,-0.0019593953620642424,-0.0006055739358998835,-0.0001675414969213307,0.0008729731198400259,0.0027025160379707813,-0.0020018061622977257
-3.640021168394014e-05,0.001560135162435472,-0.0007857829914428294,-0.0009538563899695873,0.0006966415094211698,-2.182347770940396e-06,0.0012000355636700988,-0.0020163694862276316
0.0023467899300158024,-0.0015142830088734627,0.0018698261119425297,-0.002687774831429124,0.002646815264597535,-0.002065342850983143,0.0016099666245281696,-0.00043648690916597843
-0.002094738418236375,-0.0015755880158394575,-0.0024471909273415804,0.0001905791141325608,-0.0007960782968439162,-0.0010581118986010551,0.0011381027288734913,-0.001947243814356625
0.002161305397748947,-0.0016517655458301306,0.001466686837375164,-0.002162208780646324,-0.003123259637504816,1.6895696717256214e-06,0.000437410781159997,-0.0008193686371669173
-0.0022016260772943497,-0.0003090263344347477,-0.002543236128985882,-0.0010643176501616836,-0.001137193408794701,-0.002161208773031831,-0.0010053790174424648,-0.000806876050774008
0.0024776854552328587,-0.0018262066878378391,0.0016266893362626433,-0.002154531655833125,-0.001613670727238059,-0.0011853750329464674,0.0002772306906990707,-0.000271172117209062
-0.0010403163032606244,-0.000623319239821285,-0.0032887673005461693,-0.002496618079021573,-0.0014617613051086664,-0.0013784010661765933,-0.0014904576819390059,-0.0005227937363088131
0.0011739125475287437,-0.0027732953894883394,0.0015452111838385463,-0.0024111976381391287,-0.0023142173886299133,-0.00253296853043139,0.0007686655153520405,0.0002809049328789115
-0.0023677849676460028,-0.000218696310184896,-0.0030036666430532932,-0.0012470076326280832,-0.00044807427912019193,-0.0007948598940856755,-0.0007778191356919706,0.001702400273643434
-0.003396066138520837,0.00024225501692853868,-0.0003072283579967916,-0.0003877025155816227,0.00030852126656100154,0.0010233235079795122,0.0008907548617571592,0.0020264266058802605
-0.004511717706918716,0.00042656544246710837,-0.001368490164168179,0.00028420909075066447,-0.0008721407502889633,0.001850315136834979,-0.0009057148708961904,0.0008573069935664535
0.0018001298885792494,0.00036327578709460795,-0.0033912602812051773,-0.00032791931880638003,0.0004226884339004755,0.0004995206836611032,0.002443656325340271,0.0009413894731551409
-0.004812071565538645,-0.0003892444947268814,-0.003529071807861328,0.0008980596321634948,-0.00015798071399331093,0.006372873671352863,0.00023895893536973745,-0.0011059370590373874
0.00030259022605605423,-0.0013421514304354787,0.0005259229801595211,-0.002083011670038104,0.0003252195892855525,-0.002481664763763547,-0.00018002284923568368,0.00147019955329597
-0.0005956706590950489,0.0003002099401783198,-0.0032324427738785744,0.0003667253768071532,-0.0010589465964585543,-0.001473075128160417,-0.0002647572255227715,-0.00218708417378366
-0.001837762538343668,-0.003069645492359996,5.236923607299104e-05,-0.001451032585464418,-0.00014371932775247842,0.0012238620547577739,-0.0013675689697265625,-0.004967546556144953
-0.003689445788040757,-0.0004254193336237222,-0.0013648206368088722,-0.001294391113333404,-0.0021665168460458517,-0.0009034945978783071,-0.003803701139986515,-0.0026835333555936813
-0.0006469369400292635,0.0025573489256203175,-0.002032172866165638,-0.00010636991646606475,0.00027217238675802946,0.002984659979119897,-0.0017228026408702135,-0.008944101631641388
-0.004210273735225201,-0.0009331992478109896,-0.001997774001210928,-0.0001389162935083732,-0.000841935514472425,-0.000617963494732976,-0.002362970495596528,-0.0045192185789346695
-0.0018487259512767196,-0.001595469075255096,-0.002152589149773121,-0.002044574823230505,0.0012642266228795052,-0.00339792319573462,-0.0034298014361411333,-0.0032709247898310423
-5.496259836945683e-05,-0.0008071237825788558,-0.0028287037275731564,0.0025024963542819023,-0.0017998736584559083,-0.0015119236195459962,-0.0007734359242022038,-0.004941522143781185
0.0009071920649148524,0.001082638162188232,0.006976590026170015,-0.003059344831854105,0.0006986305816099048,-0.0022732161451131105,-0.0005311132408678532,-0.005935195833444595
-0.0069841849617660046,-0.0005871214088983834,0.004599582403898239,-0.0011134246597066522,0.00035401605418883264,-0.0012360380496829748,-0.0018387975869700313,-0.003725784830749035
-0.0013867836678400636,-0.0018354010535404086,0.00034712383057922125,-0.0011598269920796156,-0.0008526585879735649,0.011011437512934208,0.0005169541691429913,-0.0008645515190437436
0.0006132411072030663,0.01423227321356535,0.0007978255162015557,0.0008181216544471681,0.007563961669802666,0.011915312148630619,0.0012548681115731597,-6.792001659050584e-05
0.001260003773495555,0.005025450140237808,0.005077307112514973,-0.0011943250428885221,-0.0005923909484408796,-6.43891398794949e-05,0.0013529227580875158,-0.0001160751999123022
-0.006176298949867487,0.0008502599084749818,0.0007537869969382882,0.0010064393281936646,-0.0017565371235832572,-0.0005654998240061104,0.009027931839227676,-0.00020674301777034998
0.0006574820727109909,-0.0030139698646962643,-0.0009399740374647081,0.002276734681800008,-0.004513292107731104,0.003194986842572689,-0.001005456200800836,-0.0016721603460609913
0.000637634249869734,-0.001648157718591392,-0.0018704035319387913,-0.0004356887948233634,-0.0020359039772301912,-0.0012526112841442227,0.0049490355886518955,0.00017836921324487776
-0.0003690591547638178,-0.0011154385283589363,-0.003062240779399872,-0.0016706048045307398,-0.00045650481479242444,-0.002002329332754016,0.0027511322405189276,6.022886009304784e-05
0.0019791219383478165,-0.0015004564775153995,0.002103514038026333,-0.001925277290865779,0.0020131110213696957,-0.0025312379002571106,0.0007076260517351329,0.0021498126443475485
-0.002331385388970375,-0.001585175865329802,-0.00016696489183232188,-0.0014099691761657596,1.578144474478904e-05,-0.0008135783136822283,0.003518231213092804,0.0021109923254698515
0.0013250474585220218,-0.002155843423679471,0.0013087908737361431,-0.0009815962985157967,-0.003955690190196037,-0.0003281375684309751,0.0004867284733336419,0.0027843269053846598
0.0019818430300801992,-0.0009991275146603584,-0.001994556747376919,0.00012093300756532699,-0.00023253521067090333,-0.0017566978931427002,-0.0005569736822508276,0.002977489260956645
0.004606758244335651,0.0008847534190863371,0.002328578382730484,0.00200909236446023,-0.001993226818740368,-0.0006006205221638083,0.0012766823638230562,0.0052479906007647514
-0.0014635114930570126,-0.0006230374565348029,0.00017650166410021484,1.783988409442827e-05,0.00041461220826022327,-0.0018445247551426291,-0.0008646193309687078,0.0044946856796741486
-0.0049415151588618755,-0.0006075782584957778,3.1502731872024015e-05,-2.966444480989594e-05,9.648039849707857e-05,-0.000460801791632548,-0.0003616019675973803,0.005961443297564983
-0.0044256169348955154,0.003634203691035509,-0.000620130100287497,0.00019503218936733902,0.0012453226372599602,0.0026858774945139885,0.00019053630239795893,0.006135714240372181
0.0021333799231797457,0.0013122700620442629,-0.003912307787686586,0.0004034615703858435,0.0007645043078809977,0.0010511716827750206,0.0037759982515126467,0.00722120888531208
0.001006653648801148,-0.00042914587538689375,-0.005016218405216932,0.00030080426950007677,0.0010183294070884585,0.0030543114989995956,0.0037636258639395237,0.004667033441364765
-0.003248558845371008,-0.0016951703000813723,-0.0007936309557408094,-0.0015737898647785187,-0.001754478202201426,-0.0011132523650303483,0.0015166926896199584,2.6179495762335137e-05
-0.004449122119694948,-0.0023695286363363266,-0.0005054082721471786,0.00038622866850346327,-0.003183188382536173,-0.0017932771006599069,-0.00039878045208752155,-0.0008502393029630184
0.0017919049132615328,-0.0012125794310122728,-0.004725234117358923,0.0001931719307322055,0.0004950272268615663,0.0011861283564940095,-0.0014503009151667356,1.3075163224129938e-05
-0.0026823654770851135,-0.0009226311231032014,-0.0038341591134667397,-0.0002512391365598887,-0.00029990365146659315,0.0007454726146534085,-0.001271053683012724,-0.0061723762191832066
-0.002993301721289754,-0.0028004327323287725,-0.00011704668577294797,-0.0012697733473032713,-0.0014986225869506598,-0.0009649177081882954,-0.0028478491585701704,-0.004895965103060007
0.001604186836630106,-0.0012288810685276985,-0.003955719992518425,0.0005832357564941049,-0.0006583256763406098,-0.0002347437693970278,-0.005627340171486139,-0.0055366987362504005
0.0005451645120047033,0.0004600074898917228,-0.0017409358406439424,0.0009687551064416766,-0.00018144847126677632,-0.0019640298560261726,-0.0008524895529262722,-0.004781291354447603
0.002347745466977358,0.0004418262105900794,0.0030566793866455555,-0.0028340336866676807,0.0024310096632689238,-0.00036553252721205354,-0.002774021588265896,-0.006570327095687389
-0.006042054854333401,-0.00021353023475967348,0.0005905012949369848,-0.0006158432806842029,-0.0009148886892944574,-0.0006796669331379235,-0.001978902146220207,-0.0048293909057974815
-0.004935713019222021,-0.0003408457268960774,0.00046898864093236625,-0.0008042944828048348,-0.00034900757600553334,-0.0003850713837891817,-0.0031397801358252764,-0.008020270615816116
-0.0030100918374955654,-0.0007574779447168112,-0.0030932840891182423,-0.0006351013435050845,-0.00040881201857700944,0.00028894172282889485,-0.004104938358068466,-0.006786881014704704
-0.0023326026275753975,-0.000563278968911618,-0.002240685047581792,-0.0013820480089634657,0.00021836475934833288,-0.0002191131206927821,-0.002324538305401802,-0.006778351031243801
-0.0009376484085805714,-0.0014572825748473406,-0.0012081488966941833,-0.0007882460486143827,-0.0010590370511636138,-0.0033325133845210075,-0.0028914092108607292,-0.003994285129010677
-0.002794560743495822,-0.0007143115508370101,-0.0011001459788531065,-0.0010699721751734614,-0.0011854938929900527,-0.002155885798856616,-0.0030006137676537037,-0.004270602483302355
-0.0022495752200484276,-0.0015579945174977183,-0.0004600890970323235,-0.0012897929409518838,-0.0012883814051747322,-0.0019689733162522316,-0.003483118722215295,-0.004956853110343218
-0.0005879063392058015,-0.0012989428360015154,-0.0026863887906074524,-0.0005950061022303998,-0.0007262588478624821,-0.0007327886414714158,-0.004740823060274124,-0.008030438795685768
-0.0032789113465696573,-0.0007018268224783242,-0.0016963114030659199,-0.000916187244001776,-0.0010987783316522837,-0.0006727336440235376,-0.004775735549628735,-0.006697177421301603
-4.830675607081503e-05,-0.002055842662230134,-3.860074866679497e-05,-0.0011775509919971228,-0.0016589276492595673,-0.0006039093714207411,-0.0060681868344545364,-0.006470909807831049
-0.00025834806729108095,-0.00033628137316554785,-0.0031808980274945498,-1.362535658699926e-05,-0.0012580396141856909,-0.0008603143505752087,-0.00459801172837615,-0.00556341465562582
-0.0011301275808364153,-0.001035287044942379,-0.0005545082967728376,-0.001721181906759739,-0.0004775254346895963,-4.221137999138591e-07,-0.003150749718770385,-0.007555834483355284
-0.000750547565985471,-0.0006644097738899291,-0.0005406929994933307,1.3841196050634608e-05,-0.0004016829188913107,-0.0002106706378981471,-0.004849283490329981,-0.00922184344381094
-0.004774709232151508,-0.0013444103533402085,-0.0017534698126837611,-0.0008455344941467047,-0.001210035989060998,-0.00027450162451714277,-0.004126685205847025,-0.006733375135809183
-0.002821212401613593,-0.0004615621000993997,-0.0004428300599101931,-0.00017898270743899047,-4.1464241803623736e-05,0.0017951895715668797,-0.003803847823292017,-0.01196819543838501
-0.002251847879961133,-0.0005311978748068213,-0.0025962188374251127,-0.0002605812915135175,-0.0007875587907619774,-0.0004889519768767059,-0.003950626589357853,-0.005404043942689896
-0.0036992556415498257,-0.0011688153026625514,-0.001297583687119186,-0.0014240735908970237,-0.0005298974574543536,-0.0001758322905516252,-0.0029369061812758446,-0.006388032343238592
-0.0026814874727278948,-0.0013380558229982853,-0.0009999364847317338,-0.0008067499147728086,-0.0013017607852816582,-0.001254386268556118,-0.004142590332776308,-0.005155217833817005
-0.002943299477919936,-0.0012565136421471834,-0.0012667060364037752,-0.0011001145467162132,-0.0010597491636872292,-0.0002534615923650563,-0.005006817635148764,-0.006754259578883648
-0.0018017967231571674,-0.001444129622541368,-0.0014311972772702575,-0.001488959533162415,-0.001309612300246954,-0.0006980701582506299,-0.005079921334981918,-0.008287160657346249
-0.0011666681384667754,-0.0011751168640330434,-0.0018132067052647471,-0.0013509541749954224,-0.0013566577108576894,-0.0008043588604778051,-0.005503322463482618,-0.007688311859965324
-0.0014747425448149443,-0.0007845025975257158,-0.0014145458117127419,-0.0011083426652476192,-0.0014803505036979914,-0.00077886285725981,-0.0055285729467868805,-0.007409469690173864
-0.003920319490134716,-0.0010120111983269453,-0.001103025977499783,-0.0011238135630264878,-0.0013689730549231172,-0.0004579442320391536,-0.005461792461574078,-0.006641710177063942
-0.0036176666617393494,-0.0017110429471358657,-0.0010345956543460488,-0.0008992679649963975,-0.0012200473574921489,0.00022458218154497445,-0.006753233261406422,-0.00789726059883833
-0.002644329098984599,-0.001153523102402687,-0.001688152551651001,-0.0008205266785807908,-0.0009970972314476967,0.00024811227922327816,-0.006372110918164253,-0.007777369115501642
-0.0037887347862124443,-0.0010781313758343458,-0.001069028745405376,-0.0012298866640776396,-0.0010963198728859425,-0.00035193629446439445,-0.005808217916637659,-0.007260410580784082
-0.0004880529595538974,-0.001986423507332802,-0.0011604571482166648,-0.0014844319084659219,-0.001616851077415049,-0.0010046347742900252,-0.005323910620063543,-0.00733978021889925
0.0003415397659409791,-0.0006083321641199291,-0.002991989254951477,-0.0005936964880675077,-0.0008279603789560497,-0.0005981190479360521,-0.005085419863462448,-0.00792955793440342
-0.002942509250715375,-0.000122053075756412,-0.0009872207883745432,-0.0010817608563229442,-0.0011930972104892135,-0.000723067729268223,-0.0036140689626336098,-0.0077658300288021564
-0.0021482373122125864,-0.0022866225335747004,-2.2028614694136195e-05,-0.0004354981065262109,-0.0016250350745394826,-0.00039515033131465316,-0.00582780409604311,-0.006612799130380154
-0.003290406195446849,-0.0008203512988984585,-0.0016162937972694635,-0.0001838173920987174,-0.0009082307806238532,-0.000392283865949139,-0.005887510720640421,-0.00615350529551506
0.000256405386608094,-0.0013820237945765257,-0.0007039055344648659,-0.0013329236535355449,-0.00016533676534891129,-0.00024290075816679746,-0.004544737283140421,-0.008130851201713085
-0.0008066713344305754,-0.00029631436336785555,-0.002701645717024803,-0.0003235265612602234,-0.0012459586141631007,-0.00020477607904467732,-0.005157520994544029,-0.006616635713726282
-0.002496920758858323,-0.0008305729716084898,-0.0006405074382200837,-0.001662639551796019,-0.0011284946231171489,-0.0007297137635760009,-0.003869999898597598,-0.0076689100824296474
-0.003740899497643113,-0.0008207392529584467,-0.0008584407041780651,-7.823907071724534e-05,-0.0011425488628447056,-0.0007146906573325396,-0.004728048574179411,-0.005309141706675291
-0.0030268889386206865,-0.001110930577851832,-0.0017431901069357991,-0.0008835725602693856,-0.0009203744702972472,0.00028625677805393934,-0.0053329491056501865,-0.009261539205908775
-0.0014908384764567018,-0.0011472865007817745,-0.0024423878639936447,-0.0009826883906498551,-0.0008057181257754564,-0.0001372847764287144,-0.004671782720834017,-0.008733510039746761
-0.003132182639092207,-0.001006776001304388,-0.0012999192113056779,-0.00139251456130296,-0.0013451187405735254,-0.0006171349668875337,-0.0053573292680084705,-0.007320931181311607
-0.003924774006009102,-0.0015054107643663883,-0.0008058270323090255,-0.0015968744410201907,-0.0012609544210135937,-1.3920906894782092e-05,-0.005620835814625025,-0.007387813180685043
-0.00322868674993515,-0.001047829631716013,-0.0011015727650374174,-0.0009587153908796608,-0.0009727813885547221,-0.00036336187622509897,-0.005663728807121515,-0.006629700772464275
-0.0012078770669177175,-0.0033790573943406343,-0.0026057222858071327,-0.001984670292586088,-0.0005125062307342887,-0.001224794890731573,-0.005945532117038965,-0.0065649827010929585
-0.0028760090935975313,-0.0004348710644990206,-0.0019272345816716552,-0.001057382789440453,-0.0014228522777557373,-0.00044409933616407216,-0.00573623226955533,-0.006841429974883795
-0.003087336663156748,-0.00224448274821043,-0.00014157348778098822,-0.001421890570782125,-0.0018793828785419464,-0.000635640521068126,-0.005345889367163181,-0.006470934953540564
-0.0027682266663759947,-0.00029099220409989357,-0.0017816268373280764,-6.110662798164412e-05,-0.0014779845951125026,-0.0008281387854367495,-0.004787626676261425,-0.0041078985668718815
-0.0027267199475318193,-0.0010883510112762451,-0.0011458378285169601,-0.000907147245015949,2.853049045370426e-05,4.014202568214387e-05,-0.005923788994550705,-0.0067347390577197075
-0.0005618067225441337,-0.0015775077044963837,-0.0016663684509694576,-0.0013023695209994912,-0.0013489434495568275,-0.0008262725896202028,-0.005324936471879482,-0.00688560027629137
-0.0009156167507171631,-0.000465375924250111,-0.0019149535801261663,-0.0010444929357618093,-0.0013507510302588344,-0.0010901117930188775,-0.005494017619639635,-0.006732439622282982
-0.0017769120167940855,-0.0006290338933467865,-0.0007307901396416128,-0.001561405835673213,-0.001663157599978149,-0.0009410881320945919,-0.005311517510563135,-0.007382646203041077
-0.004495651461184025,-0.0010371519019827247,-0.0010773383546620607,-0.0004612971097230911,-0.0010798609582707286,-0.00041302695171907544,-0.005375225562602282,-0.005967369768768549
-0.00139465625397861,-0.0010871487902477384,-0.0013223252026364207,-0.0006360371480695903,-0.000777299574110657,-0.00015576485020574182,-0.005810817703604698,-0.009090627543628216
-0.0030626370571553707,-0.0010186940198764205,-0.001852276618592441,-0.0008497413364239037,-0.0009976719738915563,-0.0002030727337114513,-0.005985170137137175,-0.007291341200470924
-0.0007599709206260741,-0.0017400749493390322,-0.0009241787483915687,-0.0014510212931782007,-0.0011288768146187067,-0.0007054276065900922,-0.005188028793781996,-0.007741138339042664
-0.0026234672404825687,-0.0004230598278809339,-0.001588872168213129,-0.0006344182183966041,-0.0012847947655245662,-0.0005171968950890005,-0.005563156213611364,-0.005492003168910742
-0.0005024994607083499,-0.0017387877451255918,-0.0008523794822394848,-0.001361005357466638,-0.0009422168368473649,-0.0007888376130722463,-0.005252606701105833,-0.007953863590955734
7.90675258031115e-05,-0.00025046433438546956,-0.0027195834554731846,-0.0001363066548947245,-0.0007162225083447993,-0.000565134163480252,-0.00466401781886816,-0.008182455785572529
-0.002796372165903449,-0.000682374753523618,-0.001182722975499928,-0.0010109333088621497,-0.001018899492919445,-0.0002620368904899806,-0.004031368996948004,-0.008598728105425835
-0.004649287089705467,-0.001966708805412054,-0.0007595833158120513,-0.0008144632447510958,-0.0013581220991909504,-0.0002376428310526535,-0.005800157785415649,-0.0071067060343921185
-0.0031955281738191843,-0.0009415799868293107,-0.0013328497298061848,-0.00028288966859690845,-0.0008793709566816688,-0.00016835672431625426,-0.006212989799678326,-0.007426368538290262
-0.001964777475222945,-0.000863195862621069,-0.0021637463942170143,-0.000882683671079576,-0.00024748974828980863,6.561530608450994e-05,-0.004871184937655926,-0.008138286881148815
-0.003349215956404805,-0.0009663559612818062,-0.0010126348352059722,-0.001590328523889184,-0.0012407397152855992,-0.00039999012369662523,-0.005558496806770563,-0.006769728846848011
-0.003027052851393819,-0.0009379048715345562,-0.0007765799527987838,-0.0017333782743662596,-0.0012445967877283692,-0.00035393316647969186,-0.005673759616911411,-0.007124259602278471
-0.002561102854087949,-0.0009218288469128311,-0.0012148688547313213,-0.0014054024359211326,-0.0011719783069565892,-0.0003395490057300776,-0.006014932878315449,-0.0068862587213516235
-0.003240506164729595,-0.0008258629823103547,-0.0010109234135597944,-0.001752746058627963,-0.0012714645126834512,-0.00039553153328597546,-0.006099334452301264,-0.007197974249720573
-0.0024593996349722147,-0.0007983326213434339,-0.0009767480660229921,-0.0018079654546454549,-0.00140557496342808,-0.0004952921299263835,-0.006288161501288414,-0.007228193338960409
-0.002425303217023611,-0.0007114633335731924,-0.0013639340177178383,-0.0016025843797251582,-0.001310921274125576,-0.0003447003255132586,-0.006652566604316235,-0.0068847984075546265
-0.0002979938581120223,-0.0017115422524511814,-0.0014603253221139312,-0.0015075871488079429,-0.0014704373897984624,-0.0009472297970205545,-0.005800093524158001,-0.007276871241629124
-0.0029544245917350054,-0.0004002218774985522,-0.0017709190724417567,-0.0010883703362196684,-0.0014194067334756255,-0.0007704676827415824,-0.005803835578262806,-0.006854994222521782
-0.004489893093705177,-0.0021006641909480095,-0.0004194523789919913,-0.001276702620089054,-0.001668352517299354,-0.0005282414495013654,-0.006124057807028294,-0.00667104497551918
-0.0012411483330652118,-0.000924731430131942,-0.0017083906568586826,3.5254819522378966e-05,-0.0007807317306287587,-0.0006792228668928146,-0.0061410474590957165,-0.006063222419470549
-0.0016683691646903753,-0.000741838535759598,-0.002064104424789548,-0.0010311468504369259,-0.00017815343744587153,-0.0005518103134818375,-0.005495984107255936,-0.006730562075972557
-0.002429189393296838,-0.0009130542748607695,-0.0009319218806922436,-0.0018230846617370844,-0.001755130011588335,-0.0009998675668612123,-0.005794340744614601,-0.007209588773548603
-0.0034297374077141285,-0.0007529291324317455,-0.0011392035521566868,-0.0011476761428639293,-0.0012321318499743938,-0.00047253668890334666,-0.006057843565940857,-0.006509591359645128
-0.0032024465035647154,-0.0013813242549076676,-0.0010704348096624017,-0.0011648115469142795,-0.0012708882568404078,-0.00010088518320117146,-0.006631070747971535,-0.007956692948937416
-0.00023441313533112407,-0.0015153796412050724,-0.001957855187356472,-0.000991419074125588,-0.0010546926641836762,-0.0010841208277270198,-0.00521027622744441,-0.006943431682884693
-0.0014537579845637083,-0.0006461348966695368,-0.001836915616877377,-0.0012006353354081511,-0.0013322170125320554,-0.0005724868387915194,-0.005935514345765114,-0.008521544747054577
-0.0037678249645978212,-0.0007482056389562786,-0.0005017558578401804,-0.0016053980216383934,-0.0015350938774645329,-0.001115352613851428,-0.005169048439711332,-0.006554329302161932
-0.003272345755249262,-0.0011884227860718966,-0.0008165027829818428,1.9100385543424636e-05,-0.0009219502680934966,-0.0006754759815521538,-0.00644708052277565,-0.006641272455453873
-0.00037988153053447604,-0.0009876912226900458,-0.002901886124163866,-0.0001540699158795178,-0.0004574270860757679,-0.00038113369373604655,-0.004930583294481039,-0.00796746090054512
-0.0024208102840930223,-0.0007033869624137878,-0.0016416432335972786,-0.0011159115238115191,-0.001056905835866928,-0.0009009490022435784,-0.005743720103055239,-0.007419852074235678
-0.001995703438296914,-0.0013821045868098736,-0.0005167985800653696,-0.001701036118902266,-0.0017819515196606517,-0.0010977988131344318,-0.005468730814754963,-0.007191736251115799
0.0003739437961485237,-0.0003753658093046397,-0.0022167020943015814,0.0002555845130700618,-0.0009205476962961257,-0.0009356335503980517,-0.00518604414537549,-0.006846629548817873
-0.0032954930793493986,-0.0007789246737957001,-0.0016224926803261042,-0.000817229098174721,-0.0007623205310665071,-0.0003870583022944629,-0.005069606471806765,-0.007742973975837231
-0.0048405625857412815,-0.0020834964234381914,-0.0004995992057956755,-0.001259751501493156,-0.001622923300601542,-0.0003302251279819757,-0.00540570355951786,-0.0063898093067109585
-0.0027025695890188217,-0.000688235682900995,-0.0015177568420767784,7.1969179771258496e-06,-0.0007425800431519747,-0.0007308237836696208,-0.005126274656504393,-0.004880969412624836
-0.0006284785340540111,-0.001044400967657566,-0.0014622719027101994,-0.0012211949797347188,6.623526132898405e-05,-0.0007830083486624062,-0.004711216781288385,-0.006378046236932278
-0.0008044916321523488,-0.0008370587020181119,-0.0018443390727043152,-0.0018440022831782699,-0.0013198773376643658,-0.0008230241946876049,-0.005643522832542658,-0.006939410697668791
-7.404423377010971e-05,-0.00032148536411114037,-0.0014066729927435517,-0.0015066990163177252,-0.0012318863300606608,-0.0011903319973498583,-0.004650348797440529,-0.008890977129340172
-0.003621610812842846,-0.0002015118661802262,-0.0009016586118377745,-0.0008338603656738997,-0.0014605018077418208,-0.000866793910972774,-0.0046070353128015995,-0.00614721467718482
0.0003192032454535365,-0.0013988205464556813,0.0002453835622873157,-0.0005386359407566488,-0.0005926957237534225,-0.000416395632782951,-0.0063605825416743755,-0.009173278696835041
-0.00032575707882642746,-0.0005748826079070568,-0.0029411744326353073,-0.0003711816680151969,-0.0014527662424370646,-0.0017430612351745367,-0.0033699783962219954,-0.006498700939118862
-0.0023204644676297903,-0.0007815880235284567,-0.0002150473155779764,-0.0019497654866427183,-0.00034725602017715573,-0.000153465720359236,-0.00339256739243865,-0.006761563941836357
-0.003988330252468586,-0.00066981470445171,-0.0006511564715765417,-8.501853153575212e-05,-0.0014870129525661469,-0.0006689778529107571,-0.004550773184746504,-0.004391313064843416
-0.0042650457471609116,-0.0005962566938251257,-0.0016852521803230047,-0.000490650360006839,-0.0005629851366393268,0.0007442848291248083,-0.005661729723215103,-0.008546565659344196
-0.0006206415710039437,-0.001300167990848422,-0.0020089808385819197,-0.0007740618893876672,-0.0002412158064544201,-0.0010707564651966095,-0.003524085972458124,-0.00739800650626421
-0.00100796390324831,-0.0011941012926399708,-0.0022901277989149094,-0.0014907830627635121,-0.0006415221141651273,-0.0010401731124147773,-0.004594915080815554,-0.008058694191277027
-0.0037184013053774834,-0.0007354344706982374,-0.0008663794142194092,-0.0016173134790733457,-0.0014169354690238833,-0.0009751341422088444,-0.004712886642664671,-0.006460497155785561
-0.0034150483552366495,-0.0017414032481610775,-0.0006265421397984028,-0.0008101440034806728,-0.001249397173523903,-0.00025503113283775747,-0.005497944541275501,-0.006357836537063122
-0.0030415374785661697,-0.0008190404041670263,-0.0014966567978262901,-0.00047724659088999033,-0.0008363574743270874,0.00013887544628232718,-0.005557319615036249,-0.006891610566526651
-0.0021536655258387327,-0.001150753814727068,-0.0013966284459456801,-0.0010635699145495892,-0.0007211324409581721,-0.00029184872983023524,-0.005500339902937412,-0.007136167958378792
-0.0033464073203504086,-0.0007920108619146049,-0.0011750460835173726,-0.0015405757585540414,-0.0014212343376129866,-0.00031117990147322416,-0.006015945691615343,-0.006400025449693203
-0.0007784359040670097,-0.0016025815857574344,-0.001243030303157866,-0.0013769674114882946,-0.001426261616870761,-0.0008601537556387484,-0.005724997725337744,-0.007664508186280727
-0.0015050554648041725,-0.0006295215571299195,-0.001917930436320603,-0.0010381836909800768,-0.0013828149531036615,-0.0006605953676626086,-0.0059187766164541245,-0.006625184323638678
0.00031517117167823017,-0.0015151062980294228,-0.0011312441201880574,-0.001602117670699954,-0.0007621955592185259,-0.0007277053664438426,-0.005092669744044542,-0.009181920439004898
-0.0005909855826757848,-0.0004315297701396048,-0.0022564223036170006,2.6670750230550766e-05,-0.0011172338854521513,-0.0004797305155079812,-0.003965479321777821,-0.007711931597441435
0.0010812253458425403,-0.0008271686965599656,0.0009248532587662339,-0.0010832652915269136,-0.0005326569662429392,-0.000694507674779743,-0.005162489600479603,-0.008448803797364235
-0.003898032708093524,-0.00041915278416126966,-0.0009679243667051196,-0.0003492675314191729,-0.0014791075373068452,-0.0007608362939208746,-0.0031924303621053696,-0.004912019241601229
-0.0023257937282323837,-0.0010053375735878944,0.00024164024216588587,-0.0005603793542832136,-0.00039589533116668463,0.00018399303371552378,-0.002121815923601389,-0.010662246495485306
-0.002202010713517666,-0.0008801346411928535,-0.0023142399732023478,-0.000600309984292835,-0.000650968577247113,-0.0006414974341169,-0.004638189449906349,-0.00543725723400712
-0.0025784806348383427,-0.0008489949395880103,-0.0010827932273969054,-0.0016471545677632093,0.00016447690722998232,-0.0003912196261808276,-0.0028200086671859026,-0.006418077275156975
-0.0022047681268304586,-0.0013396911090239882,-0.0007616421789862216,-0.0006285953568294644,-0.0013089205604046583,-0.002934797899797559,-0.0030294228345155716,-0.0034144134260714054
-0.0029573312494903803,-0.0009662591037340462,-0.0010408353991806507,-0.0010760847944766283,-0.001039269962348044,-0.001100047491490841,-0.004061349667608738,-0.005488636903464794
-0.0021643424406647682,-0.0010885068913921714,-0.0006842652219347656,-0.0014956897357478738,-0.0012271757004782557,-0.001222342369146645,-0.0043209926225245,-0.0060477000661194324
-0.0009444334427826107,-0.0013778519351035357,-0.0016930289566516876,-0.0014607944758608937,-0.0012284405529499054,-0.0007637198432348669,-0.005225405562669039,-0.007295497693121433
-0.0006692184251733124,-0.0008466248400509357,-0.001970255048945546,-0.001194953452795744,-0.0012750966707244515,-0.000990888918749988,-0.005240550264716148,-0.007763609755784273
0.0008108469191938639,-0.0004529637808445841,-0.0011078420793637633,-0.0006857665721327066,-0.0008562030852772295,-0.00014872859173920006,-0.0061117541044950485,-0.008640171959996223
-0.00033180450554937124,-0.00038652910734526813,-0.0014537808019667864,-1.9778408386628143e-05,-0.0011838905047625303,-0.0005902324337512255,-0.0036140906158834696,-0.008920950815081596
-0.0013678654795512557,-0.0008896409999579191,0.00046948573435656726,-0.0002045418950729072,-0.0008975524688139558,-0.00024473314988426864,-0.0038590217009186745,-0.008642153814435005
-0.005010669119656086,-0.0009849509224295616,-0.0008901185356080532,-7.669660408282652e-05,-0.001267228159122169,-0.0007512851734645665,-0.004911638330668211,-0.005816258955746889
-4.3513882701518014e-05,-0.00048532270011492074,-0.0009898076532408595,-0.00031746659078635275,-0.0005323437508195639,0.00019098306074738503,-0.003504670923575759,-0.010456692427396774
-0.0004128513392060995,-0.0012011545477434993,-0.005247768014669418,-0.0011551897041499615,-0.000736854737624526,-0.0010552247986197472,-0.002609792398288846,-0.00740886852145195
-0.001237189513631165,-0.0007639288669452071,-0.0014973512152209878,-0.0009979407768696547,-0.0003088611119892448,-0.00032706838101148605,-0.002055233810096979,-0.007962062954902649
0.0013966815313324332,-0.0006236339686438441,0.0010483068181201816,-0.00057942233979702,0.0005798006895929575,-0.0001591985346749425,-0.0026909701991826296,-0.008659829385578632
-0.003876530798152089,-0.0006674887263216078,-0.0013854742283001542,-0.0004170004394836724,-0.001052253763191402,-0.0008777531329542398,-0.0028364420868456364,-0.0045093088410794735
-0.000646690372377634,-0.0021655496675521135,0.0002269242104375735,-0.00211517745628953,-0.0008723456412553787,-0.001960783265531063,-0.0015733814798295498,-0.007451148238033056
-0.0001375528663629666,-0.0007644340512342751,-0.0031299563124775887,-0.0006406602333299816,-0.0013526647817343473,-0.0019174530170857906,-0.0014890676829963923,-0.006161343306303024
-0.004175623878836632,-0.0012560333125293255,-0.0005913928034715354,-0.0019202864496037364,-0.0006506708450615406,-0.00035933457547798753,-0.0024736046325415373,-0.006789596751332283
0.0014140558196231723,0.00013049122935626656,0.0002717373427003622,-0.0008712003473192453,-0.000470046594273299,-0.001216210308484733,-0.00529775395989418,-0.007359372451901436
-0.0008232725667767227,-0.0012597170425578952,-0.0032542776316404343,-0.00136442924849689,-0.0003916200657840818,-0.0020900024101138115,-0.0019472240237519145,-0.004429657943546772
-0.0008901644614525139,-0.0007546753622591496,0.00010068681149277836,-0.0016061600763350725,0.00034247461007907987,0.0013087703846395016,-0.0019687756430357695,-0.008235214278101921
0.00010613229096634313,0.0003871079534292221,-0.002423306927084923,0.0001194795040646568,0.0001527181884739548,-0.000319572543958202,-0.0027480637654662132,-0.007219963241368532
-0.0002209234662586823,-0.0010588502045720816,-0.0034775706008076668,-0.0012671363074332476,-0.0010982296662405133,-0.0012692107120528817,-0.0006099443999119103,-0.0072085922583937645
0.0004228860780131072,-0.0004407798405736685,-0.0013020316837355494,-0.0006526521756313741,0.0006497669382952154,-0.00045033555943518877,-0.0023445242550224066,-0.006607294548302889
-0.004011636599898338,-0.0008938579121604562,-0.001288990373723209,-0.0002984100137837231,-0.0005459631211124361,-0.0006430220091715455,-0.002192466286942363,-0.005176009610295296
-0.0018405670998618007,4.912985968985595e-05,-0.00010645658039720729,-0.0005326741375029087,-0.0002212905528722331,0.0008741428609937429,-0.0030397386290133,-0.007179697044193745
-0.000865783600602299,-0.0008718647877685726,-0.0036475779488682747,-0.0007801736937835813,-0.0009052314562723041,-0.0008999007404781878,-0.0032686388585716486,-0.006818912457674742
-0.002525852294638753,-0.0011734050931409001,-0.00201185024343431,-0.0008844365365803242,-0.0006032785167917609,0.0004597296065185219,-0.001821276848204434,-0.006835456471890211
-0.002389505272731185,-0.0008796995971351862,-0.0008180056465789676,4.6666613343404606e-05,-0.0007573808543384075,0.00041789867100305855,-0.0031522626522928476,-0.007433953694999218
-0.0027709873393177986,-0.0004563160182442516,-0.0027671901043504477,-0.0001302118762396276,-0.0006377720856107771,0.0004783714539371431,-0.0027102187741547823,-0.007119789719581604
-0.004892029333859682,-0.0008401646628044546,-0.0017135487869381905,-0.0006524987402372062,-0.0005805594846606255,0.0018815483199432492,-0.0021057541016489267,-0.008412676863372326
-0.0032509902957826853,-0.0012221215292811394,-0.0010774963302537799,-0.00034571639844216406,-0.0011021319078281522,-0.0010018795728683472,-0.00305946241132915,-0.005319054238498211
-0.0011272665578871965,-0.00040107397944666445,-0.003054790198802948,0.00014924808056093752,-0.0005920829134993255,0.001226163120009005,-0.00419735349714756,-0.008806683123111725
-0.0036559058353304863,-0.001041959854774177,-0.0016491025453433394,-0.0010239052353426814,-0.0010375760030001402,-0.00034994620364159346,-0.004017596133053303,-0.006078172475099564
-0.0016399070154875517,-0.001948481542058289,-0.00041760088060982525,-0.0010371170938014984,-0.001573218498378992,-0.0013820078456774354,-0.0038157606031745672,-0.00539831118658185
-0.0034633195027709007,-0.0007610605680383742,-0.0018286831909790635,-0.000336864817654714,-0.0012052846141159534,-0.0004358616133686155,-0.004456125665456057,-0.0051728952676057816
-0.0039017018862068653,-0.0017158325063064694,-0.0007809814997017384,-0.0010805913479998708,-0.0010121098021045327,0.00028373851091600955,-0.005793814081698656,-0.006953939329832792
-0.0017431792803108692,-0.001103139715269208,-0.0017563194269314408,-0.0005048419698141515,-0.0012127585941925645,-0.0008565179887227714,-0.005246954970061779,-0.005546984728425741
